<?xml version="1.0" encoding="UTF-8" ?>
<annotation>
  <folder>2022021009</folder>
  <filename>0210_jpg__yeti_daguang_0121__2022_01_21_14_04_04.avi_14.jpg</filename>
  <path>http://172.18.39.209:9000/aliimages/2022021009/0210_jpg__yeti_daguang_0121__2022_01_21_14_04_04.avi_14.jpg</path>
  <source>
    <database>Unknown</database>
  </source>
  <size>
    <width>642</width>
    <height>362</height>
    <depth>0</depth>
  </size>
  <segmented>0</segmented>
  <object>
    <name>chair_foot</name>
    <pose>Unspecified</pose>
    <truncated>0</truncated>
    <difficult>0</difficult>
    <bndbox>
      <xmin>2.27</xmin>
      <ymin>280.00</ymin>
      <xmax>212.73</xmax>
      <ymax>322.73</ymax>
    </bndbox>
  </object>
  <object>
    <name>table_foot</name>
    <pose>Unspecified</pose>
    <truncated>0</truncated>
    <difficult>0</difficult>
    <bndbox>
      <xmin>219.55</xmin>
      <ymin>134.09</ymin>
      <xmax>229.55</xmax>
      <ymax>208.18</ymax>
    </bndbox>
  </object>
  <object>
    <name>charger</name>
    <pose>Unspecified</pose>
    <truncated>0</truncated>
    <difficult>0</difficult>
    <bndbox>
      <xmin>482.73</xmin>
      <ymin>199.55</ymin>
      <xmax>514.55</xmax>
      <ymax>218.64</ymax>
    </bndbox>
  </object>
  <object>
    <name>wire</name>
    <pose>Unspecified</pose>
    <truncated>0</truncated>
    <difficult>0</difficult>
    <bndbox>
      <xmin>517.73</xmin>
      <ymin>94.09</ymin>
      <xmax>563.64</xmax>
      <ymax>191.82</ymax>
    </bndbox>
  </object>
  <object>
    <name>wire</name>
    <pose>Unspecified</pose>
    <truncated>0</truncated>
    <difficult>0</difficult>
    <bndbox>
      <xmin>571.36</xmin>
      <ymin>70.00</ymin>
      <xmax>589.09</xmax>
      <ymax>171.82</ymax>
    </bndbox>
  </object>
  <object>
    <name>wire</name>
    <pose>Unspecified</pose>
    <truncated>0</truncated>
    <difficult>0</difficult>
    <bndbox>
      <xmin>594.55</xmin>
      <ymin>62.27</ymin>
      <xmax>610.45</xmax>
      <ymax>164.55</ymax>
    </bndbox>
  </object>
</annotation>