<?xml version="1.0" encoding="UTF-8" ?>
<annotation>
  <folder>19700101-094025right_calibration_UP20210809.jpg</folder>
  <filename>19700101-094025right_calibration_UP20210809.jpg</filename>
  <path>http://172.18.39.209:9000/aliimages1999999975/19700101-094025right_calibration_UP20210809.jpg</path>
  <source>
    <database>Unknown</database>
  </source>
  <size>
    <width>642</width>
    <height>362</height>
    <depth>0</depth>
  </size>
  <segmented>0</segmented>
  <object>
    <name>plastic_toy</name>
    <pose>Unspecified</pose>
    <truncated>0</truncated>
    <difficult>0</difficult>
    <bndbox>
      <xmin>177.73</xmin>
      <ymin>39.55</ymin>
      <xmax>297.73</xmax>
      <ymax>245.00</ymax>
    </bndbox>
  </object>
  <object>
    <name>plastic_toy</name>
    <pose>Unspecified</pose>
    <truncated>0</truncated>
    <difficult>0</difficult>
    <bndbox>
      <xmin>473.64</xmin>
      <ymin>171.82</ymin>
      <xmax>496.82</xmax>
      <ymax>215.00</ymax>
    </bndbox>
  </object>
  <object>
    <name>plastic_toy</name>
    <pose>Unspecified</pose>
    <truncated>0</truncated>
    <difficult>0</difficult>
    <bndbox>
      <xmin>370.91</xmin>
      <ymin>196.82</ymin>
      <xmax>388.64</xmax>
      <ymax>217.73</ymax>
    </bndbox>
  </object>
  <object>
    <name>plastic_toy</name>
    <pose>Unspecified</pose>
    <truncated>0</truncated>
    <difficult>0</difficult>
    <bndbox>
      <xmin>136.82</xmin>
      <ymin>191.82</ymin>
      <xmax>208.64</xmax>
      <ymax>215.91</ymax>
    </bndbox>
  </object>
  <object>
    <name>plastic_toy</name>
    <pose>Unspecified</pose>
    <truncated>0</truncated>
    <difficult>0</difficult>
    <bndbox>
      <xmin>23.64</xmin>
      <ymin>168.64</ymin>
      <xmax>60.00</xmax>
      <ymax>220.00</ymax>
    </bndbox>
  </object>
  <object>
    <name>chair_base</name>
    <pose>Unspecified</pose>
    <truncated>0</truncated>
    <difficult>0</difficult>
    <bndbox>
      <xmin>70.00</xmin>
      <ymin>197.73</ymin>
      <xmax>135.91</xmax>
      <ymax>215.00</ymax>
    </bndbox>
  </object>
  <object>
    <name>dining_table</name>
    <pose>Unspecified</pose>
    <truncated>0</truncated>
    <difficult>0</difficult>
    <bndbox>
      <xmin>301.82</xmin>
      <ymin>55.00</ymin>
      <xmax>640.91</xmax>
      <ymax>212.73</ymax>
    </bndbox>
  </object>
  <object>
    <name>dining_table</name>
    <pose>Unspecified</pose>
    <truncated>0</truncated>
    <difficult>0</difficult>
    <bndbox>
      <xmin>0.00</xmin>
      <ymin>126.82</ymin>
      <xmax>241.82</xmax>
      <ymax>212.73</ymax>
    </bndbox>
  </object>
  <object>
    <name>wire</name>
    <pose>Unspecified</pose>
    <truncated>0</truncated>
    <difficult>0</difficult>
    <bndbox>
      <xmin>82.73</xmin>
      <ymin>92.73</ymin>
      <xmax>97.73</xmax>
      <ymax>136.82</ymax>
    </bndbox>
  </object>
</annotation>