<?xml version="1.0" encoding="UTF-8" ?>
<annotation>
  <folder>19700101-085138right_calibration.jpg</folder>
  <filename>19700101-085138right_calibration.jpg</filename>
  <path>http://172.18.39.209:9000/aliimages1999999974/19700101-085138right_calibration.jpg</path>
  <source>
    <database>Unknown</database>
  </source>
  <size>
    <width>642</width>
    <height>362</height>
    <depth>0</depth>
  </size>
  <segmented>0</segmented>
  <object>
    <name>plastic_toy</name>
    <pose>Unspecified</pose>
    <truncated>0</truncated>
    <difficult>0</difficult>
    <bndbox>
      <xmin>140.91</xmin>
      <ymin>130.00</ymin>
      <xmax>291.82</xmax>
      <ymax>228.64</ymax>
    </bndbox>
  </object>
  <object>
    <name>plastic_toy</name>
    <pose>Unspecified</pose>
    <truncated>0</truncated>
    <difficult>0</difficult>
    <bndbox>
      <xmin>410.91</xmin>
      <ymin>165.00</ymin>
      <xmax>460.00</xmax>
      <ymax>220.00</ymax>
    </bndbox>
  </object>
  <object>
    <name>dining_table</name>
    <pose>Unspecified</pose>
    <truncated>0</truncated>
    <difficult>0</difficult>
    <bndbox>
      <xmin>328.64</xmin>
      <ymin>90.91</ymin>
      <xmax>641.82</xmax>
      <ymax>215.00</ymax>
    </bndbox>
  </object>
  <object>
    <name>dining_table</name>
    <pose>Unspecified</pose>
    <truncated>0</truncated>
    <difficult>0</difficult>
    <bndbox>
      <xmin>58.64</xmin>
      <ymin>125.91</ymin>
      <xmax>181.82</xmax>
      <ymax>213.64</ymax>
    </bndbox>
  </object>
  <object>
    <name>chair_base</name>
    <pose>Unspecified</pose>
    <truncated>0</truncated>
    <difficult>0</difficult>
    <bndbox>
      <xmin>78.64</xmin>
      <ymin>200.91</ymin>
      <xmax>131.82</xmax>
      <ymax>216.82</ymax>
    </bndbox>
  </object>
</annotation>