<?xml version="1.0" encoding="UTF-8" ?>
<annotation>
  <folder>19700101-081307right_calibration_UP20210809.jpg</folder>
  <filename>19700101-081307right_calibration_UP20210809.jpg</filename>
  <path>http://172.18.39.209:9000/aliimages1999999975/19700101-081307right_calibration_UP20210809.jpg</path>
  <source>
    <database>Unknown</database>
  </source>
  <size>
    <width>642</width>
    <height>362</height>
    <depth>0</depth>
  </size>
  <segmented>0</segmented>
  <object>
    <name>wire</name>
    <pose>Unspecified</pose>
    <truncated>0</truncated>
    <difficult>0</difficult>
    <bndbox>
      <xmin>496.82</xmin>
      <ymin>10.00</ymin>
      <xmax>560.00</xmax>
      <ymax>107.73</ymax>
    </bndbox>
  </object>
  <object>
    <name>chair_base</name>
    <pose>Unspecified</pose>
    <truncated>0</truncated>
    <difficult>0</difficult>
    <bndbox>
      <xmin>488.64</xmin>
      <ymin>190.00</ymin>
      <xmax>612.73</xmax>
      <ymax>220.91</ymax>
    </bndbox>
  </object>
  <object>
    <name>plastic_toy</name>
    <pose>Unspecified</pose>
    <truncated>0</truncated>
    <difficult>0</difficult>
    <bndbox>
      <xmin>176.82</xmin>
      <ymin>133.64</ymin>
      <xmax>273.64</xmax>
      <ymax>227.73</ymax>
    </bndbox>
  </object>
  <object>
    <name>dining_table</name>
    <pose>Unspecified</pose>
    <truncated>0</truncated>
    <difficult>0</difficult>
    <bndbox>
      <xmin>390.91</xmin>
      <ymin>61.82</ymin>
      <xmax>640.91</xmax>
      <ymax>213.64</ymax>
    </bndbox>
  </object>
  <object>
    <name>metal_chair_foot</name>
    <pose>Unspecified</pose>
    <truncated>0</truncated>
    <difficult>0</difficult>
    <bndbox>
      <xmin>410.91</xmin>
      <ymin>202.73</ymin>
      <xmax>426.82</xmax>
      <ymax>213.64</ymax>
    </bndbox>
  </object>
</annotation>