<?xml version="1.0" encoding="UTF-8" ?>
<annotation>
  <folder>19700101-084747right_calibration_UP20210809.jpg</folder>
  <filename>19700101-084747right_calibration_UP20210809.jpg</filename>
  <path>http://172.18.39.209:9000/aliimages1999999975/19700101-084747right_calibration_UP20210809.jpg</path>
  <source>
    <database>Unknown</database>
  </source>
  <size>
    <width>642</width>
    <height>362</height>
    <depth>0</depth>
  </size>
  <segmented>0</segmented>
  <object>
    <name>plastic_toy</name>
    <pose>Unspecified</pose>
    <truncated>0</truncated>
    <difficult>0</difficult>
    <bndbox>
      <xmin>182.73</xmin>
      <ymin>105.00</ymin>
      <xmax>305.00</xmax>
      <ymax>245.91</ymax>
    </bndbox>
  </object>
  <object>
    <name>chair_base</name>
    <pose>Unspecified</pose>
    <truncated>0</truncated>
    <difficult>0</difficult>
    <bndbox>
      <xmin>333.64</xmin>
      <ymin>195.91</ymin>
      <xmax>405.91</xmax>
      <ymax>219.55</ymax>
    </bndbox>
  </object>
  <object>
    <name>wire</name>
    <pose>Unspecified</pose>
    <truncated>0</truncated>
    <difficult>0</difficult>
    <bndbox>
      <xmin>372.73</xmin>
      <ymin>70.00</ymin>
      <xmax>507.73</xmax>
      <ymax>116.82</ymax>
    </bndbox>
  </object>
  <object>
    <name>metal_chair_foot</name>
    <pose>Unspecified</pose>
    <truncated>0</truncated>
    <difficult>0</difficult>
    <bndbox>
      <xmin>609.55</xmin>
      <ymin>210.00</ymin>
      <xmax>640.91</xmax>
      <ymax>229.55</ymax>
    </bndbox>
  </object>
  <object>
    <name>metal_chair_foot</name>
    <pose>Unspecified</pose>
    <truncated>0</truncated>
    <difficult>0</difficult>
    <bndbox>
      <xmin>530.91</xmin>
      <ymin>206.82</ymin>
      <xmax>606.82</xmax>
      <ymax>221.82</ymax>
    </bndbox>
  </object>
  <object>
    <name>dining_table</name>
    <pose>Unspecified</pose>
    <truncated>0</truncated>
    <difficult>0</difficult>
    <bndbox>
      <xmin>372.73</xmin>
      <ymin>0.00</ymin>
      <xmax>640.91</xmax>
      <ymax>228.64</ymax>
    </bndbox>
  </object>
</annotation>