<?xml version="1.0" encoding="UTF-8" ?>
<annotation>
  <folder>19700101-082049right_calibration.jpg</folder>
  <filename>19700101-082049right_calibration.jpg</filename>
  <path>http://172.18.39.209:9000/aliimages1999999974/19700101-082049right_calibration.jpg</path>
  <source>
    <database>Unknown</database>
  </source>
  <size>
    <width>642</width>
    <height>362</height>
    <depth>0</depth>
  </size>
  <segmented>0</segmented>
  <object>
    <name>plastic_toy</name>
    <pose>Unspecified</pose>
    <truncated>0</truncated>
    <difficult>0</difficult>
    <bndbox>
      <xmin>323.64</xmin>
      <ymin>0.91</ymin>
      <xmax>617.73</xmax>
      <ymax>327.73</ymax>
    </bndbox>
  </object>
  <object>
    <name>dining_table</name>
    <pose>Unspecified</pose>
    <truncated>0</truncated>
    <difficult>0</difficult>
    <bndbox>
      <xmin>0.91</xmin>
      <ymin>43.64</ymin>
      <xmax>270.91</xmax>
      <ymax>218.64</ymax>
    </bndbox>
  </object>
</annotation>