<?xml version="1.0" encoding="UTF-8" ?>
<annotation>
  <folder>19700101-104518right_calibration_UP20210809.jpg</folder>
  <filename>19700101-104518right_calibration_UP20210809.jpg</filename>
  <path>http://172.18.39.209:9000/aliimages1999999975/19700101-104518right_calibration_UP20210809.jpg</path>
  <source>
    <database>Unknown</database>
  </source>
  <size>
    <width>642</width>
    <height>362</height>
    <depth>0</depth>
  </size>
  <segmented>0</segmented>
  <object>
    <name>dining_table</name>
    <pose>Unspecified</pose>
    <truncated>0</truncated>
    <difficult>0</difficult>
    <bndbox>
      <xmin>390.00</xmin>
      <ymin>55.91</ymin>
      <xmax>640.00</xmax>
      <ymax>218.64</ymax>
    </bndbox>
  </object>
  <object>
    <name>unknown</name>
    <pose>Unspecified</pose>
    <truncated>0</truncated>
    <difficult>0</difficult>
    <bndbox>
      <xmin>86.82</xmin>
      <ymin>0.00</ymin>
      <xmax>290.91</xmax>
      <ymax>236.82</ymax>
    </bndbox>
  </object>
</annotation>