<?xml version="1.0" encoding="UTF-8" ?>
<annotation>
  <folder>19700101-081627right_calibration.jpg</folder>
  <filename>19700101-081627right_calibration.jpg</filename>
  <path>http://172.18.39.209:9000/aliimages1999999974/19700101-081627right_calibration.jpg</path>
  <source>
    <database>Unknown</database>
  </source>
  <size>
    <width>642</width>
    <height>362</height>
    <depth>0</depth>
  </size>
  <segmented>0</segmented>
  <object>
    <name>plastic_toy</name>
    <pose>Unspecified</pose>
    <truncated>0</truncated>
    <difficult>0</difficult>
    <bndbox>
      <xmin>293.64</xmin>
      <ymin>110.00</ymin>
      <xmax>485.00</xmax>
      <ymax>241.82</ymax>
    </bndbox>
  </object>
  <object>
    <name>dining_table</name>
    <pose>Unspecified</pose>
    <truncated>0</truncated>
    <difficult>0</difficult>
    <bndbox>
      <xmin>370.00</xmin>
      <ymin>85.00</ymin>
      <xmax>641.82</xmax>
      <ymax>212.73</ymax>
    </bndbox>
  </object>
</annotation>