<?xml version="1.0" encoding="UTF-8" ?>
<annotation>
  <folder>19700101-091719right_calibration.jpg</folder>
  <filename>19700101-091719right_calibration.jpg</filename>
  <path>http://172.18.39.209:9000/aliimages1999999974/19700101-091719right_calibration.jpg</path>
  <source>
    <database>Unknown</database>
  </source>
  <size>
    <width>642</width>
    <height>362</height>
    <depth>0</depth>
  </size>
  <segmented>0</segmented>
  <object>
    <name>shoe</name>
    <pose>Unspecified</pose>
    <truncated>0</truncated>
    <difficult>0</difficult>
    <bndbox>
      <xmin>78.64</xmin>
      <ymin>190.91</ymin>
      <xmax>170.00</xmax>
      <ymax>230.00</ymax>
    </bndbox>
  </object>
  <object>
    <name>shoe</name>
    <pose>Unspecified</pose>
    <truncated>0</truncated>
    <difficult>0</difficult>
    <bndbox>
      <xmin>20.00</xmin>
      <ymin>190.00</ymin>
      <xmax>80.91</xmax>
      <ymax>227.73</ymax>
    </bndbox>
  </object>
  <object>
    <name>dining_table</name>
    <pose>Unspecified</pose>
    <truncated>0</truncated>
    <difficult>0</difficult>
    <bndbox>
      <xmin>83.64</xmin>
      <ymin>0.91</ymin>
      <xmax>311.82</xmax>
      <ymax>230.91</ymax>
    </bndbox>
  </object>
  <object>
    <name>cupboard</name>
    <pose>Unspecified</pose>
    <truncated>0</truncated>
    <difficult>0</difficult>
    <bndbox>
      <xmin>261.82</xmin>
      <ymin>160.00</ymin>
      <xmax>350.00</xmax>
      <ymax>215.91</ymax>
    </bndbox>
  </object>
  <object>
    <name>plastic_toy</name>
    <pose>Unspecified</pose>
    <truncated>0</truncated>
    <difficult>0</difficult>
    <bndbox>
      <xmin>383.64</xmin>
      <ymin>107.73</ymin>
      <xmax>470.00</xmax>
      <ymax>233.64</ymax>
    </bndbox>
  </object>
  <object>
    <name>plastic_toy</name>
    <pose>Unspecified</pose>
    <truncated>0</truncated>
    <difficult>0</difficult>
    <bndbox>
      <xmin>587.73</xmin>
      <ymin>130.91</ymin>
      <xmax>641.82</xmax>
      <ymax>220.00</ymax>
    </bndbox>
  </object>
  <object>
    <name>door_anno</name>
    <pose>Unspecified</pose>
    <truncated>0</truncated>
    <difficult>0</difficult>
    <bndbox>
      <xmin>505.00</xmin>
      <ymin>50.91</ymin>
      <xmax>556.82</xmax>
      <ymax>215.91</ymax>
    </bndbox>
  </object>
</annotation>