<?xml version="1.0" encoding="UTF-8" ?>
<annotation>
  <folder>19700101-092317right_calibration.jpg</folder>
  <filename>19700101-092317right_calibration.jpg</filename>
  <path>http://172.18.39.209:9000/aliimages1999999974/19700101-092317right_calibration.jpg</path>
  <source>
    <database>Unknown</database>
  </source>
  <size>
    <width>642</width>
    <height>362</height>
    <depth>0</depth>
  </size>
  <segmented>0</segmented>
  <object>
    <name>plastic_toy</name>
    <pose>Unspecified</pose>
    <truncated>0</truncated>
    <difficult>0</difficult>
    <bndbox>
      <xmin>371.82</xmin>
      <ymin>170.00</ymin>
      <xmax>440.00</xmax>
      <ymax>216.82</ymax>
    </bndbox>
  </object>
  <object>
    <name>plastic_toy</name>
    <pose>Unspecified</pose>
    <truncated>0</truncated>
    <difficult>0</difficult>
    <bndbox>
      <xmin>0.91</xmin>
      <ymin>0.91</ymin>
      <xmax>350.91</xmax>
      <ymax>340.91</ymax>
    </bndbox>
  </object>
  <object>
    <name>wire</name>
    <pose>Unspecified</pose>
    <truncated>0</truncated>
    <difficult>0</difficult>
    <bndbox>
      <xmin>318.64</xmin>
      <ymin>122.73</ymin>
      <xmax>362.73</xmax>
      <ymax>193.64</ymax>
    </bndbox>
  </object>
  <object>
    <name>metal_chair_foot</name>
    <pose>Unspecified</pose>
    <truncated>0</truncated>
    <difficult>0</difficult>
    <bndbox>
      <xmin>430.00</xmin>
      <ymin>200.91</ymin>
      <xmax>463.64</xmax>
      <ymax>215.00</ymax>
    </bndbox>
  </object>
  <object>
    <name>metal_chair_foot</name>
    <pose>Unspecified</pose>
    <truncated>0</truncated>
    <difficult>0</difficult>
    <bndbox>
      <xmin>475.91</xmin>
      <ymin>200.91</ymin>
      <xmax>513.64</xmax>
      <ymax>216.82</ymax>
    </bndbox>
  </object>
  <object>
    <name>door_anno</name>
    <pose>Unspecified</pose>
    <truncated>0</truncated>
    <difficult>0</difficult>
    <bndbox>
      <xmin>440.00</xmin>
      <ymin>13.64</ymin>
      <xmax>550.91</xmax>
      <ymax>212.73</ymax>
    </bndbox>
  </object>
  <object>
    <name>dining_table</name>
    <pose>Unspecified</pose>
    <truncated>0</truncated>
    <difficult>0</difficult>
    <bndbox>
      <xmin>430.91</xmin>
      <ymin>70.00</ymin>
      <xmax>580.91</xmax>
      <ymax>216.82</ymax>
    </bndbox>
  </object>
</annotation>