<?xml version="1.0" encoding="UTF-8" ?>
<annotation>
  <folder>19700101-082638right_calibration.jpg</folder>
  <filename>19700101-082638right_calibration.jpg</filename>
  <path>http://172.18.39.209:9000/aliimages1999999974/19700101-082638right_calibration.jpg</path>
  <source>
    <database>Unknown</database>
  </source>
  <size>
    <width>642</width>
    <height>362</height>
    <depth>0</depth>
  </size>
  <segmented>0</segmented>
  <object>
    <name>metal_chair_foot</name>
    <pose>Unspecified</pose>
    <truncated>0</truncated>
    <difficult>0</difficult>
    <bndbox>
      <xmin>537.73</xmin>
      <ymin>200.00</ymin>
      <xmax>601.82</xmax>
      <ymax>225.91</ymax>
    </bndbox>
  </object>
  <object>
    <name>plastic_toy</name>
    <pose>Unspecified</pose>
    <truncated>0</truncated>
    <difficult>0</difficult>
    <bndbox>
      <xmin>170.91</xmin>
      <ymin>37.73</ymin>
      <xmax>371.82</xmax>
      <ymax>275.91</ymax>
    </bndbox>
  </object>
  <object>
    <name>dining_table</name>
    <pose>Unspecified</pose>
    <truncated>0</truncated>
    <difficult>0</difficult>
    <bndbox>
      <xmin>0.91</xmin>
      <ymin>0.91</ymin>
      <xmax>362.73</xmax>
      <ymax>226.82</ymax>
    </bndbox>
  </object>
</annotation>