<?xml version="1.0" encoding="UTF-8" ?>
<annotation>
  <folder>19700101-082514right_calibration.jpg</folder>
  <filename>19700101-082514right_calibration.jpg</filename>
  <path>http://172.18.39.209:9000/aliimages1999999994/19700101-082514right_calibration.jpg</path>
  <source>
    <database>Unknown</database>
  </source>
  <size>
    <width>642</width>
    <height>362</height>
    <depth>0</depth>
  </size>
  <segmented>0</segmented>
  <object>
    <name>dining_table</name>
    <pose>Unspecified</pose>
    <truncated>0</truncated>
    <difficult>0</difficult>
    <bndbox>
      <xmin>131.82</xmin>
      <ymin>130.00</ymin>
      <xmax>238.64</xmax>
      <ymax>173.64</ymax>
    </bndbox>
  </object>
  <object>
    <name>door_anno</name>
    <pose>Unspecified</pose>
    <truncated>0</truncated>
    <difficult>0</difficult>
    <bndbox>
      <xmin>0.91</xmin>
      <ymin>22.73</ymin>
      <xmax>87.73</xmax>
      <ymax>153.64</ymax>
    </bndbox>
  </object>
  <object>
    <name>weight_scale</name>
    <pose>Unspecified</pose>
    <truncated>0</truncated>
    <difficult>0</difficult>
    <bndbox>
      <xmin>166.82</xmin>
      <ymin>215.00</ymin>
      <xmax>461.82</xmax>
      <ymax>310.91</ymax>
    </bndbox>
  </object>
  <object>
    <name>sofa</name>
    <pose>Unspecified</pose>
    <truncated>0</truncated>
    <difficult>0</difficult>
    <bndbox>
      <xmin>328.64</xmin>
      <ymin>86.82</ymin>
      <xmax>641.82</xmax>
      <ymax>218.64</ymax>
    </bndbox>
  </object>
</annotation>