<?xml version="1.0" encoding="UTF-8" ?>
<annotation>
  <folder>19700101-080610right_calibration_UP20210805.jpg</folder>
  <filename>19700101-080610right_calibration_UP20210805.jpg</filename>
  <path>http://172.18.39.209:9000/aliimages1999999974/19700101-080610right_calibration_UP20210805.jpg</path>
  <source>
    <database>Unknown</database>
  </source>
  <size>
    <width>642</width>
    <height>362</height>
    <depth>0</depth>
  </size>
  <segmented>0</segmented>
  <object>
    <name>dining_table</name>
    <pose>Unspecified</pose>
    <truncated>0</truncated>
    <difficult>0</difficult>
    <bndbox>
      <xmin>86.82</xmin>
      <ymin>34.55</ymin>
      <xmax>361.82</xmax>
      <ymax>222.73</ymax>
    </bndbox>
  </object>
  <object>
    <name>TV_stand</name>
    <pose>Unspecified</pose>
    <truncated>0</truncated>
    <difficult>0</difficult>
    <bndbox>
      <xmin>0.00</xmin>
      <ymin>180.00</ymin>
      <xmax>90.91</xmax>
      <ymax>207.73</ymax>
    </bndbox>
  </object>
  <object>
    <name>wallet</name>
    <pose>Unspecified</pose>
    <truncated>0</truncated>
    <difficult>0</difficult>
    <bndbox>
      <xmin>192.73</xmin>
      <ymin>202.73</ymin>
      <xmax>265.91</xmax>
      <ymax>233.64</ymax>
    </bndbox>
  </object>
</annotation>