<?xml version="1.0" encoding="UTF-8" ?>
<annotation>
  <folder>19700101-081510right_calibration.jpg</folder>
  <filename>19700101-081510right_calibration.jpg</filename>
  <path>http://172.18.39.209:9000/aliimages1999999974/19700101-081510right_calibration.jpg</path>
  <source>
    <database>Unknown</database>
  </source>
  <size>
    <width>642</width>
    <height>362</height>
    <depth>0</depth>
  </size>
  <segmented>0</segmented>
  <object>
    <name>plastic_toy</name>
    <pose>Unspecified</pose>
    <truncated>0</truncated>
    <difficult>0</difficult>
    <bndbox>
      <xmin>203.64</xmin>
      <ymin>120.00</ymin>
      <xmax>315.00</xmax>
      <ymax>226.82</ymax>
    </bndbox>
  </object>
  <object>
    <name>dining_table</name>
    <pose>Unspecified</pose>
    <truncated>0</truncated>
    <difficult>0</difficult>
    <bndbox>
      <xmin>0.91</xmin>
      <ymin>97.73</ymin>
      <xmax>225.91</xmax>
      <ymax>216.82</ymax>
    </bndbox>
  </object>
  <object>
    <name>shoe</name>
    <pose>Unspecified</pose>
    <truncated>0</truncated>
    <difficult>0</difficult>
    <bndbox>
      <xmin>490.91</xmin>
      <ymin>186.82</ymin>
      <xmax>550.00</xmax>
      <ymax>220.91</ymax>
    </bndbox>
  </object>
</annotation>