<?xml version="1.0" encoding="UTF-8" ?>
<annotation>
  <folder>19700101-090150right_calibration_UP20210809.jpg</folder>
  <filename>19700101-090150right_calibration_UP20210809.jpg</filename>
  <path>http://172.18.39.209:9000/aliimages1999999975/19700101-090150right_calibration_UP20210809.jpg</path>
  <source>
    <database>Unknown</database>
  </source>
  <size>
    <width>642</width>
    <height>362</height>
    <depth>0</depth>
  </size>
  <segmented>0</segmented>
  <object>
    <name>plastic_toy</name>
    <pose>Unspecified</pose>
    <truncated>0</truncated>
    <difficult>0</difficult>
    <bndbox>
      <xmin>195.00</xmin>
      <ymin>150.91</ymin>
      <xmax>341.82</xmax>
      <ymax>244.55</ymax>
    </bndbox>
  </object>
  <object>
    <name>chair_base</name>
    <pose>Unspecified</pose>
    <truncated>0</truncated>
    <difficult>0</difficult>
    <bndbox>
      <xmin>413.64</xmin>
      <ymin>191.82</ymin>
      <xmax>518.64</xmax>
      <ymax>221.82</ymax>
    </bndbox>
  </object>
  <object>
    <name>metal_chair_foot</name>
    <pose>Unspecified</pose>
    <truncated>0</truncated>
    <difficult>0</difficult>
    <bndbox>
      <xmin>594.55</xmin>
      <ymin>200.00</ymin>
      <xmax>615.00</xmax>
      <ymax>211.82</ymax>
    </bndbox>
  </object>
  <object>
    <name>metal_chair_foot</name>
    <pose>Unspecified</pose>
    <truncated>0</truncated>
    <difficult>0</difficult>
    <bndbox>
      <xmin>511.82</xmin>
      <ymin>203.64</ymin>
      <xmax>525.91</xmax>
      <ymax>210.91</ymax>
    </bndbox>
  </object>
  <object>
    <name>metal_chair_foot</name>
    <pose>Unspecified</pose>
    <truncated>0</truncated>
    <difficult>0</difficult>
    <bndbox>
      <xmin>392.73</xmin>
      <ymin>201.82</ymin>
      <xmax>419.55</xmax>
      <ymax>212.73</ymax>
    </bndbox>
  </object>
  <object>
    <name>metal_chair_foot</name>
    <pose>Unspecified</pose>
    <truncated>0</truncated>
    <difficult>0</difficult>
    <bndbox>
      <xmin>341.82</xmin>
      <ymin>198.64</ymin>
      <xmax>378.64</xmax>
      <ymax>212.73</ymax>
    </bndbox>
  </object>
  <object>
    <name>dining_table</name>
    <pose>Unspecified</pose>
    <truncated>0</truncated>
    <difficult>0</difficult>
    <bndbox>
      <xmin>306.82</xmin>
      <ymin>72.73</ymin>
      <xmax>640.91</xmax>
      <ymax>216.82</ymax>
    </bndbox>
  </object>
  <object>
    <name>wire</name>
    <pose>Unspecified</pose>
    <truncated>0</truncated>
    <difficult>0</difficult>
    <bndbox>
      <xmin>428.64</xmin>
      <ymin>28.64</ymin>
      <xmax>453.64</xmax>
      <ymax>123.64</ymax>
    </bndbox>
  </object>
</annotation>