<?xml version="1.0" encoding="UTF-8" ?>
<annotation>
  <folder>19700101-081235right_calibration_UP20210805.jpg</folder>
  <filename>19700101-081235right_calibration_UP20210805.jpg</filename>
  <path>http://172.18.39.209:9000/aliimages1999999974/19700101-081235right_calibration_UP20210805.jpg</path>
  <source>
    <database>Unknown</database>
  </source>
  <size>
    <width>642</width>
    <height>362</height>
    <depth>0</depth>
  </size>
  <segmented>0</segmented>
  <object>
    <name>dining_table</name>
    <pose>Unspecified</pose>
    <truncated>0</truncated>
    <difficult>0</difficult>
    <bndbox>
      <xmin>372.73</xmin>
      <ymin>0.91</ymin>
      <xmax>640.91</xmax>
      <ymax>235.91</ymax>
    </bndbox>
  </object>
  <object>
    <name>wallet</name>
    <pose>Unspecified</pose>
    <truncated>0</truncated>
    <difficult>0</difficult>
    <bndbox>
      <xmin>241.82</xmin>
      <ymin>148.64</ymin>
      <xmax>312.73</xmax>
      <ymax>240.00</ymax>
    </bndbox>
  </object>
  <object>
    <name>unknown</name>
    <pose>Unspecified</pose>
    <truncated>0</truncated>
    <difficult>0</difficult>
    <bndbox>
      <xmin>77.73</xmin>
      <ymin>0.91</ymin>
      <xmax>226.82</xmax>
      <ymax>230.00</ymax>
    </bndbox>
  </object>
  <object>
    <name>unknown</name>
    <pose>Unspecified</pose>
    <truncated>0</truncated>
    <difficult>0</difficult>
    <bndbox>
      <xmin>0.91</xmin>
      <ymin>51.82</ymin>
      <xmax>61.82</xmax>
      <ymax>220.91</ymax>
    </bndbox>
  </object>
</annotation>