<?xml version="1.0" encoding="UTF-8" ?>
<annotation>
  <folder>19700101-080940right_calibration_UP20210809.jpg</folder>
  <filename>19700101-080940right_calibration_UP20210809.jpg</filename>
  <path>http://172.18.39.209:9000/aliimages1999999975/19700101-080940right_calibration_UP20210809.jpg</path>
  <source>
    <database>Unknown</database>
  </source>
  <size>
    <width>642</width>
    <height>362</height>
    <depth>0</depth>
  </size>
  <segmented>0</segmented>
  <object>
    <name>plastic_toy</name>
    <pose>Unspecified</pose>
    <truncated>0</truncated>
    <difficult>0</difficult>
    <bndbox>
      <xmin>440.91</xmin>
      <ymin>113.64</ymin>
      <xmax>640.00</xmax>
      <ymax>235.00</ymax>
    </bndbox>
  </object>
  <object>
    <name>dining_table</name>
    <pose>Unspecified</pose>
    <truncated>0</truncated>
    <difficult>0</difficult>
    <bndbox>
      <xmin>338.64</xmin>
      <ymin>50.00</ymin>
      <xmax>641.82</xmax>
      <ymax>219.55</ymax>
    </bndbox>
  </object>
  <object>
    <name>metal_chair_foot</name>
    <pose>Unspecified</pose>
    <truncated>0</truncated>
    <difficult>0</difficult>
    <bndbox>
      <xmin>0.00</xmin>
      <ymin>206.82</ymin>
      <xmax>118.64</xmax>
      <ymax>233.64</ymax>
    </bndbox>
  </object>
  <object>
    <name>metal_chair_foot</name>
    <pose>Unspecified</pose>
    <truncated>0</truncated>
    <difficult>0</difficult>
    <bndbox>
      <xmin>340.00</xmin>
      <ymin>202.73</ymin>
      <xmax>361.82</xmax>
      <ymax>218.64</ymax>
    </bndbox>
  </object>
</annotation>