<?xml version="1.0" encoding="UTF-8" ?>
<annotation>
  <folder>19700101-082735right_calibration.jpg</folder>
  <filename>19700101-082735right_calibration.jpg</filename>
  <path>http://172.18.39.209:9000/aliimages1999999974/19700101-082735right_calibration.jpg</path>
  <source>
    <database>Unknown</database>
  </source>
  <size>
    <width>642</width>
    <height>362</height>
    <depth>0</depth>
  </size>
  <segmented>0</segmented>
  <object>
    <name>dining_table</name>
    <pose>Unspecified</pose>
    <truncated>0</truncated>
    <difficult>0</difficult>
    <bndbox>
      <xmin>77.73</xmin>
      <ymin>128.64</ymin>
      <xmax>301.82</xmax>
      <ymax>216.82</ymax>
    </bndbox>
  </object>
  <object>
    <name>plastic_toy</name>
    <pose>Unspecified</pose>
    <truncated>0</truncated>
    <difficult>0</difficult>
    <bndbox>
      <xmin>215.00</xmin>
      <ymin>143.64</ymin>
      <xmax>295.91</xmax>
      <ymax>222.73</ymax>
    </bndbox>
  </object>
  <object>
    <name>plastic_toy</name>
    <pose>Unspecified</pose>
    <truncated>0</truncated>
    <difficult>0</difficult>
    <bndbox>
      <xmin>0.91</xmin>
      <ymin>0.91</ymin>
      <xmax>641.82</xmax>
      <ymax>361.82</ymax>
    </bndbox>
  </object>
  <object>
    <name>plastic_toy</name>
    <pose>Unspecified</pose>
    <truncated>0</truncated>
    <difficult>0</difficult>
    <bndbox>
      <xmin>1.82</xmin>
      <ymin>177.73</ymin>
      <xmax>55.91</xmax>
      <ymax>220.91</ymax>
    </bndbox>
  </object>
  <object>
    <name>chair_base</name>
    <pose>Unspecified</pose>
    <truncated>0</truncated>
    <difficult>0</difficult>
    <bndbox>
      <xmin>96.82</xmin>
      <ymin>198.64</ymin>
      <xmax>150.00</xmax>
      <ymax>215.91</ymax>
    </bndbox>
  </object>
</annotation>