<?xml version="1.0" encoding="UTF-8" ?>
<annotation>
  <folder>19700101-082017right_calibration_UP20210805.jpg</folder>
  <filename>19700101-082017right_calibration_UP20210805.jpg</filename>
  <path>http://172.18.39.209:9000/aliimages1999999974/19700101-082017right_calibration_UP20210805.jpg</path>
  <source>
    <database>Unknown</database>
  </source>
  <size>
    <width>642</width>
    <height>362</height>
    <depth>0</depth>
  </size>
  <segmented>0</segmented>
  <object>
    <name>dining_table</name>
    <pose>Unspecified</pose>
    <truncated>0</truncated>
    <difficult>0</difficult>
    <bndbox>
      <xmin>0.91</xmin>
      <ymin>0.00</ymin>
      <xmax>415.91</xmax>
      <ymax>225.91</ymax>
    </bndbox>
  </object>
</annotation>