<?xml version="1.0" encoding="UTF-8" ?>
<annotation>
  <folder>19700101-082012right_calibration_UP20210805.jpg</folder>
  <filename>19700101-082012right_calibration_UP20210805.jpg</filename>
  <path>http://172.18.39.209:9000/aliimages1999999974/19700101-082012right_calibration_UP20210805.jpg</path>
  <source>
    <database>Unknown</database>
  </source>
  <size>
    <width>642</width>
    <height>362</height>
    <depth>0</depth>
  </size>
  <segmented>0</segmented>
  <object>
    <name>wallet</name>
    <pose>Unspecified</pose>
    <truncated>0</truncated>
    <difficult>0</difficult>
    <bndbox>
      <xmin>393.64</xmin>
      <ymin>205.91</ymin>
      <xmax>526.82</xmax>
      <ymax>243.64</ymax>
    </bndbox>
  </object>
  <object>
    <name>dining_table</name>
    <pose>Unspecified</pose>
    <truncated>0</truncated>
    <difficult>0</difficult>
    <bndbox>
      <xmin>0.00</xmin>
      <ymin>1.82</ymin>
      <xmax>467.73</xmax>
      <ymax>240.91</ymax>
    </bndbox>
  </object>
  <object>
    <name>door_anno</name>
    <pose>Unspecified</pose>
    <truncated>0</truncated>
    <difficult>0</difficult>
    <bndbox>
      <xmin>272.73</xmin>
      <ymin>82.73</ymin>
      <xmax>323.64</xmax>
      <ymax>213.64</ymax>
    </bndbox>
  </object>
</annotation>