<?xml version="1.0" encoding="UTF-8" ?>
<annotation>
  <folder>2021092901</folder>
  <filename>19700101-082017right_calibration.jpg</filename>
  <path>http://172.18.39.209:9000/aliimages/2021092901/19700101-082017right_calibration.jpg</path>
  <source>
    <database>Unknown</database>
  </source>
  <size>
    <width>642</width>
    <height>362</height>
    <depth>0</depth>
  </size>
  <segmented>0</segmented>
  <object>
    <name>dust_collector</name>
    <pose>Unspecified</pose>
    <truncated>0</truncated>
    <difficult>0</difficult>
    <bndbox>
      <xmin>49.55</xmin>
      <ymin>31.82</ymin>
      <xmax>296.82</xmax>
      <ymax>244.55</ymax>
    </bndbox>
  </object>
  <object>
    <name>dining_table</name>
    <pose>Unspecified</pose>
    <truncated>0</truncated>
    <difficult>0</difficult>
    <bndbox>
      <xmin>401.36</xmin>
      <ymin>147.27</ymin>
      <xmax>489.09</xmax>
      <ymax>201.36</ymax>
    </bndbox>
  </object>
  <object>
    <name>dust_collector_detect</name>
    <pose>Unspecified</pose>
    <truncated>0</truncated>
    <difficult>0</difficult>
    <bndbox>
      <xmin>55.45</xmin>
      <ymin>210.00</ymin>
      <xmax>295.45</xmax>
      <ymax>242.73</ymax>
    </bndbox>
  </object>
  <object>
    <name>dust_collector_detect</name>
    <pose>Unspecified</pose>
    <truncated>0</truncated>
    <difficult>0</difficult>
    <bndbox>
      <xmin>53.64</xmin>
      <ymin>149.55</ymin>
      <xmax>295.45</xmax>
      <ymax>242.27</ymax>
    </bndbox>
  </object>
</annotation>