<?xml version="1.0" encoding="UTF-8" ?>
<annotation>
  <folder>19700101-084435right_calibration_UP20210809.jpg</folder>
  <filename>19700101-084435right_calibration_UP20210809.jpg</filename>
  <path>http://172.18.39.209:9000/aliimages1999999975/19700101-084435right_calibration_UP20210809.jpg</path>
  <source>
    <database>Unknown</database>
  </source>
  <size>
    <width>642</width>
    <height>362</height>
    <depth>0</depth>
  </size>
  <segmented>0</segmented>
  <object>
    <name>plastic_toy</name>
    <pose>Unspecified</pose>
    <truncated>0</truncated>
    <difficult>0</difficult>
    <bndbox>
      <xmin>328.64</xmin>
      <ymin>180.91</ymin>
      <xmax>409.55</xmax>
      <ymax>240.00</ymax>
    </bndbox>
  </object>
  <object>
    <name>chair_base</name>
    <pose>Unspecified</pose>
    <truncated>0</truncated>
    <difficult>0</difficult>
    <bndbox>
      <xmin>570.00</xmin>
      <ymin>190.00</ymin>
      <xmax>640.91</xmax>
      <ymax>220.91</ymax>
    </bndbox>
  </object>
  <object>
    <name>dining_table</name>
    <pose>Unspecified</pose>
    <truncated>0</truncated>
    <difficult>0</difficult>
    <bndbox>
      <xmin>421.82</xmin>
      <ymin>92.73</ymin>
      <xmax>642.73</xmax>
      <ymax>215.91</ymax>
    </bndbox>
  </object>
</annotation>