<?xml version="1.0" encoding="UTF-8" ?>
<annotation>
  <folder>2021092901</folder>
  <filename>19700101-081648right_calibration.jpg</filename>
  <path>http://172.18.39.209:9000/aliimages/2021092901/19700101-081648right_calibration.jpg</path>
  <source>
    <database>Unknown</database>
  </source>
  <size>
    <width>642</width>
    <height>362</height>
    <depth>0</depth>
  </size>
  <segmented>0</segmented>
  <object>
    <name>dust_collector</name>
    <pose>Unspecified</pose>
    <truncated>0</truncated>
    <difficult>0</difficult>
    <bndbox>
      <xmin>536.82</xmin>
      <ymin>138.18</ymin>
      <xmax>631.82</xmax>
      <ymax>225.45</ymax>
    </bndbox>
  </object>
  <object>
    <name>dust_collector</name>
    <pose>Unspecified</pose>
    <truncated>0</truncated>
    <difficult>0</difficult>
    <bndbox>
      <xmin>245.00</xmin>
      <ymin>95.91</ymin>
      <xmax>365.45</xmax>
      <ymax>227.27</ymax>
    </bndbox>
  </object>
  <object>
    <name>dust_collector</name>
    <pose>Unspecified</pose>
    <truncated>0</truncated>
    <difficult>0</difficult>
    <bndbox>
      <xmin>365.45</xmin>
      <ymin>186.82</ymin>
      <xmax>396.82</xmax>
      <ymax>214.55</ymax>
    </bndbox>
  </object>
  <object>
    <name>wire</name>
    <pose>Unspecified</pose>
    <truncated>0</truncated>
    <difficult>0</difficult>
    <bndbox>
      <xmin>101.82</xmin>
      <ymin>206.36</ymin>
      <xmax>248.64</xmax>
      <ymax>231.82</ymax>
    </bndbox>
  </object>
  <object>
    <name>dining_table</name>
    <pose>Unspecified</pose>
    <truncated>0</truncated>
    <difficult>0</difficult>
    <bndbox>
      <xmin>135.91</xmin>
      <ymin>129.55</ymin>
      <xmax>252.73</xmax>
      <ymax>197.27</ymax>
    </bndbox>
  </object>
  <object>
    <name>sofa</name>
    <pose>Unspecified</pose>
    <truncated>0</truncated>
    <difficult>0</difficult>
    <bndbox>
      <xmin>469.55</xmin>
      <ymin>123.18</ymin>
      <xmax>641.36</xmax>
      <ymax>220.45</ymax>
    </bndbox>
  </object>
  <object>
    <name>dust_collector_detect</name>
    <pose>Unspecified</pose>
    <truncated>0</truncated>
    <difficult>0</difficult>
    <bndbox>
      <xmin>247.27</xmin>
      <ymin>210.00</ymin>
      <xmax>364.55</xmax>
      <ymax>227.27</ymax>
    </bndbox>
  </object>
  <object>
    <name>dust_collector_detect</name>
    <pose>Unspecified</pose>
    <truncated>0</truncated>
    <difficult>0</difficult>
    <bndbox>
      <xmin>246.36</xmin>
      <ymin>143.18</ymin>
      <xmax>364.55</xmax>
      <ymax>225.91</ymax>
    </bndbox>
  </object>
  <object>
    <name>dust_collector_detect</name>
    <pose>Unspecified</pose>
    <truncated>0</truncated>
    <difficult>0</difficult>
    <bndbox>
      <xmin>540.00</xmin>
      <ymin>210.00</ymin>
      <xmax>630.00</xmax>
      <ymax>222.73</ymax>
    </bndbox>
  </object>
  <object>
    <name>dust_collector_detect</name>
    <pose>Unspecified</pose>
    <truncated>0</truncated>
    <difficult>0</difficult>
    <bndbox>
      <xmin>539.55</xmin>
      <ymin>188.18</ymin>
      <xmax>630.45</xmax>
      <ymax>223.64</ymax>
    </bndbox>
  </object>
  <object>
    <name>dust_collector_detect</name>
    <pose>Unspecified</pose>
    <truncated>0</truncated>
    <difficult>0</difficult>
    <bndbox>
      <xmin>365.91</xmin>
      <ymin>200.45</ymin>
      <xmax>395.00</xmax>
      <ymax>213.64</ymax>
    </bndbox>
  </object>
</annotation>