<?xml version="1.0" encoding="UTF-8" ?>
<annotation>
  <folder>19700101-093536right_calibration_UP20210809.jpg</folder>
  <filename>19700101-093536right_calibration_UP20210809.jpg</filename>
  <path>http://172.18.39.209:9000/aliimages1999999975/19700101-093536right_calibration_UP20210809.jpg</path>
  <source>
    <database>Unknown</database>
  </source>
  <size>
    <width>642</width>
    <height>362</height>
    <depth>0</depth>
  </size>
  <segmented>0</segmented>
  <object>
    <name>plastic_toy</name>
    <pose>Unspecified</pose>
    <truncated>0</truncated>
    <difficult>0</difficult>
    <bndbox>
      <xmin>190.91</xmin>
      <ymin>141.82</ymin>
      <xmax>537.73</xmax>
      <ymax>330.91</ymax>
    </bndbox>
  </object>
  <object>
    <name>metal_chair_foot</name>
    <pose>Unspecified</pose>
    <truncated>0</truncated>
    <difficult>0</difficult>
    <bndbox>
      <xmin>13.64</xmin>
      <ymin>200.91</ymin>
      <xmax>47.73</xmax>
      <ymax>223.64</ymax>
    </bndbox>
  </object>
  <object>
    <name>metal_chair_foot</name>
    <pose>Unspecified</pose>
    <truncated>0</truncated>
    <difficult>0</difficult>
    <bndbox>
      <xmin>570.91</xmin>
      <ymin>196.82</ymin>
      <xmax>640.91</xmax>
      <ymax>220.91</ymax>
    </bndbox>
  </object>
  <object>
    <name>dining_table</name>
    <pose>Unspecified</pose>
    <truncated>0</truncated>
    <difficult>0</difficult>
    <bndbox>
      <xmin>366.82</xmin>
      <ymin>0.00</ymin>
      <xmax>640.91</xmax>
      <ymax>220.91</ymax>
    </bndbox>
  </object>
</annotation>