<?xml version="1.0" encoding="UTF-8" ?>
<annotation>
  <folder>19700101-083913right_calibration_UP20210809.jpg</folder>
  <filename>19700101-083913right_calibration_UP20210809.jpg</filename>
  <path>http://172.18.39.209:9000/aliimages1999999975/19700101-083913right_calibration_UP20210809.jpg</path>
  <source>
    <database>Unknown</database>
  </source>
  <size>
    <width>642</width>
    <height>362</height>
    <depth>0</depth>
  </size>
  <segmented>0</segmented>
  <object>
    <name>plastic_toy</name>
    <pose>Unspecified</pose>
    <truncated>0</truncated>
    <difficult>0</difficult>
    <bndbox>
      <xmin>305.00</xmin>
      <ymin>175.00</ymin>
      <xmax>385.00</xmax>
      <ymax>235.91</ymax>
    </bndbox>
  </object>
  <object>
    <name>metal_chair_foot</name>
    <pose>Unspecified</pose>
    <truncated>0</truncated>
    <difficult>0</difficult>
    <bndbox>
      <xmin>265.91</xmin>
      <ymin>206.82</ymin>
      <xmax>293.64</xmax>
      <ymax>218.64</ymax>
    </bndbox>
  </object>
  <object>
    <name>metal_chair_foot</name>
    <pose>Unspecified</pose>
    <truncated>0</truncated>
    <difficult>0</difficult>
    <bndbox>
      <xmin>447.73</xmin>
      <ymin>205.91</ymin>
      <xmax>500.00</xmax>
      <ymax>216.82</ymax>
    </bndbox>
  </object>
  <object>
    <name>metal_chair_foot</name>
    <pose>Unspecified</pose>
    <truncated>0</truncated>
    <difficult>0</difficult>
    <bndbox>
      <xmin>188.64</xmin>
      <ymin>205.91</ymin>
      <xmax>237.73</xmax>
      <ymax>217.73</ymax>
    </bndbox>
  </object>
  <object>
    <name>metal_chair_foot</name>
    <pose>Unspecified</pose>
    <truncated>0</truncated>
    <difficult>0</difficult>
    <bndbox>
      <xmin>136.82</xmin>
      <ymin>205.00</ymin>
      <xmax>190.00</xmax>
      <ymax>215.91</ymax>
    </bndbox>
  </object>
  <object>
    <name>metal_chair_foot</name>
    <pose>Unspecified</pose>
    <truncated>0</truncated>
    <difficult>0</difficult>
    <bndbox>
      <xmin>79.55</xmin>
      <ymin>204.55</ymin>
      <xmax>137.73</xmax>
      <ymax>215.91</ymax>
    </bndbox>
  </object>
  <object>
    <name>chair_base</name>
    <pose>Unspecified</pose>
    <truncated>0</truncated>
    <difficult>0</difficult>
    <bndbox>
      <xmin>0.91</xmin>
      <ymin>191.82</ymin>
      <xmax>85.00</xmax>
      <ymax>226.82</ymax>
    </bndbox>
  </object>
  <object>
    <name>wire</name>
    <pose>Unspecified</pose>
    <truncated>0</truncated>
    <difficult>0</difficult>
    <bndbox>
      <xmin>51.82</xmin>
      <ymin>0.00</ymin>
      <xmax>162.73</xmax>
      <ymax>100.91</ymax>
    </bndbox>
  </object>
  <object>
    <name>dining_table</name>
    <pose>Unspecified</pose>
    <truncated>0</truncated>
    <difficult>0</difficult>
    <bndbox>
      <xmin>0.00</xmin>
      <ymin>53.64</ymin>
      <xmax>508.64</xmax>
      <ymax>215.91</ymax>
    </bndbox>
  </object>
</annotation>