<?xml version="1.0" encoding="UTF-8" ?>
<annotation>
  <folder>19700101-084717right_calibration_UP20210809.jpg</folder>
  <filename>19700101-084717right_calibration_UP20210809.jpg</filename>
  <path>http://172.18.39.209:9000/aliimages1999999975/19700101-084717right_calibration_UP20210809.jpg</path>
  <source>
    <database>Unknown</database>
  </source>
  <size>
    <width>642</width>
    <height>362</height>
    <depth>0</depth>
  </size>
  <segmented>0</segmented>
  <object>
    <name>plastic_toy</name>
    <pose>Unspecified</pose>
    <truncated>0</truncated>
    <difficult>0</difficult>
    <bndbox>
      <xmin>223.64</xmin>
      <ymin>139.55</ymin>
      <xmax>305.91</xmax>
      <ymax>231.82</ymax>
    </bndbox>
  </object>
  <object>
    <name>metal_chair_foot</name>
    <pose>Unspecified</pose>
    <truncated>0</truncated>
    <difficult>0</difficult>
    <bndbox>
      <xmin>398.64</xmin>
      <ymin>204.55</ymin>
      <xmax>425.91</xmax>
      <ymax>216.82</ymax>
    </bndbox>
  </object>
  <object>
    <name>metal_chair_foot</name>
    <pose>Unspecified</pose>
    <truncated>0</truncated>
    <difficult>0</difficult>
    <bndbox>
      <xmin>502.73</xmin>
      <ymin>203.64</ymin>
      <xmax>531.82</xmax>
      <ymax>216.82</ymax>
    </bndbox>
  </object>
  <object>
    <name>metal_chair_foot</name>
    <pose>Unspecified</pose>
    <truncated>0</truncated>
    <difficult>0</difficult>
    <bndbox>
      <xmin>310.00</xmin>
      <ymin>204.55</ymin>
      <xmax>340.91</xmax>
      <ymax>215.00</ymax>
    </bndbox>
  </object>
  <object>
    <name>chair_base</name>
    <pose>Unspecified</pose>
    <truncated>0</truncated>
    <difficult>0</difficult>
    <bndbox>
      <xmin>100.91</xmin>
      <ymin>193.64</ymin>
      <xmax>189.55</xmax>
      <ymax>218.64</ymax>
    </bndbox>
  </object>
  <object>
    <name>wire</name>
    <pose>Unspecified</pose>
    <truncated>0</truncated>
    <difficult>0</difficult>
    <bndbox>
      <xmin>157.73</xmin>
      <ymin>73.64</ymin>
      <xmax>216.82</xmax>
      <ymax>132.73</ymax>
    </bndbox>
  </object>
  <object>
    <name>dining_table</name>
    <pose>Unspecified</pose>
    <truncated>0</truncated>
    <difficult>0</difficult>
    <bndbox>
      <xmin>95.91</xmin>
      <ymin>47.73</ymin>
      <xmax>530.91</xmax>
      <ymax>214.55</ymax>
    </bndbox>
  </object>
</annotation>