<?xml version="1.0" encoding="UTF-8" ?>
<annotation>
  <folder>19700101-093222right_calibration.jpg</folder>
  <filename>19700101-093222right_calibration.jpg</filename>
  <path>http://172.18.39.209:9000/aliimages1999999974/19700101-093222right_calibration.jpg</path>
  <source>
    <database>Unknown</database>
  </source>
  <size>
    <width>642</width>
    <height>362</height>
    <depth>0</depth>
  </size>
  <segmented>0</segmented>
  <object>
    <name>plastic_toy</name>
    <pose>Unspecified</pose>
    <truncated>0</truncated>
    <difficult>0</difficult>
    <bndbox>
      <xmin>500.91</xmin>
      <ymin>138.64</ymin>
      <xmax>630.00</xmax>
      <ymax>231.82</ymax>
    </bndbox>
  </object>
  <object>
    <name>shoe</name>
    <pose>Unspecified</pose>
    <truncated>0</truncated>
    <difficult>0</difficult>
    <bndbox>
      <xmin>405.91</xmin>
      <ymin>192.73</ymin>
      <xmax>451.82</xmax>
      <ymax>220.00</ymax>
    </bndbox>
  </object>
  <object>
    <name>shoe</name>
    <pose>Unspecified</pose>
    <truncated>0</truncated>
    <difficult>0</difficult>
    <bndbox>
      <xmin>471.82</xmin>
      <ymin>191.82</ymin>
      <xmax>517.73</xmax>
      <ymax>221.82</ymax>
    </bndbox>
  </object>
  <object>
    <name>sofa</name>
    <pose>Unspecified</pose>
    <truncated>0</truncated>
    <difficult>0</difficult>
    <bndbox>
      <xmin>355.91</xmin>
      <ymin>140.00</ymin>
      <xmax>541.82</xmax>
      <ymax>215.91</ymax>
    </bndbox>
  </object>
  <object>
    <name>plastic_toy</name>
    <pose>Unspecified</pose>
    <truncated>0</truncated>
    <difficult>0</difficult>
    <bndbox>
      <xmin>161.82</xmin>
      <ymin>145.00</ymin>
      <xmax>255.00</xmax>
      <ymax>220.91</ymax>
    </bndbox>
  </object>
  <object>
    <name>door_anno</name>
    <pose>Unspecified</pose>
    <truncated>0</truncated>
    <difficult>0</difficult>
    <bndbox>
      <xmin>317.73</xmin>
      <ymin>96.82</ymin>
      <xmax>338.64</xmax>
      <ymax>215.00</ymax>
    </bndbox>
  </object>
  <object>
    <name>dining_table</name>
    <pose>Unspecified</pose>
    <truncated>0</truncated>
    <difficult>0</difficult>
    <bndbox>
      <xmin>57.73</xmin>
      <ymin>152.73</ymin>
      <xmax>180.00</xmax>
      <ymax>215.00</ymax>
    </bndbox>
  </object>
</annotation>