<?xml version="1.0" encoding="UTF-8" ?>
<annotation>
  <folder>19700101-093608right_calibration_UP20210809.jpg</folder>
  <filename>19700101-093608right_calibration_UP20210809.jpg</filename>
  <path>http://172.18.39.209:9000/aliimages1999999975/19700101-093608right_calibration_UP20210809.jpg</path>
  <source>
    <database>Unknown</database>
  </source>
  <size>
    <width>642</width>
    <height>362</height>
    <depth>0</depth>
  </size>
  <segmented>0</segmented>
  <object>
    <name>plastic_toy</name>
    <pose>Unspecified</pose>
    <truncated>0</truncated>
    <difficult>0</difficult>
    <bndbox>
      <xmin>361.82</xmin>
      <ymin>130.91</ymin>
      <xmax>409.55</xmax>
      <ymax>228.64</ymax>
    </bndbox>
  </object>
  <object>
    <name>plastic_toy</name>
    <pose>Unspecified</pose>
    <truncated>0</truncated>
    <difficult>0</difficult>
    <bndbox>
      <xmin>0.00</xmin>
      <ymin>176.82</ymin>
      <xmax>119.55</xmax>
      <ymax>245.00</ymax>
    </bndbox>
  </object>
  <object>
    <name>metal_chair_foot</name>
    <pose>Unspecified</pose>
    <truncated>0</truncated>
    <difficult>0</difficult>
    <bndbox>
      <xmin>241.82</xmin>
      <ymin>206.82</ymin>
      <xmax>285.00</xmax>
      <ymax>218.64</ymax>
    </bndbox>
  </object>
  <object>
    <name>metal_chair_foot</name>
    <pose>Unspecified</pose>
    <truncated>0</truncated>
    <difficult>0</difficult>
    <bndbox>
      <xmin>181.82</xmin>
      <ymin>202.73</ymin>
      <xmax>235.91</xmax>
      <ymax>217.73</ymax>
    </bndbox>
  </object>
  <object>
    <name>metal_chair_foot</name>
    <pose>Unspecified</pose>
    <truncated>0</truncated>
    <difficult>0</difficult>
    <bndbox>
      <xmin>600.00</xmin>
      <ymin>206.82</ymin>
      <xmax>640.91</xmax>
      <ymax>223.64</ymax>
    </bndbox>
  </object>
  <object>
    <name>dining_table</name>
    <pose>Unspecified</pose>
    <truncated>0</truncated>
    <difficult>0</difficult>
    <bndbox>
      <xmin>98.64</xmin>
      <ymin>40.91</ymin>
      <xmax>632.73</xmax>
      <ymax>215.00</ymax>
    </bndbox>
  </object>
</annotation>