<?xml version="1.0" encoding="UTF-8" ?>
<annotation>
  <folder>19700101-084536right_calibration.jpg</folder>
  <filename>19700101-084536right_calibration.jpg</filename>
  <path>http://172.18.39.209:9000/aliimages1999999974/19700101-084536right_calibration.jpg</path>
  <source>
    <database>Unknown</database>
  </source>
  <size>
    <width>642</width>
    <height>362</height>
    <depth>0</depth>
  </size>
  <segmented>0</segmented>
  <object>
    <name>plastic_toy</name>
    <pose>Unspecified</pose>
    <truncated>0</truncated>
    <difficult>0</difficult>
    <bndbox>
      <xmin>222.73</xmin>
      <ymin>0.91</ymin>
      <xmax>627.73</xmax>
      <ymax>361.82</ymax>
    </bndbox>
  </object>
  <object>
    <name>plastic_toy</name>
    <pose>Unspecified</pose>
    <truncated>0</truncated>
    <difficult>0</difficult>
    <bndbox>
      <xmin>185.91</xmin>
      <ymin>186.82</ymin>
      <xmax>220.00</xmax>
      <ymax>220.91</ymax>
    </bndbox>
  </object>
  <object>
    <name>plastic_toy</name>
    <pose>Unspecified</pose>
    <truncated>0</truncated>
    <difficult>0</difficult>
    <bndbox>
      <xmin>410.00</xmin>
      <ymin>156.82</ymin>
      <xmax>521.82</xmax>
      <ymax>218.64</ymax>
    </bndbox>
  </object>
  <object>
    <name>dining_table</name>
    <pose>Unspecified</pose>
    <truncated>0</truncated>
    <difficult>0</difficult>
    <bndbox>
      <xmin>367.73</xmin>
      <ymin>120.91</ymin>
      <xmax>581.82</xmax>
      <ymax>212.73</ymax>
    </bndbox>
  </object>
</annotation>