<?xml version="1.0" encoding="UTF-8" ?>
<annotation>
  <folder>19700101-081507right_calibration.jpg</folder>
  <filename>19700101-081507right_calibration.jpg</filename>
  <path>http://172.18.39.209:9000/aliimages1999999974/19700101-081507right_calibration.jpg</path>
  <source>
    <database>Unknown</database>
  </source>
  <size>
    <width>642</width>
    <height>362</height>
    <depth>0</depth>
  </size>
  <segmented>0</segmented>
  <object>
    <name>plastic_toy</name>
    <pose>Unspecified</pose>
    <truncated>0</truncated>
    <difficult>0</difficult>
    <bndbox>
      <xmin>191.82</xmin>
      <ymin>0.91</ymin>
      <xmax>506.82</xmax>
      <ymax>360.00</ymax>
    </bndbox>
  </object>
  <object>
    <name>metal_chair_foot</name>
    <pose>Unspecified</pose>
    <truncated>0</truncated>
    <difficult>0</difficult>
    <bndbox>
      <xmin>120.00</xmin>
      <ymin>205.00</ymin>
      <xmax>141.82</xmax>
      <ymax>220.91</ymax>
    </bndbox>
  </object>
  <object>
    <name>metal_chair_foot</name>
    <pose>Unspecified</pose>
    <truncated>0</truncated>
    <difficult>0</difficult>
    <bndbox>
      <xmin>21.82</xmin>
      <ymin>205.00</ymin>
      <xmax>50.00</xmax>
      <ymax>217.73</ymax>
    </bndbox>
  </object>
  <object>
    <name>dining_table</name>
    <pose>Unspecified</pose>
    <truncated>0</truncated>
    <difficult>0</difficult>
    <bndbox>
      <xmin>0.91</xmin>
      <ymin>77.73</ymin>
      <xmax>235.00</xmax>
      <ymax>218.64</ymax>
    </bndbox>
  </object>
</annotation>