<?xml version="1.0" encoding="UTF-8" ?>
<annotation>
  <folder>19700101-082058right_calibration.jpg</folder>
  <filename>19700101-082058right_calibration.jpg</filename>
  <path>http://172.18.39.209:9000/aliimages1999999994/19700101-082058right_calibration.jpg</path>
  <source>
    <database>Unknown</database>
  </source>
  <size>
    <width>642</width>
    <height>362</height>
    <depth>0</depth>
  </size>
  <segmented>0</segmented>
  <object>
    <name>weight_scale</name>
    <pose>Unspecified</pose>
    <truncated>0</truncated>
    <difficult>0</difficult>
    <bndbox>
      <xmin>182.73</xmin>
      <ymin>221.82</ymin>
      <xmax>432.73</xmax>
      <ymax>280.00</ymax>
    </bndbox>
  </object>
  <object>
    <name>sofa</name>
    <pose>Unspecified</pose>
    <truncated>0</truncated>
    <difficult>0</difficult>
    <bndbox>
      <xmin>337.73</xmin>
      <ymin>103.64</ymin>
      <xmax>641.82</xmax>
      <ymax>218.64</ymax>
    </bndbox>
  </object>
  <object>
    <name>door_anno</name>
    <pose>Unspecified</pose>
    <truncated>0</truncated>
    <difficult>0</difficult>
    <bndbox>
      <xmin>10.00</xmin>
      <ymin>30.00</ymin>
      <xmax>132.73</xmax>
      <ymax>167.73</ymax>
    </bndbox>
  </object>
  <object>
    <name>dining_table</name>
    <pose>Unspecified</pose>
    <truncated>0</truncated>
    <difficult>0</difficult>
    <bndbox>
      <xmin>146.82</xmin>
      <ymin>133.64</ymin>
      <xmax>255.00</xmax>
      <ymax>180.91</ymax>
    </bndbox>
  </object>
</annotation>