<?xml version="1.0" encoding="UTF-8" ?>
<annotation>
  <folder>19700101-085145right_calibration_UP20210809.jpg</folder>
  <filename>19700101-085145right_calibration_UP20210809.jpg</filename>
  <path>http://172.18.39.209:9000/aliimages1999999975/19700101-085145right_calibration_UP20210809.jpg</path>
  <source>
    <database>Unknown</database>
  </source>
  <size>
    <width>642</width>
    <height>362</height>
    <depth>0</depth>
  </size>
  <segmented>0</segmented>
  <object>
    <name>plastic_toy</name>
    <pose>Unspecified</pose>
    <truncated>0</truncated>
    <difficult>0</difficult>
    <bndbox>
      <xmin>160.00</xmin>
      <ymin>154.55</ymin>
      <xmax>238.64</xmax>
      <ymax>231.82</ymax>
    </bndbox>
  </object>
  <object>
    <name>dining_table</name>
    <pose>Unspecified</pose>
    <truncated>0</truncated>
    <difficult>0</difficult>
    <bndbox>
      <xmin>0.00</xmin>
      <ymin>117.73</ymin>
      <xmax>211.82</xmax>
      <ymax>222.73</ymax>
    </bndbox>
  </object>
</annotation>