<?xml version="1.0" encoding="UTF-8" ?>
<annotation>
  <folder>19700101-081954right_calibration.jpg</folder>
  <filename>19700101-081954right_calibration.jpg</filename>
  <path>http://172.18.39.209:9000/aliimages1999999974/19700101-081954right_calibration.jpg</path>
  <source>
    <database>Unknown</database>
  </source>
  <size>
    <width>642</width>
    <height>362</height>
    <depth>0</depth>
  </size>
  <segmented>0</segmented>
  <object>
    <name>chair_base</name>
    <pose>Unspecified</pose>
    <truncated>0</truncated>
    <difficult>0</difficult>
    <bndbox>
      <xmin>285.91</xmin>
      <ymin>197.73</ymin>
      <xmax>338.64</xmax>
      <ymax>215.91</ymax>
    </bndbox>
  </object>
  <object>
    <name>plastic_toy</name>
    <pose>Unspecified</pose>
    <truncated>0</truncated>
    <difficult>0</difficult>
    <bndbox>
      <xmin>360.00</xmin>
      <ymin>0.91</ymin>
      <xmax>641.82</xmax>
      <ymax>275.91</ymax>
    </bndbox>
  </object>
  <object>
    <name>dining_table</name>
    <pose>Unspecified</pose>
    <truncated>0</truncated>
    <difficult>0</difficult>
    <bndbox>
      <xmin>270.00</xmin>
      <ymin>118.64</ymin>
      <xmax>411.82</xmax>
      <ymax>216.82</ymax>
    </bndbox>
  </object>
</annotation>