<?xml version="1.0" encoding="UTF-8" ?>
<annotation>
  <folder>19700101-082503right_calibration_UP20210809.jpg</folder>
  <filename>19700101-082503right_calibration_UP20210809.jpg</filename>
  <path>http://172.18.39.209:9000/aliimages1999999975/19700101-082503right_calibration_UP20210809.jpg</path>
  <source>
    <database>Unknown</database>
  </source>
  <size>
    <width>642</width>
    <height>362</height>
    <depth>0</depth>
  </size>
  <segmented>0</segmented>
  <object>
    <name>chair_base</name>
    <pose>Unspecified</pose>
    <truncated>0</truncated>
    <difficult>0</difficult>
    <bndbox>
      <xmin>464.55</xmin>
      <ymin>192.73</ymin>
      <xmax>590.00</xmax>
      <ymax>225.91</ymax>
    </bndbox>
  </object>
  <object>
    <name>plastic_toy</name>
    <pose>Unspecified</pose>
    <truncated>0</truncated>
    <difficult>0</difficult>
    <bndbox>
      <xmin>78.64</xmin>
      <ymin>167.73</ymin>
      <xmax>183.64</xmax>
      <ymax>230.91</ymax>
    </bndbox>
  </object>
  <object>
    <name>wire</name>
    <pose>Unspecified</pose>
    <truncated>0</truncated>
    <difficult>0</difficult>
    <bndbox>
      <xmin>481.82</xmin>
      <ymin>34.55</ymin>
      <xmax>548.64</xmax>
      <ymax>102.73</ymax>
    </bndbox>
  </object>
  <object>
    <name>dining_table</name>
    <pose>Unspecified</pose>
    <truncated>0</truncated>
    <difficult>0</difficult>
    <bndbox>
      <xmin>386.82</xmin>
      <ymin>55.00</ymin>
      <xmax>640.91</xmax>
      <ymax>215.91</ymax>
    </bndbox>
  </object>
</annotation>