<?xml version="1.0" encoding="UTF-8" ?>
<annotation>
  <folder>19700101-082143right_calibration_UP20210809.jpg</folder>
  <filename>19700101-082143right_calibration_UP20210809.jpg</filename>
  <path>http://172.18.39.209:9000/aliimages1999999975/19700101-082143right_calibration_UP20210809.jpg</path>
  <source>
    <database>Unknown</database>
  </source>
  <size>
    <width>642</width>
    <height>362</height>
    <depth>0</depth>
  </size>
  <segmented>0</segmented>
  <object>
    <name>shoe</name>
    <pose>Unspecified</pose>
    <truncated>0</truncated>
    <difficult>0</difficult>
    <bndbox>
      <xmin>482.73</xmin>
      <ymin>180.00</ymin>
      <xmax>510.00</xmax>
      <ymax>200.91</ymax>
    </bndbox>
  </object>
  <object>
    <name>shoe</name>
    <pose>Unspecified</pose>
    <truncated>0</truncated>
    <difficult>0</difficult>
    <bndbox>
      <xmin>450.00</xmin>
      <ymin>183.64</ymin>
      <xmax>483.64</xmax>
      <ymax>200.00</ymax>
    </bndbox>
  </object>
  <object>
    <name>plastic_toy</name>
    <pose>Unspecified</pose>
    <truncated>0</truncated>
    <difficult>0</difficult>
    <bndbox>
      <xmin>108.64</xmin>
      <ymin>95.91</ymin>
      <xmax>283.64</xmax>
      <ymax>255.00</ymax>
    </bndbox>
  </object>
  <object>
    <name>metal_chair_foot</name>
    <pose>Unspecified</pose>
    <truncated>0</truncated>
    <difficult>0</difficult>
    <bndbox>
      <xmin>36.82</xmin>
      <ymin>200.91</ymin>
      <xmax>98.64</xmax>
      <ymax>218.64</ymax>
    </bndbox>
  </object>
  <object>
    <name>dining_table</name>
    <pose>Unspecified</pose>
    <truncated>0</truncated>
    <difficult>0</difficult>
    <bndbox>
      <xmin>313.64</xmin>
      <ymin>132.73</ymin>
      <xmax>428.64</xmax>
      <ymax>200.00</ymax>
    </bndbox>
  </object>
  <object>
    <name>dining_table</name>
    <pose>Unspecified</pose>
    <truncated>0</truncated>
    <difficult>0</difficult>
    <bndbox>
      <xmin>0.91</xmin>
      <ymin>0.91</ymin>
      <xmax>300.91</xmax>
      <ymax>217.73</ymax>
    </bndbox>
  </object>
</annotation>