<?xml version="1.0" encoding="UTF-8" ?>
<annotation>
  <folder>2021092901</folder>
  <filename>19700101-082005right_calibration.jpg</filename>
  <path>http://172.18.39.209:9000/aliimages/2021092901/19700101-082005right_calibration.jpg</path>
  <source>
    <database>Unknown</database>
  </source>
  <size>
    <width>642</width>
    <height>362</height>
    <depth>0</depth>
  </size>
  <segmented>0</segmented>
  <object>
    <name>dust_collector</name>
    <pose>Unspecified</pose>
    <truncated>0</truncated>
    <difficult>0</difficult>
    <bndbox>
      <xmin>-0.45</xmin>
      <ymin>29.55</ymin>
      <xmax>139.09</xmax>
      <ymax>236.36</ymax>
    </bndbox>
  </object>
  <object>
    <name>dust_collector</name>
    <pose>Unspecified</pose>
    <truncated>0</truncated>
    <difficult>0</difficult>
    <bndbox>
      <xmin>224.09</xmin>
      <ymin>106.82</ymin>
      <xmax>360.45</xmax>
      <ymax>230.45</ymax>
    </bndbox>
  </object>
  <object>
    <name>dining_table</name>
    <pose>Unspecified</pose>
    <truncated>0</truncated>
    <difficult>0</difficult>
    <bndbox>
      <xmin>442.73</xmin>
      <ymin>148.18</ymin>
      <xmax>530.00</xmax>
      <ymax>201.36</ymax>
    </bndbox>
  </object>
  <object>
    <name>dust_collector_detect</name>
    <pose>Unspecified</pose>
    <truncated>0</truncated>
    <difficult>0</difficult>
    <bndbox>
      <xmin>226.82</xmin>
      <ymin>213.64</ymin>
      <xmax>359.09</xmax>
      <ymax>228.18</ymax>
    </bndbox>
  </object>
  <object>
    <name>dust_collector_detect</name>
    <pose>Unspecified</pose>
    <truncated>0</truncated>
    <difficult>0</difficult>
    <bndbox>
      <xmin>226.36</xmin>
      <ymin>174.09</ymin>
      <xmax>359.09</xmax>
      <ymax>229.09</ymax>
    </bndbox>
  </object>
  <object>
    <name>dust_collector_detect</name>
    <pose>Unspecified</pose>
    <truncated>0</truncated>
    <difficult>0</difficult>
    <bndbox>
      <xmin>0.45</xmin>
      <ymin>203.64</ymin>
      <xmax>138.18</xmax>
      <ymax>233.18</ymax>
    </bndbox>
  </object>
  <object>
    <name>dust_collector_detect</name>
    <pose>Unspecified</pose>
    <truncated>0</truncated>
    <difficult>0</difficult>
    <bndbox>
      <xmin>0.45</xmin>
      <ymin>146.36</ymin>
      <xmax>137.27</xmax>
      <ymax>231.82</ymax>
    </bndbox>
  </object>
</annotation>