<?xml version="1.0" encoding="UTF-8" ?>
<annotation>
  <folder>19700101-082725right_calibration.jpg</folder>
  <filename>19700101-082725right_calibration.jpg</filename>
  <path>http://172.18.39.209:9000/aliimages1999999974/19700101-082725right_calibration.jpg</path>
  <source>
    <database>Unknown</database>
  </source>
  <size>
    <width>642</width>
    <height>362</height>
    <depth>0</depth>
  </size>
  <segmented>0</segmented>
  <object>
    <name>dining_table</name>
    <pose>Unspecified</pose>
    <truncated>0</truncated>
    <difficult>0</difficult>
    <bndbox>
      <xmin>0.91</xmin>
      <ymin>123.64</ymin>
      <xmax>276.82</xmax>
      <ymax>213.64</ymax>
    </bndbox>
  </object>
  <object>
    <name>plastic_toy</name>
    <pose>Unspecified</pose>
    <truncated>0</truncated>
    <difficult>0</difficult>
    <bndbox>
      <xmin>141.82</xmin>
      <ymin>140.91</ymin>
      <xmax>251.82</xmax>
      <ymax>221.82</ymax>
    </bndbox>
  </object>
  <object>
    <name>plastic_toy</name>
    <pose>Unspecified</pose>
    <truncated>0</truncated>
    <difficult>0</difficult>
    <bndbox>
      <xmin>295.91</xmin>
      <ymin>17.73</ymin>
      <xmax>618.64</xmax>
      <ymax>326.82</ymax>
    </bndbox>
  </object>
  <object>
    <name>metal_chair_foot</name>
    <pose>Unspecified</pose>
    <truncated>0</truncated>
    <difficult>0</difficult>
    <bndbox>
      <xmin>592.73</xmin>
      <ymin>206.82</ymin>
      <xmax>640.91</xmax>
      <ymax>222.73</ymax>
    </bndbox>
  </object>
</annotation>