<?xml version="1.0" encoding="UTF-8" ?>
<annotation>
  <folder>19700101-105304right_calibration_UP20210809.jpg</folder>
  <filename>19700101-105304right_calibration_UP20210809.jpg</filename>
  <path>http://172.18.39.209:9000/aliimages1999999975/19700101-105304right_calibration_UP20210809.jpg</path>
  <source>
    <database>Unknown</database>
  </source>
  <size>
    <width>642</width>
    <height>362</height>
    <depth>0</depth>
  </size>
  <segmented>0</segmented>
  <object>
    <name>dining_table</name>
    <pose>Unspecified</pose>
    <truncated>0</truncated>
    <difficult>0</difficult>
    <bndbox>
      <xmin>115.00</xmin>
      <ymin>50.00</ymin>
      <xmax>378.64</xmax>
      <ymax>227.73</ymax>
    </bndbox>
  </object>
  <object>
    <name>wire</name>
    <pose>Unspecified</pose>
    <truncated>0</truncated>
    <difficult>0</difficult>
    <bndbox>
      <xmin>380.00</xmin>
      <ymin>103.64</ymin>
      <xmax>462.73</xmax>
      <ymax>116.82</ymax>
    </bndbox>
  </object>
  <object>
    <name>plastic_toy</name>
    <pose>Unspecified</pose>
    <truncated>0</truncated>
    <difficult>0</difficult>
    <bndbox>
      <xmin>315.00</xmin>
      <ymin>191.82</ymin>
      <xmax>386.82</xmax>
      <ymax>232.73</ymax>
    </bndbox>
  </object>
  <object>
    <name>shoe</name>
    <pose>Unspecified</pose>
    <truncated>0</truncated>
    <difficult>0</difficult>
    <bndbox>
      <xmin>0.00</xmin>
      <ymin>137.73</ymin>
      <xmax>57.73</xmax>
      <ymax>240.00</ymax>
    </bndbox>
  </object>
</annotation>