<?xml version="1.0" encoding="UTF-8" ?>
<annotation>
  <folder>19700101-085214right_calibration.jpg</folder>
  <filename>19700101-085214right_calibration.jpg</filename>
  <path>http://172.18.39.209:9000/aliimages1999999974/19700101-085214right_calibration.jpg</path>
  <source>
    <database>Unknown</database>
  </source>
  <size>
    <width>642</width>
    <height>362</height>
    <depth>0</depth>
  </size>
  <segmented>0</segmented>
  <object>
    <name>plastic_toy</name>
    <pose>Unspecified</pose>
    <truncated>0</truncated>
    <difficult>0</difficult>
    <bndbox>
      <xmin>0.91</xmin>
      <ymin>103.64</ymin>
      <xmax>128.64</xmax>
      <ymax>251.82</ymax>
    </bndbox>
  </object>
  <object>
    <name>dining_table</name>
    <pose>Unspecified</pose>
    <truncated>0</truncated>
    <difficult>0</difficult>
    <bndbox>
      <xmin>96.82</xmin>
      <ymin>155.00</ymin>
      <xmax>220.00</xmax>
      <ymax>230.00</ymax>
    </bndbox>
  </object>
  <object>
    <name>dining_table</name>
    <pose>Unspecified</pose>
    <truncated>0</truncated>
    <difficult>0</difficult>
    <bndbox>
      <xmin>250.00</xmin>
      <ymin>95.00</ymin>
      <xmax>602.73</xmax>
      <ymax>230.91</ymax>
    </bndbox>
  </object>
  <object>
    <name>plastic_toy</name>
    <pose>Unspecified</pose>
    <truncated>0</truncated>
    <difficult>0</difficult>
    <bndbox>
      <xmin>325.91</xmin>
      <ymin>170.91</ymin>
      <xmax>378.64</xmax>
      <ymax>240.00</ymax>
    </bndbox>
  </object>
</annotation>