<?xml version="1.0" encoding="UTF-8" ?>
<annotation>
  <folder>19700101-084708right_calibration_UP20210809.jpg</folder>
  <filename>19700101-084708right_calibration_UP20210809.jpg</filename>
  <path>http://172.18.39.209:9000/aliimages1999999975/19700101-084708right_calibration_UP20210809.jpg</path>
  <source>
    <database>Unknown</database>
  </source>
  <size>
    <width>642</width>
    <height>362</height>
    <depth>0</depth>
  </size>
  <segmented>0</segmented>
  <object>
    <name>wire</name>
    <pose>Unspecified</pose>
    <truncated>0</truncated>
    <difficult>0</difficult>
    <bndbox>
      <xmin>123.64</xmin>
      <ymin>15.91</ymin>
      <xmax>235.91</xmax>
      <ymax>114.55</ymax>
    </bndbox>
  </object>
  <object>
    <name>metal_chair_foot</name>
    <pose>Unspecified</pose>
    <truncated>0</truncated>
    <difficult>0</difficult>
    <bndbox>
      <xmin>565.91</xmin>
      <ymin>201.82</ymin>
      <xmax>640.91</xmax>
      <ymax>217.73</ymax>
    </bndbox>
  </object>
  <object>
    <name>chair_base</name>
    <pose>Unspecified</pose>
    <truncated>0</truncated>
    <difficult>0</difficult>
    <bndbox>
      <xmin>26.82</xmin>
      <ymin>188.64</ymin>
      <xmax>160.91</xmax>
      <ymax>225.00</ymax>
    </bndbox>
  </object>
  <object>
    <name>plastic_toy</name>
    <pose>Unspecified</pose>
    <truncated>0</truncated>
    <difficult>0</difficult>
    <bndbox>
      <xmin>235.00</xmin>
      <ymin>62.73</ymin>
      <xmax>434.55</xmax>
      <ymax>282.73</ymax>
    </bndbox>
  </object>
  <object>
    <name>dining_table</name>
    <pose>Unspecified</pose>
    <truncated>0</truncated>
    <difficult>0</difficult>
    <bndbox>
      <xmin>45.91</xmin>
      <ymin>0.00</ymin>
      <xmax>640.91</xmax>
      <ymax>218.64</ymax>
    </bndbox>
  </object>
</annotation>