<?xml version="1.0" encoding="UTF-8" ?>
<annotation>
  <folder>19700101-093646right_calibration_UP20210809.jpg</folder>
  <filename>19700101-093646right_calibration_UP20210809.jpg</filename>
  <path>http://172.18.39.209:9000/aliimages1999999975/19700101-093646right_calibration_UP20210809.jpg</path>
  <source>
    <database>Unknown</database>
  </source>
  <size>
    <width>642</width>
    <height>362</height>
    <depth>0</depth>
  </size>
  <segmented>0</segmented>
  <object>
    <name>plastic_toy</name>
    <pose>Unspecified</pose>
    <truncated>0</truncated>
    <difficult>0</difficult>
    <bndbox>
      <xmin>351.82</xmin>
      <ymin>64.55</ymin>
      <xmax>473.64</xmax>
      <ymax>282.73</ymax>
    </bndbox>
  </object>
  <object>
    <name>plastic_toy</name>
    <pose>Unspecified</pose>
    <truncated>0</truncated>
    <difficult>0</difficult>
    <bndbox>
      <xmin>489.55</xmin>
      <ymin>191.82</ymin>
      <xmax>515.91</xmax>
      <ymax>227.73</ymax>
    </bndbox>
  </object>
  <object>
    <name>plastic_toy</name>
    <pose>Unspecified</pose>
    <truncated>0</truncated>
    <difficult>0</difficult>
    <bndbox>
      <xmin>223.64</xmin>
      <ymin>175.91</ymin>
      <xmax>250.00</xmax>
      <ymax>232.73</ymax>
    </bndbox>
  </object>
  <object>
    <name>plastic_toy</name>
    <pose>Unspecified</pose>
    <truncated>0</truncated>
    <difficult>0</difficult>
    <bndbox>
      <xmin>300.91</xmin>
      <ymin>203.64</ymin>
      <xmax>319.55</xmax>
      <ymax>230.00</ymax>
    </bndbox>
  </object>
  <object>
    <name>metal_chair_foot</name>
    <pose>Unspecified</pose>
    <truncated>0</truncated>
    <difficult>0</difficult>
    <bndbox>
      <xmin>0.00</xmin>
      <ymin>220.00</ymin>
      <xmax>92.73</xmax>
      <ymax>235.00</ymax>
    </bndbox>
  </object>
  <object>
    <name>metal_chair_foot</name>
    <pose>Unspecified</pose>
    <truncated>0</truncated>
    <difficult>0</difficult>
    <bndbox>
      <xmin>0.91</xmin>
      <ymin>220.91</ymin>
      <xmax>106.82</xmax>
      <ymax>240.00</ymax>
    </bndbox>
  </object>
  <object>
    <name>dining_table</name>
    <pose>Unspecified</pose>
    <truncated>0</truncated>
    <difficult>0</difficult>
    <bndbox>
      <xmin>420.00</xmin>
      <ymin>136.82</ymin>
      <xmax>577.73</xmax>
      <ymax>224.55</ymax>
    </bndbox>
  </object>
</annotation>