<?xml version="1.0" encoding="UTF-8" ?>
<annotation>
  <folder>19700101-094833right_calibration_UP20210809.jpg</folder>
  <filename>19700101-094833right_calibration_UP20210809.jpg</filename>
  <path>http://172.18.39.209:9000/aliimages1999999975/19700101-094833right_calibration_UP20210809.jpg</path>
  <source>
    <database>Unknown</database>
  </source>
  <size>
    <width>642</width>
    <height>362</height>
    <depth>0</depth>
  </size>
  <segmented>0</segmented>
  <object>
    <name>plastic_toy</name>
    <pose>Unspecified</pose>
    <truncated>0</truncated>
    <difficult>0</difficult>
    <bndbox>
      <xmin>202.73</xmin>
      <ymin>189.55</ymin>
      <xmax>252.73</xmax>
      <ymax>225.91</ymax>
    </bndbox>
  </object>
  <object>
    <name>dining_table</name>
    <pose>Unspecified</pose>
    <truncated>0</truncated>
    <difficult>0</difficult>
    <bndbox>
      <xmin>220.91</xmin>
      <ymin>73.64</ymin>
      <xmax>639.55</xmax>
      <ymax>217.73</ymax>
    </bndbox>
  </object>
</annotation>