<?xml version="1.0" encoding="UTF-8" ?>
<annotation>
  <folder>19700101-084548right_calibration.jpg</folder>
  <filename>19700101-084548right_calibration.jpg</filename>
  <path>http://172.18.39.209:9000/aliimages1999999974/19700101-084548right_calibration.jpg</path>
  <source>
    <database>Unknown</database>
  </source>
  <size>
    <width>642</width>
    <height>362</height>
    <depth>0</depth>
  </size>
  <segmented>0</segmented>
  <object>
    <name>chair_base</name>
    <pose>Unspecified</pose>
    <truncated>0</truncated>
    <difficult>0</difficult>
    <bndbox>
      <xmin>388.64</xmin>
      <ymin>200.91</ymin>
      <xmax>425.91</xmax>
      <ymax>215.00</ymax>
    </bndbox>
  </object>
  <object>
    <name>plastic_toy</name>
    <pose>Unspecified</pose>
    <truncated>0</truncated>
    <difficult>0</difficult>
    <bndbox>
      <xmin>290.00</xmin>
      <ymin>40.91</ymin>
      <xmax>610.00</xmax>
      <ymax>285.00</ymax>
    </bndbox>
  </object>
  <object>
    <name>plastic_toy</name>
    <pose>Unspecified</pose>
    <truncated>0</truncated>
    <difficult>0</difficult>
    <bndbox>
      <xmin>482.73</xmin>
      <ymin>151.82</ymin>
      <xmax>608.64</xmax>
      <ymax>220.91</ymax>
    </bndbox>
  </object>
  <object>
    <name>dining_table</name>
    <pose>Unspecified</pose>
    <truncated>0</truncated>
    <difficult>0</difficult>
    <bndbox>
      <xmin>387.73</xmin>
      <ymin>110.91</ymin>
      <xmax>641.82</xmax>
      <ymax>213.64</ymax>
    </bndbox>
  </object>
</annotation>