<?xml version="1.0" encoding="UTF-8" ?>
<annotation>
  <folder>19700101-085206right_calibration_UP20210809.jpg</folder>
  <filename>19700101-085206right_calibration_UP20210809.jpg</filename>
  <path>http://172.18.39.209:9000/aliimages1999999975/19700101-085206right_calibration_UP20210809.jpg</path>
  <source>
    <database>Unknown</database>
  </source>
  <size>
    <width>642</width>
    <height>362</height>
    <depth>0</depth>
  </size>
  <segmented>0</segmented>
  <object>
    <name>metal_chair_foot</name>
    <pose>Unspecified</pose>
    <truncated>0</truncated>
    <difficult>0</difficult>
    <bndbox>
      <xmin>560.00</xmin>
      <ymin>200.91</ymin>
      <xmax>640.91</xmax>
      <ymax>216.82</ymax>
    </bndbox>
  </object>
  <object>
    <name>chair_base</name>
    <pose>Unspecified</pose>
    <truncated>0</truncated>
    <difficult>0</difficult>
    <bndbox>
      <xmin>5.91</xmin>
      <ymin>189.55</ymin>
      <xmax>92.73</xmax>
      <ymax>215.00</ymax>
    </bndbox>
  </object>
  <object>
    <name>plastic_toy</name>
    <pose>Unspecified</pose>
    <truncated>0</truncated>
    <difficult>0</difficult>
    <bndbox>
      <xmin>167.73</xmin>
      <ymin>70.91</ymin>
      <xmax>364.55</xmax>
      <ymax>281.82</ymax>
    </bndbox>
  </object>
  <object>
    <name>dining_table</name>
    <pose>Unspecified</pose>
    <truncated>0</truncated>
    <difficult>0</difficult>
    <bndbox>
      <xmin>0.00</xmin>
      <ymin>107.73</ymin>
      <xmax>197.73</xmax>
      <ymax>210.91</ymax>
    </bndbox>
  </object>
</annotation>