<?xml version="1.0" encoding="UTF-8" ?>
<annotation>
  <folder>19700101-092059right_calibration_UP20210809.jpg</folder>
  <filename>19700101-092059right_calibration_UP20210809.jpg</filename>
  <path>http://172.18.39.209:9000/aliimages1999999975/19700101-092059right_calibration_UP20210809.jpg</path>
  <source>
    <database>Unknown</database>
  </source>
  <size>
    <width>642</width>
    <height>362</height>
    <depth>0</depth>
  </size>
  <segmented>0</segmented>
  <object>
    <name>plastic_toy</name>
    <pose>Unspecified</pose>
    <truncated>0</truncated>
    <difficult>0</difficult>
    <bndbox>
      <xmin>308.64</xmin>
      <ymin>154.55</ymin>
      <xmax>463.64</xmax>
      <ymax>239.55</ymax>
    </bndbox>
  </object>
  <object>
    <name>metal_chair_foot</name>
    <pose>Unspecified</pose>
    <truncated>0</truncated>
    <difficult>0</difficult>
    <bndbox>
      <xmin>223.64</xmin>
      <ymin>207.73</ymin>
      <xmax>288.64</xmax>
      <ymax>226.82</ymax>
    </bndbox>
  </object>
  <object>
    <name>metal_chair_foot</name>
    <pose>Unspecified</pose>
    <truncated>0</truncated>
    <difficult>0</difficult>
    <bndbox>
      <xmin>59.55</xmin>
      <ymin>215.00</ymin>
      <xmax>97.73</xmax>
      <ymax>238.64</ymax>
    </bndbox>
  </object>
  <object>
    <name>shoe</name>
    <pose>Unspecified</pose>
    <truncated>0</truncated>
    <difficult>0</difficult>
    <bndbox>
      <xmin>542.73</xmin>
      <ymin>190.91</ymin>
      <xmax>575.00</xmax>
      <ymax>215.00</ymax>
    </bndbox>
  </object>
  <object>
    <name>dining_table</name>
    <pose>Unspecified</pose>
    <truncated>0</truncated>
    <difficult>0</difficult>
    <bndbox>
      <xmin>0.00</xmin>
      <ymin>0.91</ymin>
      <xmax>480.00</xmax>
      <ymax>237.73</ymax>
    </bndbox>
  </object>
</annotation>