<?xml version="1.0" encoding="UTF-8" ?>
<annotation>
  <folder>19700101-085844right_calibration_UP20210809.jpg</folder>
  <filename>19700101-085844right_calibration_UP20210809.jpg</filename>
  <path>http://172.18.39.209:9000/aliimages1999999975/19700101-085844right_calibration_UP20210809.jpg</path>
  <source>
    <database>Unknown</database>
  </source>
  <size>
    <width>642</width>
    <height>362</height>
    <depth>0</depth>
  </size>
  <segmented>0</segmented>
  <object>
    <name>dining_table</name>
    <pose>Unspecified</pose>
    <truncated>0</truncated>
    <difficult>0</difficult>
    <bndbox>
      <xmin>335.91</xmin>
      <ymin>0.91</ymin>
      <xmax>640.91</xmax>
      <ymax>220.00</ymax>
    </bndbox>
  </object>
  <object>
    <name>metal_chair_foot</name>
    <pose>Unspecified</pose>
    <truncated>0</truncated>
    <difficult>0</difficult>
    <bndbox>
      <xmin>500.00</xmin>
      <ymin>205.00</ymin>
      <xmax>550.00</xmax>
      <ymax>220.91</ymax>
    </bndbox>
  </object>
  <object>
    <name>dining_table</name>
    <pose>Unspecified</pose>
    <truncated>0</truncated>
    <difficult>0</difficult>
    <bndbox>
      <xmin>1.82</xmin>
      <ymin>118.64</ymin>
      <xmax>286.82</xmax>
      <ymax>215.91</ymax>
    </bndbox>
  </object>
  <object>
    <name>metal_chair_foot</name>
    <pose>Unspecified</pose>
    <truncated>0</truncated>
    <difficult>0</difficult>
    <bndbox>
      <xmin>92.73</xmin>
      <ymin>205.00</ymin>
      <xmax>123.64</xmax>
      <ymax>215.00</ymax>
    </bndbox>
  </object>
  <object>
    <name>chair_base</name>
    <pose>Unspecified</pose>
    <truncated>0</truncated>
    <difficult>0</difficult>
    <bndbox>
      <xmin>0.00</xmin>
      <ymin>196.82</ymin>
      <xmax>70.91</xmax>
      <ymax>216.82</ymax>
    </bndbox>
  </object>
  <object>
    <name>plastic_toy</name>
    <pose>Unspecified</pose>
    <truncated>0</truncated>
    <difficult>0</difficult>
    <bndbox>
      <xmin>259.55</xmin>
      <ymin>140.91</ymin>
      <xmax>443.64</xmax>
      <ymax>242.73</ymax>
    </bndbox>
  </object>
  <object>
    <name>wire</name>
    <pose>Unspecified</pose>
    <truncated>0</truncated>
    <difficult>0</difficult>
    <bndbox>
      <xmin>24.55</xmin>
      <ymin>50.00</ymin>
      <xmax>35.00</xmax>
      <ymax>105.91</ymax>
    </bndbox>
  </object>
</annotation>