<?xml version="1.0" encoding="UTF-8" ?>
<annotation>
  <folder>19700101-082937right_calibration.jpg</folder>
  <filename>19700101-082937right_calibration.jpg</filename>
  <path>http://172.18.39.209:9000/aliimages1999999994/19700101-082937right_calibration.jpg</path>
  <source>
    <database>Unknown</database>
  </source>
  <size>
    <width>642</width>
    <height>362</height>
    <depth>0</depth>
  </size>
  <segmented>0</segmented>
  <object>
    <name>weight_scale</name>
    <pose>Unspecified</pose>
    <truncated>0</truncated>
    <difficult>0</difficult>
    <bndbox>
      <xmin>0.91</xmin>
      <ymin>225.91</ymin>
      <xmax>641.82</xmax>
      <ymax>361.82</ymax>
    </bndbox>
  </object>
  <object>
    <name>TV_stand</name>
    <pose>Unspecified</pose>
    <truncated>0</truncated>
    <difficult>0</difficult>
    <bndbox>
      <xmin>288.64</xmin>
      <ymin>90.00</ymin>
      <xmax>353.64</xmax>
      <ymax>181.82</ymax>
    </bndbox>
  </object>
  <object>
    <name>dining_table</name>
    <pose>Unspecified</pose>
    <truncated>0</truncated>
    <difficult>0</difficult>
    <bndbox>
      <xmin>362.73</xmin>
      <ymin>141.82</ymin>
      <xmax>461.82</xmax>
      <ymax>180.00</ymax>
    </bndbox>
  </object>
</annotation>