<?xml version="1.0" encoding="UTF-8" ?>
<annotation>
  <folder>19700101-094718right_calibration_UP20210809.jpg</folder>
  <filename>19700101-094718right_calibration_UP20210809.jpg</filename>
  <path>http://172.18.39.209:9000/aliimages1999999975/19700101-094718right_calibration_UP20210809.jpg</path>
  <source>
    <database>Unknown</database>
  </source>
  <size>
    <width>642</width>
    <height>362</height>
    <depth>0</depth>
  </size>
  <segmented>0</segmented>
  <object>
    <name>plastic_toy</name>
    <pose>Unspecified</pose>
    <truncated>0</truncated>
    <difficult>0</difficult>
    <bndbox>
      <xmin>526.82</xmin>
      <ymin>146.82</ymin>
      <xmax>581.82</xmax>
      <ymax>219.55</ymax>
    </bndbox>
  </object>
  <object>
    <name>plastic_toy</name>
    <pose>Unspecified</pose>
    <truncated>0</truncated>
    <difficult>0</difficult>
    <bndbox>
      <xmin>198.64</xmin>
      <ymin>145.91</ymin>
      <xmax>292.73</xmax>
      <ymax>242.73</ymax>
    </bndbox>
  </object>
  <object>
    <name>plastic_toy</name>
    <pose>Unspecified</pose>
    <truncated>0</truncated>
    <difficult>0</difficult>
    <bndbox>
      <xmin>36.82</xmin>
      <ymin>164.55</ymin>
      <xmax>75.91</xmax>
      <ymax>221.82</ymax>
    </bndbox>
  </object>
  <object>
    <name>dining_table</name>
    <pose>Unspecified</pose>
    <truncated>0</truncated>
    <difficult>0</difficult>
    <bndbox>
      <xmin>305.91</xmin>
      <ymin>146.82</ymin>
      <xmax>436.82</xmax>
      <ymax>210.91</ymax>
    </bndbox>
  </object>
  <object>
    <name>dining_table</name>
    <pose>Unspecified</pose>
    <truncated>0</truncated>
    <difficult>0</difficult>
    <bndbox>
      <xmin>0.91</xmin>
      <ymin>92.73</ymin>
      <xmax>312.73</xmax>
      <ymax>217.73</ymax>
    </bndbox>
  </object>
</annotation>