<?xml version="1.0" encoding="UTF-8" ?>
<annotation>
  <folder>19700101-084730right_calibration_UP20210809.jpg</folder>
  <filename>19700101-084730right_calibration_UP20210809.jpg</filename>
  <path>http://172.18.39.209:9000/aliimages1999999975/19700101-084730right_calibration_UP20210809.jpg</path>
  <source>
    <database>Unknown</database>
  </source>
  <size>
    <width>642</width>
    <height>362</height>
    <depth>0</depth>
  </size>
  <segmented>0</segmented>
  <object>
    <name>plastic_toy</name>
    <pose>Unspecified</pose>
    <truncated>0</truncated>
    <difficult>0</difficult>
    <bndbox>
      <xmin>275.91</xmin>
      <ymin>70.00</ymin>
      <xmax>447.73</xmax>
      <ymax>262.73</ymax>
    </bndbox>
  </object>
  <object>
    <name>metal_chair_foot</name>
    <pose>Unspecified</pose>
    <truncated>0</truncated>
    <difficult>0</difficult>
    <bndbox>
      <xmin>525.00</xmin>
      <ymin>198.64</ymin>
      <xmax>591.82</xmax>
      <ymax>218.64</ymax>
    </bndbox>
  </object>
  <object>
    <name>metal_chair_foot</name>
    <pose>Unspecified</pose>
    <truncated>0</truncated>
    <difficult>0</difficult>
    <bndbox>
      <xmin>445.91</xmin>
      <ymin>200.00</ymin>
      <xmax>518.64</xmax>
      <ymax>215.00</ymax>
    </bndbox>
  </object>
  <object>
    <name>dining_table</name>
    <pose>Unspecified</pose>
    <truncated>0</truncated>
    <difficult>0</difficult>
    <bndbox>
      <xmin>412.73</xmin>
      <ymin>0.91</ymin>
      <xmax>640.00</xmax>
      <ymax>220.00</ymax>
    </bndbox>
  </object>
  <object>
    <name>wire</name>
    <pose>Unspecified</pose>
    <truncated>0</truncated>
    <difficult>0</difficult>
    <bndbox>
      <xmin>320.00</xmin>
      <ymin>68.64</ymin>
      <xmax>357.73</xmax>
      <ymax>110.00</ymax>
    </bndbox>
  </object>
</annotation>