<?xml version="1.0" encoding="UTF-8" ?>
<annotation>
  <folder>19700101-091206right_calibration.jpg</folder>
  <filename>19700101-091206right_calibration.jpg</filename>
  <path>http://172.18.39.209:9000/aliimages1999999974/19700101-091206right_calibration.jpg</path>
  <source>
    <database>Unknown</database>
  </source>
  <size>
    <width>642</width>
    <height>362</height>
    <depth>0</depth>
  </size>
  <segmented>0</segmented>
  <object>
    <name>sofa</name>
    <pose>Unspecified</pose>
    <truncated>0</truncated>
    <difficult>0</difficult>
    <bndbox>
      <xmin>416.82</xmin>
      <ymin>105.91</ymin>
      <xmax>641.82</xmax>
      <ymax>166.82</ymax>
    </bndbox>
  </object>
  <object>
    <name>plastic_toy</name>
    <pose>Unspecified</pose>
    <truncated>0</truncated>
    <difficult>0</difficult>
    <bndbox>
      <xmin>300.00</xmin>
      <ymin>73.64</ymin>
      <xmax>495.91</xmax>
      <ymax>221.82</ymax>
    </bndbox>
  </object>
  <object>
    <name>dining_table</name>
    <pose>Unspecified</pose>
    <truncated>0</truncated>
    <difficult>0</difficult>
    <bndbox>
      <xmin>0.91</xmin>
      <ymin>46.82</ymin>
      <xmax>191.82</xmax>
      <ymax>202.73</ymax>
    </bndbox>
  </object>
</annotation>