<?xml version="1.0" encoding="UTF-8" ?>
<annotation>
  <folder>19700101-082013right_calibration_UP20210805.jpg</folder>
  <filename>19700101-082013right_calibration_UP20210805.jpg</filename>
  <path>http://172.18.39.209:9000/aliimages1999999974/19700101-082013right_calibration_UP20210805.jpg</path>
  <source>
    <database>Unknown</database>
  </source>
  <size>
    <width>642</width>
    <height>362</height>
    <depth>0</depth>
  </size>
  <segmented>0</segmented>
  <object>
    <name>dining_table</name>
    <pose>Unspecified</pose>
    <truncated>0</truncated>
    <difficult>0</difficult>
    <bndbox>
      <xmin>75.00</xmin>
      <ymin>1.82</ymin>
      <xmax>483.64</xmax>
      <ymax>239.55</ymax>
    </bndbox>
  </object>
  <object>
    <name>wallet</name>
    <pose>Unspecified</pose>
    <truncated>0</truncated>
    <difficult>0</difficult>
    <bndbox>
      <xmin>400.91</xmin>
      <ymin>212.73</ymin>
      <xmax>472.73</xmax>
      <ymax>233.64</ymax>
    </bndbox>
  </object>
  <object>
    <name>door_anno</name>
    <pose>Unspecified</pose>
    <truncated>0</truncated>
    <difficult>0</difficult>
    <bndbox>
      <xmin>319.55</xmin>
      <ymin>110.00</ymin>
      <xmax>351.82</xmax>
      <ymax>216.82</ymax>
    </bndbox>
  </object>
</annotation>