<?xml version="1.0" encoding="UTF-8" ?>
<annotation>
  <folder>19700101-094132right_calibration_UP20210809.jpg</folder>
  <filename>19700101-094132right_calibration_UP20210809.jpg</filename>
  <path>http://172.18.39.209:9000/aliimages1999999975/19700101-094132right_calibration_UP20210809.jpg</path>
  <source>
    <database>Unknown</database>
  </source>
  <size>
    <width>642</width>
    <height>362</height>
    <depth>0</depth>
  </size>
  <segmented>0</segmented>
  <object>
    <name>plastic_toy</name>
    <pose>Unspecified</pose>
    <truncated>0</truncated>
    <difficult>0</difficult>
    <bndbox>
      <xmin>230.91</xmin>
      <ymin>128.64</ymin>
      <xmax>298.64</xmax>
      <ymax>235.00</ymax>
    </bndbox>
  </object>
  <object>
    <name>chair_base</name>
    <pose>Unspecified</pose>
    <truncated>0</truncated>
    <difficult>0</difficult>
    <bndbox>
      <xmin>467.73</xmin>
      <ymin>188.64</ymin>
      <xmax>606.82</xmax>
      <ymax>225.91</ymax>
    </bndbox>
  </object>
  <object>
    <name>wire</name>
    <pose>Unspecified</pose>
    <truncated>0</truncated>
    <difficult>0</difficult>
    <bndbox>
      <xmin>482.73</xmin>
      <ymin>0.00</ymin>
      <xmax>520.00</xmax>
      <ymax>95.91</ymax>
    </bndbox>
  </object>
  <object>
    <name>dining_table</name>
    <pose>Unspecified</pose>
    <truncated>0</truncated>
    <difficult>0</difficult>
    <bndbox>
      <xmin>347.73</xmin>
      <ymin>49.55</ymin>
      <xmax>640.91</xmax>
      <ymax>215.00</ymax>
    </bndbox>
  </object>
</annotation>