<?xml version="1.0" encoding="UTF-8" ?>
<annotation>
  <folder>19700101-092013right_calibration.jpg</folder>
  <filename>19700101-092013right_calibration.jpg</filename>
  <path>http://172.18.39.209:9000/aliimages1999999974/19700101-092013right_calibration.jpg</path>
  <source>
    <database>Unknown</database>
  </source>
  <size>
    <width>642</width>
    <height>362</height>
    <depth>0</depth>
  </size>
  <segmented>0</segmented>
  <object>
    <name>wire</name>
    <pose>Unspecified</pose>
    <truncated>0</truncated>
    <difficult>0</difficult>
    <bndbox>
      <xmin>343.64</xmin>
      <ymin>130.91</ymin>
      <xmax>385.00</xmax>
      <ymax>198.64</ymax>
    </bndbox>
  </object>
  <object>
    <name>wire</name>
    <pose>Unspecified</pose>
    <truncated>0</truncated>
    <difficult>0</difficult>
    <bndbox>
      <xmin>80.91</xmin>
      <ymin>118.64</ymin>
      <xmax>146.82</xmax>
      <ymax>192.73</ymax>
    </bndbox>
  </object>
  <object>
    <name>plastic_toy</name>
    <pose>Unspecified</pose>
    <truncated>0</truncated>
    <difficult>0</difficult>
    <bndbox>
      <xmin>131.82</xmin>
      <ymin>150.00</ymin>
      <xmax>208.64</xmax>
      <ymax>226.82</ymax>
    </bndbox>
  </object>
  <object>
    <name>metal_chair_foot</name>
    <pose>Unspecified</pose>
    <truncated>0</truncated>
    <difficult>0</difficult>
    <bndbox>
      <xmin>217.73</xmin>
      <ymin>205.00</ymin>
      <xmax>255.00</xmax>
      <ymax>217.73</ymax>
    </bndbox>
  </object>
  <object>
    <name>dining_table</name>
    <pose>Unspecified</pose>
    <truncated>0</truncated>
    <difficult>0</difficult>
    <bndbox>
      <xmin>187.73</xmin>
      <ymin>82.73</ymin>
      <xmax>365.00</xmax>
      <ymax>220.00</ymax>
    </bndbox>
  </object>
</annotation>