<?xml version="1.0" encoding="UTF-8" ?>
<annotation>
  <folder>19700101-110925right_calibration_UP20210809.jpg</folder>
  <filename>19700101-110925right_calibration_UP20210809.jpg</filename>
  <path>http://172.18.39.209:9000/aliimages1999999975/19700101-110925right_calibration_UP20210809.jpg</path>
  <source>
    <database>Unknown</database>
  </source>
  <size>
    <width>642</width>
    <height>362</height>
    <depth>0</depth>
  </size>
  <segmented>0</segmented>
  <object>
    <name>dining_table</name>
    <pose>Unspecified</pose>
    <truncated>0</truncated>
    <difficult>0</difficult>
    <bndbox>
      <xmin>322.73</xmin>
      <ymin>48.64</ymin>
      <xmax>565.00</xmax>
      <ymax>220.00</ymax>
    </bndbox>
  </object>
  <object>
    <name>door_anno</name>
    <pose>Unspecified</pose>
    <truncated>0</truncated>
    <difficult>0</difficult>
    <bndbox>
      <xmin>1.82</xmin>
      <ymin>0.00</ymin>
      <xmax>165.91</xmax>
      <ymax>222.73</ymax>
    </bndbox>
  </object>
</annotation>