<?xml version="1.0" encoding="UTF-8" ?>
<annotation>
  <folder>19700101-081849right_calibration_UP20210805.jpg</folder>
  <filename>19700101-081849right_calibration_UP20210805.jpg</filename>
  <path>http://172.18.39.209:9000/aliimages1999999974/19700101-081849right_calibration_UP20210805.jpg</path>
  <source>
    <database>Unknown</database>
  </source>
  <size>
    <width>642</width>
    <height>362</height>
    <depth>0</depth>
  </size>
  <segmented>0</segmented>
  <object>
    <name>dining_table</name>
    <pose>Unspecified</pose>
    <truncated>0</truncated>
    <difficult>0</difficult>
    <bndbox>
      <xmin>215.91</xmin>
      <ymin>0.00</ymin>
      <xmax>624.55</xmax>
      <ymax>230.00</ymax>
    </bndbox>
  </object>
  <object>
    <name>TV_stand</name>
    <pose>Unspecified</pose>
    <truncated>0</truncated>
    <difficult>0</difficult>
    <bndbox>
      <xmin>147.73</xmin>
      <ymin>187.73</ymin>
      <xmax>213.64</xmax>
      <ymax>214.55</ymax>
    </bndbox>
  </object>
  <object>
    <name>wallet</name>
    <pose>Unspecified</pose>
    <truncated>0</truncated>
    <difficult>0</difficult>
    <bndbox>
      <xmin>364.55</xmin>
      <ymin>223.64</ymin>
      <xmax>422.73</xmax>
      <ymax>238.64</ymax>
    </bndbox>
  </object>
</annotation>