<?xml version="1.0" encoding="UTF-8" ?>
<annotation>
  <folder>19700101-084138right_calibration.jpg</folder>
  <filename>19700101-084138right_calibration.jpg</filename>
  <path>http://172.18.39.209:9000/aliimages1999999974/19700101-084138right_calibration.jpg</path>
  <source>
    <database>Unknown</database>
  </source>
  <size>
    <width>642</width>
    <height>362</height>
    <depth>0</depth>
  </size>
  <segmented>0</segmented>
  <object>
    <name>shoe</name>
    <pose>Unspecified</pose>
    <truncated>0</truncated>
    <difficult>0</difficult>
    <bndbox>
      <xmin>0.91</xmin>
      <ymin>132.73</ymin>
      <xmax>132.73</xmax>
      <ymax>282.73</ymax>
    </bndbox>
  </object>
  <object>
    <name>dining_table</name>
    <pose>Unspecified</pose>
    <truncated>0</truncated>
    <difficult>0</difficult>
    <bndbox>
      <xmin>248.64</xmin>
      <ymin>140.00</ymin>
      <xmax>347.73</xmax>
      <ymax>228.64</ymax>
    </bndbox>
  </object>
</annotation>