<?xml version="1.0" encoding="UTF-8" ?>
<annotation>
  <folder>19700101-091732right_calibration.jpg</folder>
  <filename>19700101-091732right_calibration.jpg</filename>
  <path>http://172.18.39.209:9000/aliimages1999999974/19700101-091732right_calibration.jpg</path>
  <source>
    <database>Unknown</database>
  </source>
  <size>
    <width>642</width>
    <height>362</height>
    <depth>0</depth>
  </size>
  <segmented>0</segmented>
  <object>
    <name>wire</name>
    <pose>Unspecified</pose>
    <truncated>0</truncated>
    <difficult>0</difficult>
    <bndbox>
      <xmin>170.00</xmin>
      <ymin>200.00</ymin>
      <xmax>180.00</xmax>
      <ymax>222.73</ymax>
    </bndbox>
  </object>
  <object>
    <name>dining_table</name>
    <pose>Unspecified</pose>
    <truncated>0</truncated>
    <difficult>0</difficult>
    <bndbox>
      <xmin>0.91</xmin>
      <ymin>0.91</ymin>
      <xmax>223.64</xmax>
      <ymax>246.82</ymax>
    </bndbox>
  </object>
  <object>
    <name>plastic_toy</name>
    <pose>Unspecified</pose>
    <truncated>0</truncated>
    <difficult>0</difficult>
    <bndbox>
      <xmin>150.00</xmin>
      <ymin>17.73</ymin>
      <xmax>412.73</xmax>
      <ymax>312.73</ymax>
    </bndbox>
  </object>
  <object>
    <name>door_anno</name>
    <pose>Unspecified</pose>
    <truncated>0</truncated>
    <difficult>0</difficult>
    <bndbox>
      <xmin>495.00</xmin>
      <ymin>28.64</ymin>
      <xmax>562.73</xmax>
      <ymax>231.82</ymax>
    </bndbox>
  </object>
  <object>
    <name>cupboard</name>
    <pose>Unspecified</pose>
    <truncated>0</truncated>
    <difficult>0</difficult>
    <bndbox>
      <xmin>272.73</xmin>
      <ymin>170.91</ymin>
      <xmax>320.00</xmax>
      <ymax>230.91</ymax>
    </bndbox>
  </object>
</annotation>