<?xml version="1.0" encoding="UTF-8" ?>
<annotation>
  <folder>19700101-080956right_calibration_UP20210809.jpg</folder>
  <filename>19700101-080956right_calibration_UP20210809.jpg</filename>
  <path>http://172.18.39.209:9000/aliimages1999999975/19700101-080956right_calibration_UP20210809.jpg</path>
  <source>
    <database>Unknown</database>
  </source>
  <size>
    <width>642</width>
    <height>362</height>
    <depth>0</depth>
  </size>
  <segmented>0</segmented>
  <object>
    <name>metal_chair_foot</name>
    <pose>Unspecified</pose>
    <truncated>0</truncated>
    <difficult>0</difficult>
    <bndbox>
      <xmin>479.55</xmin>
      <ymin>205.91</ymin>
      <xmax>615.00</xmax>
      <ymax>232.73</ymax>
    </bndbox>
  </object>
  <object>
    <name>metal_chair_foot</name>
    <pose>Unspecified</pose>
    <truncated>0</truncated>
    <difficult>0</difficult>
    <bndbox>
      <xmin>125.00</xmin>
      <ymin>208.64</ymin>
      <xmax>225.00</xmax>
      <ymax>230.00</ymax>
    </bndbox>
  </object>
  <object>
    <name>metal_chair_foot</name>
    <pose>Unspecified</pose>
    <truncated>0</truncated>
    <difficult>0</difficult>
    <bndbox>
      <xmin>25.00</xmin>
      <ymin>205.91</ymin>
      <xmax>144.55</xmax>
      <ymax>223.64</ymax>
    </bndbox>
  </object>
  <object>
    <name>metal_chair_foot</name>
    <pose>Unspecified</pose>
    <truncated>0</truncated>
    <difficult>0</difficult>
    <bndbox>
      <xmin>343.64</xmin>
      <ymin>211.82</ymin>
      <xmax>362.73</xmax>
      <ymax>236.82</ymax>
    </bndbox>
  </object>
  <object>
    <name>dining_table</name>
    <pose>Unspecified</pose>
    <truncated>0</truncated>
    <difficult>0</difficult>
    <bndbox>
      <xmin>0.91</xmin>
      <ymin>0.91</ymin>
      <xmax>640.91</xmax>
      <ymax>230.91</ymax>
    </bndbox>
  </object>
</annotation>