<?xml version="1.0" encoding="UTF-8" ?>
<annotation>
  <folder>19700101-085324right_calibration.jpg</folder>
  <filename>19700101-085324right_calibration.jpg</filename>
  <path>http://172.18.39.209:9000/aliimages1999999974/19700101-085324right_calibration.jpg</path>
  <source>
    <database>Unknown</database>
  </source>
  <size>
    <width>642</width>
    <height>362</height>
    <depth>0</depth>
  </size>
  <segmented>0</segmented>
  <object>
    <name>chair_base</name>
    <pose>Unspecified</pose>
    <truncated>0</truncated>
    <difficult>0</difficult>
    <bndbox>
      <xmin>351.82</xmin>
      <ymin>195.91</ymin>
      <xmax>392.73</xmax>
      <ymax>212.73</ymax>
    </bndbox>
  </object>
  <object>
    <name>dining_table</name>
    <pose>Unspecified</pose>
    <truncated>0</truncated>
    <difficult>0</difficult>
    <bndbox>
      <xmin>330.91</xmin>
      <ymin>110.91</ymin>
      <xmax>641.82</xmax>
      <ymax>210.91</ymax>
    </bndbox>
  </object>
  <object>
    <name>plastic_toy</name>
    <pose>Unspecified</pose>
    <truncated>0</truncated>
    <difficult>0</difficult>
    <bndbox>
      <xmin>142.73</xmin>
      <ymin>0.91</ymin>
      <xmax>435.00</xmax>
      <ymax>305.00</ymax>
    </bndbox>
  </object>
</annotation>