<?xml version="1.0" encoding="UTF-8" ?>
<annotation>
  <folder>19700101-090759right_calibration_UP20210809.jpg</folder>
  <filename>19700101-090759right_calibration_UP20210809.jpg</filename>
  <path>http://172.18.39.209:9000/aliimages1999999975/19700101-090759right_calibration_UP20210809.jpg</path>
  <source>
    <database>Unknown</database>
  </source>
  <size>
    <width>642</width>
    <height>362</height>
    <depth>0</depth>
  </size>
  <segmented>0</segmented>
  <object>
    <name>plastic_toy</name>
    <pose>Unspecified</pose>
    <truncated>0</truncated>
    <difficult>0</difficult>
    <bndbox>
      <xmin>330.00</xmin>
      <ymin>139.55</ymin>
      <xmax>536.82</xmax>
      <ymax>310.00</ymax>
    </bndbox>
  </object>
  <object>
    <name>dining_table</name>
    <pose>Unspecified</pose>
    <truncated>0</truncated>
    <difficult>0</difficult>
    <bndbox>
      <xmin>283.64</xmin>
      <ymin>111.82</ymin>
      <xmax>455.00</xmax>
      <ymax>210.91</ymax>
    </bndbox>
  </object>
</annotation>