<?xml version="1.0" encoding="UTF-8" ?>
<annotation>
  <folder>19700101-082509right_calibration.jpg</folder>
  <filename>19700101-082509right_calibration.jpg</filename>
  <path>http://172.18.39.209:9000/aliimages1999999994/19700101-082509right_calibration.jpg</path>
  <source>
    <database>Unknown</database>
  </source>
  <size>
    <width>642</width>
    <height>362</height>
    <depth>0</depth>
  </size>
  <segmented>0</segmented>
  <object>
    <name>dining_table</name>
    <pose>Unspecified</pose>
    <truncated>0</truncated>
    <difficult>0</difficult>
    <bndbox>
      <xmin>183.64</xmin>
      <ymin>156.82</ymin>
      <xmax>280.00</xmax>
      <ymax>205.91</ymax>
    </bndbox>
  </object>
  <object>
    <name>door_anno</name>
    <pose>Unspecified</pose>
    <truncated>0</truncated>
    <difficult>0</difficult>
    <bndbox>
      <xmin>56.82</xmin>
      <ymin>63.64</ymin>
      <xmax>170.91</xmax>
      <ymax>195.91</ymax>
    </bndbox>
  </object>
  <object>
    <name>weight_scale</name>
    <pose>Unspecified</pose>
    <truncated>0</truncated>
    <difficult>0</difficult>
    <bndbox>
      <xmin>0.91</xmin>
      <ymin>245.91</ymin>
      <xmax>446.82</xmax>
      <ymax>361.82</ymax>
    </bndbox>
  </object>
  <object>
    <name>shoe</name>
    <pose>Unspecified</pose>
    <truncated>0</truncated>
    <difficult>0</difficult>
    <bndbox>
      <xmin>575.91</xmin>
      <ymin>126.82</ymin>
      <xmax>641.82</xmax>
      <ymax>260.00</ymax>
    </bndbox>
  </object>
  <object>
    <name>sofa</name>
    <pose>Unspecified</pose>
    <truncated>0</truncated>
    <difficult>0</difficult>
    <bndbox>
      <xmin>360.91</xmin>
      <ymin>126.82</ymin>
      <xmax>641.82</xmax>
      <ymax>241.82</ymax>
    </bndbox>
  </object>
</annotation>