<?xml version="1.0" encoding="UTF-8" ?>
<annotation>
  <folder>19700101-081329right_calibration.jpg</folder>
  <filename>19700101-081329right_calibration.jpg</filename>
  <path>http://172.18.39.209:9000/aliimages1999999974/19700101-081329right_calibration.jpg</path>
  <source>
    <database>Unknown</database>
  </source>
  <size>
    <width>642</width>
    <height>362</height>
    <depth>0</depth>
  </size>
  <segmented>0</segmented>
  <object>
    <name>plastic_toy</name>
    <pose>Unspecified</pose>
    <truncated>0</truncated>
    <difficult>0</difficult>
    <bndbox>
      <xmin>171.82</xmin>
      <ymin>80.00</ymin>
      <xmax>345.00</xmax>
      <ymax>230.91</ymax>
    </bndbox>
  </object>
  <object>
    <name>metal_chair_foot</name>
    <pose>Unspecified</pose>
    <truncated>0</truncated>
    <difficult>0</difficult>
    <bndbox>
      <xmin>15.91</xmin>
      <ymin>208.64</ymin>
      <xmax>50.00</xmax>
      <ymax>221.82</ymax>
    </bndbox>
  </object>
  <object>
    <name>dining_table</name>
    <pose>Unspecified</pose>
    <truncated>0</truncated>
    <difficult>0</difficult>
    <bndbox>
      <xmin>0.91</xmin>
      <ymin>52.73</ymin>
      <xmax>275.91</xmax>
      <ymax>220.91</ymax>
    </bndbox>
  </object>
</annotation>