<?xml version="1.0" encoding="UTF-8" ?>
<annotation>
  <folder>19700101-093432right_calibration_UP20210809.jpg</folder>
  <filename>19700101-093432right_calibration_UP20210809.jpg</filename>
  <path>http://172.18.39.209:9000/aliimages1999999975/19700101-093432right_calibration_UP20210809.jpg</path>
  <source>
    <database>Unknown</database>
  </source>
  <size>
    <width>642</width>
    <height>362</height>
    <depth>0</depth>
  </size>
  <segmented>0</segmented>
  <object>
    <name>plastic_toy</name>
    <pose>Unspecified</pose>
    <truncated>0</truncated>
    <difficult>0</difficult>
    <bndbox>
      <xmin>502.73</xmin>
      <ymin>170.00</ymin>
      <xmax>640.91</xmax>
      <ymax>256.82</ymax>
    </bndbox>
  </object>
  <object>
    <name>plastic_toy</name>
    <pose>Unspecified</pose>
    <truncated>0</truncated>
    <difficult>0</difficult>
    <bndbox>
      <xmin>389.55</xmin>
      <ymin>175.91</ymin>
      <xmax>415.91</xmax>
      <ymax>213.64</ymax>
    </bndbox>
  </object>
  <object>
    <name>plastic_toy</name>
    <pose>Unspecified</pose>
    <truncated>0</truncated>
    <difficult>0</difficult>
    <bndbox>
      <xmin>266.82</xmin>
      <ymin>140.00</ymin>
      <xmax>306.82</xmax>
      <ymax>217.73</ymax>
    </bndbox>
  </object>
  <object>
    <name>metal_chair_foot</name>
    <pose>Unspecified</pose>
    <truncated>0</truncated>
    <difficult>0</difficult>
    <bndbox>
      <xmin>0.00</xmin>
      <ymin>200.91</ymin>
      <xmax>93.64</xmax>
      <ymax>218.64</ymax>
    </bndbox>
  </object>
  <object>
    <name>dining_table</name>
    <pose>Unspecified</pose>
    <truncated>0</truncated>
    <difficult>0</difficult>
    <bndbox>
      <xmin>454.55</xmin>
      <ymin>105.00</ymin>
      <xmax>640.00</xmax>
      <ymax>207.73</ymax>
    </bndbox>
  </object>
</annotation>