<?xml version="1.0" encoding="UTF-8" ?>
<annotation>
  <folder>19700101-084554right_calibration.jpg</folder>
  <filename>19700101-084554right_calibration.jpg</filename>
  <path>http://172.18.39.209:9000/aliimages1999999974/19700101-084554right_calibration.jpg</path>
  <source>
    <database>Unknown</database>
  </source>
  <size>
    <width>642</width>
    <height>362</height>
    <depth>0</depth>
  </size>
  <segmented>0</segmented>
  <object>
    <name>plastic_toy</name>
    <pose>Unspecified</pose>
    <truncated>0</truncated>
    <difficult>0</difficult>
    <bndbox>
      <xmin>292.73</xmin>
      <ymin>171.82</ymin>
      <xmax>360.00</xmax>
      <ymax>216.82</ymax>
    </bndbox>
  </object>
  <object>
    <name>chair_base</name>
    <pose>Unspecified</pose>
    <truncated>0</truncated>
    <difficult>0</difficult>
    <bndbox>
      <xmin>230.91</xmin>
      <ymin>200.91</ymin>
      <xmax>265.91</xmax>
      <ymax>212.73</ymax>
    </bndbox>
  </object>
  <object>
    <name>dining_table</name>
    <pose>Unspecified</pose>
    <truncated>0</truncated>
    <difficult>0</difficult>
    <bndbox>
      <xmin>223.64</xmin>
      <ymin>146.82</ymin>
      <xmax>423.64</xmax>
      <ymax>215.00</ymax>
    </bndbox>
  </object>
  <object>
    <name>dining_table</name>
    <pose>Unspecified</pose>
    <truncated>0</truncated>
    <difficult>0</difficult>
    <bndbox>
      <xmin>465.91</xmin>
      <ymin>0.91</ymin>
      <xmax>641.82</xmax>
      <ymax>230.00</ymax>
    </bndbox>
  </object>
  <object>
    <name>metal_chair_foot</name>
    <pose>Unspecified</pose>
    <truncated>0</truncated>
    <difficult>0</difficult>
    <bndbox>
      <xmin>530.00</xmin>
      <ymin>205.00</ymin>
      <xmax>573.64</xmax>
      <ymax>223.64</ymax>
    </bndbox>
  </object>
  <object>
    <name>metal_chair_foot</name>
    <pose>Unspecified</pose>
    <truncated>0</truncated>
    <difficult>0</difficult>
    <bndbox>
      <xmin>480.91</xmin>
      <ymin>205.00</ymin>
      <xmax>500.00</xmax>
      <ymax>218.64</ymax>
    </bndbox>
  </object>
  <object>
    <name>plastic_toy</name>
    <pose>Unspecified</pose>
    <truncated>0</truncated>
    <difficult>0</difficult>
    <bndbox>
      <xmin>148.64</xmin>
      <ymin>122.73</ymin>
      <xmax>277.73</xmax>
      <ymax>235.91</ymax>
    </bndbox>
  </object>
  <object>
    <name>plastic_toy</name>
    <pose>Unspecified</pose>
    <truncated>0</truncated>
    <difficult>0</difficult>
    <bndbox>
      <xmin>93.64</xmin>
      <ymin>183.64</ymin>
      <xmax>130.00</xmax>
      <ymax>217.73</ymax>
    </bndbox>
  </object>
</annotation>