<?xml version="1.0" encoding="UTF-8" ?>
<annotation>
  <folder>2022020811</folder>
  <filename>20220118141457092.jpg</filename>
  <path>http://172.18.39.209:9000/aliimages/2022020811/20220118141457092.jpg</path>
  <source>
    <database>Unknown</database>
  </source>
  <size>
    <width>642</width>
    <height>362</height>
    <depth>0</depth>
  </size>
  <segmented>0</segmented>
  <object>
    <name>bottle</name>
    <pose>Unspecified</pose>
    <truncated>0</truncated>
    <difficult>0</difficult>
    <bndbox>
      <xmin>236.36</xmin>
      <ymin>141.82</ymin>
      <xmax>311.82</xmax>
      <ymax>187.73</ymax>
    </bndbox>
  </object>
  <object>
    <name>chair_foot</name>
    <pose>Unspecified</pose>
    <truncated>0</truncated>
    <difficult>0</difficult>
    <bndbox>
      <xmin>513.18</xmin>
      <ymin>135.91</ymin>
      <xmax>637.73</xmax>
      <ymax>175.00</ymax>
    </bndbox>
  </object>
  <object>
    <name>table_foot</name>
    <pose>Unspecified</pose>
    <truncated>0</truncated>
    <difficult>0</difficult>
    <bndbox>
      <xmin>238.18</xmin>
      <ymin>90.45</ymin>
      <xmax>249.55</xmax>
      <ymax>157.27</ymax>
    </bndbox>
  </object>
  <object>
    <name>cat</name>
    <pose>Unspecified</pose>
    <truncated>0</truncated>
    <difficult>0</difficult>
    <bndbox>
      <xmin>195.00</xmin>
      <ymin>129.55</ymin>
      <xmax>221.82</xmax>
      <ymax>174.09</ymax>
    </bndbox>
  </object>
</annotation>