<?xml version="1.0" encoding="UTF-8" ?>
<annotation>
  <folder>2022020811</folder>
  <filename>20220118141525272.jpg</filename>
  <path>http://172.18.39.209:9000/aliimages/2022020811/20220118141525272.jpg</path>
  <source>
    <database>Unknown</database>
  </source>
  <size>
    <width>642</width>
    <height>362</height>
    <depth>0</depth>
  </size>
  <segmented>0</segmented>
  <object>
    <name>bottle</name>
    <pose>Unspecified</pose>
    <truncated>0</truncated>
    <difficult>0</difficult>
    <bndbox>
      <xmin>155.45</xmin>
      <ymin>38.18</ymin>
      <xmax>198.64</xmax>
      <ymax>194.55</ymax>
    </bndbox>
  </object>
  <object>
    <name>chair_base</name>
    <pose>Unspecified</pose>
    <truncated>0</truncated>
    <difficult>0</difficult>
    <bndbox>
      <xmin>452.27</xmin>
      <ymin>162.27</ymin>
      <xmax>554.55</xmax>
      <ymax>185.91</ymax>
    </bndbox>
  </object>
  <object>
    <name>chair_foot</name>
    <pose>Unspecified</pose>
    <truncated>0</truncated>
    <difficult>0</difficult>
    <bndbox>
      <xmin>406.36</xmin>
      <ymin>140.00</ymin>
      <xmax>541.36</xmax>
      <ymax>164.09</ymax>
    </bndbox>
  </object>
</annotation>