<?xml version="1.0" encoding="UTF-8" ?>
<annotation>
  <folder>2022020811</folder>
  <filename>20220118141542549.jpg</filename>
  <path>http://172.18.39.209:9000/aliimages/2022020811/20220118141542549.jpg</path>
  <source>
    <database>Unknown</database>
  </source>
  <size>
    <width>642</width>
    <height>362</height>
    <depth>0</depth>
  </size>
  <segmented>0</segmented>
  <object>
    <name>bottle</name>
    <pose>Unspecified</pose>
    <truncated>0</truncated>
    <difficult>0</difficult>
    <bndbox>
      <xmin>222.27</xmin>
      <ymin>90.00</ymin>
      <xmax>278.64</xmax>
      <ymax>195.00</ymax>
    </bndbox>
  </object>
  <object>
    <name>table_foot</name>
    <pose>Unspecified</pose>
    <truncated>0</truncated>
    <difficult>0</difficult>
    <bndbox>
      <xmin>199.09</xmin>
      <ymin>87.27</ymin>
      <xmax>215.00</xmax>
      <ymax>171.36</ymax>
    </bndbox>
  </object>
  <object>
    <name>chair_base</name>
    <pose>Unspecified</pose>
    <truncated>0</truncated>
    <difficult>0</difficult>
    <bndbox>
      <xmin>528.64</xmin>
      <ymin>153.64</ymin>
      <xmax>641.36</xmax>
      <ymax>190.00</ymax>
    </bndbox>
  </object>
  <object>
    <name>chair_foot</name>
    <pose>Unspecified</pose>
    <truncated>0</truncated>
    <difficult>0</difficult>
    <bndbox>
      <xmin>471.82</xmin>
      <ymin>134.55</ymin>
      <xmax>640.45</xmax>
      <ymax>170.45</ymax>
    </bndbox>
  </object>
</annotation>