<?xml version="1.0" encoding="UTF-8" ?>
<annotation>
  <folder>2022020741</folder>
  <filename>2022_01_14_19_34_1735.jpg</filename>
  <path>http://172.18.39.209:9000/aliimages/2022020741/2022_01_14_19_34_1735.jpg</path>
  <source>
    <database>Unknown</database>
  </source>
  <size>
    <width>642</width>
    <height>362</height>
    <depth>0</depth>
  </size>
  <segmented>0</segmented>
  <object>
    <name>wire</name>
    <pose>Unspecified</pose>
    <truncated>0</truncated>
    <difficult>0</difficult>
    <bndbox>
      <xmin>282.73</xmin>
      <ymin>207.73</ymin>
      <xmax>462.27</xmax>
      <ymax>260.45</ymax>
    </bndbox>
  </object>
  <object>
    <name>paper_box</name>
    <pose>Unspecified</pose>
    <truncated>0</truncated>
    <difficult>0</difficult>
    <bndbox>
      <xmin>539.09</xmin>
      <ymin>62.27</ymin>
      <xmax>641.36</xmax>
      <ymax>214.09</ymax>
    </bndbox>
  </object>
  <object>
    <name>paper_box</name>
    <pose>Unspecified</pose>
    <truncated>0</truncated>
    <difficult>0</difficult>
    <bndbox>
      <xmin>431.36</xmin>
      <ymin>97.73</ymin>
      <xmax>548.18</xmax>
      <ymax>212.73</ymax>
    </bndbox>
  </object>
  <object>
    <name>chair_foot</name>
    <pose>Unspecified</pose>
    <truncated>0</truncated>
    <difficult>0</difficult>
    <bndbox>
      <xmin>70.91</xmin>
      <ymin>219.55</ymin>
      <xmax>93.64</xmax>
      <ymax>228.18</ymax>
    </bndbox>
  </object>
  <object>
    <name>chair_foot</name>
    <pose>Unspecified</pose>
    <truncated>0</truncated>
    <difficult>0</difficult>
    <bndbox>
      <xmin>68.64</xmin>
      <ymin>154.55</ymin>
      <xmax>280.00</xmax>
      <ymax>225.91</ymax>
    </bndbox>
  </object>
  <object>
    <name>paper_box</name>
    <pose>Unspecified</pose>
    <truncated>0</truncated>
    <difficult>0</difficult>
    <bndbox>
      <xmin>389.55</xmin>
      <ymin>118.64</ymin>
      <xmax>452.73</xmax>
      <ymax>207.27</ymax>
    </bndbox>
  </object>
</annotation>