<?xml version="1.0" encoding="UTF-8" ?>
<annotation>
  <folder>2022020811</folder>
  <filename>20220118143301121.jpg</filename>
  <path>http://172.18.39.209:9000/aliimages/2022020811/20220118143301121.jpg</path>
  <source>
    <database>Unknown</database>
  </source>
  <size>
    <width>642</width>
    <height>362</height>
    <depth>0</depth>
  </size>
  <segmented>0</segmented>
  <object>
    <name>paper_box</name>
    <pose>Unspecified</pose>
    <truncated>0</truncated>
    <difficult>0</difficult>
    <bndbox>
      <xmin>259.55</xmin>
      <ymin>92.73</ymin>
      <xmax>305.45</xmax>
      <ymax>192.73</ymax>
    </bndbox>
  </object>
  <object>
    <name>chair_base</name>
    <pose>Unspecified</pose>
    <truncated>0</truncated>
    <difficult>0</difficult>
    <bndbox>
      <xmin>505.00</xmin>
      <ymin>160.45</ymin>
      <xmax>620.00</xmax>
      <ymax>191.82</ymax>
    </bndbox>
  </object>
  <object>
    <name>chair_foot</name>
    <pose>Unspecified</pose>
    <truncated>0</truncated>
    <difficult>0</difficult>
    <bndbox>
      <xmin>438.64</xmin>
      <ymin>138.18</ymin>
      <xmax>610.91</xmax>
      <ymax>170.45</ymax>
    </bndbox>
  </object>
  <object>
    <name>table_foot</name>
    <pose>Unspecified</pose>
    <truncated>0</truncated>
    <difficult>0</difficult>
    <bndbox>
      <xmin>175.45</xmin>
      <ymin>81.82</ymin>
      <xmax>186.82</xmax>
      <ymax>167.73</ymax>
    </bndbox>
  </object>
</annotation>