<?xml version="1.0" encoding="UTF-8" ?>
<annotation>
  <folder>2022020739</folder>
  <filename>2022_01_14_17_35_0554.jpg</filename>
  <path>http://172.18.39.209:9000/aliimages/2022020739/2022_01_14_17_35_0554.jpg</path>
  <source>
    <database>Unknown</database>
  </source>
  <size>
    <width>642</width>
    <height>362</height>
    <depth>0</depth>
  </size>
  <segmented>0</segmented>
  <object>
    <name>wallet</name>
    <pose>Unspecified</pose>
    <truncated>0</truncated>
    <difficult>0</difficult>
    <bndbox>
      <xmin>190.91</xmin>
      <ymin>224.55</ymin>
      <xmax>289.55</xmax>
      <ymax>250.00</ymax>
    </bndbox>
  </object>
  <object>
    <name>chair_foot</name>
    <pose>Unspecified</pose>
    <truncated>0</truncated>
    <difficult>0</difficult>
    <bndbox>
      <xmin>230.00</xmin>
      <ymin>215.00</ymin>
      <xmax>245.45</xmax>
      <ymax>224.55</ymax>
    </bndbox>
  </object>
  <object>
    <name>plastic_bag</name>
    <pose>Unspecified</pose>
    <truncated>0</truncated>
    <difficult>0</difficult>
    <bndbox>
      <xmin>60.00</xmin>
      <ymin>150.91</ymin>
      <xmax>173.64</xmax>
      <ymax>211.36</ymax>
    </bndbox>
  </object>
  <object>
    <name>chair_foot</name>
    <pose>Unspecified</pose>
    <truncated>0</truncated>
    <difficult>0</difficult>
    <bndbox>
      <xmin>242.73</xmin>
      <ymin>157.27</ymin>
      <xmax>494.55</xmax>
      <ymax>235.91</ymax>
    </bndbox>
  </object>
  <object>
    <name>chair_foot</name>
    <pose>Unspecified</pose>
    <truncated>0</truncated>
    <difficult>0</difficult>
    <bndbox>
      <xmin>0.91</xmin>
      <ymin>140.91</ymin>
      <xmax>157.27</xmax>
      <ymax>225.45</ymax>
    </bndbox>
  </object>
</annotation>