<?xml version="1.0" encoding="UTF-8" ?>
<annotation>
  <folder>2022020753</folder>
  <filename>2022_01_14_20_39_0830.jpg</filename>
  <path>http://172.18.39.209:9000/aliimages/2022020753/2022_01_14_20_39_0830.jpg</path>
  <source>
    <database>Unknown</database>
  </source>
  <size>
    <width>642</width>
    <height>362</height>
    <depth>0</depth>
  </size>
  <segmented>0</segmented>
  <object>
    <name>cylindrical</name>
    <pose>Unspecified</pose>
    <truncated>0</truncated>
    <difficult>0</difficult>
    <bndbox>
      <xmin>260.00</xmin>
      <ymin>215.45</ymin>
      <xmax>432.27</xmax>
      <ymax>288.18</ymax>
    </bndbox>
  </object>
  <object>
    <name>paper_box</name>
    <pose>Unspecified</pose>
    <truncated>0</truncated>
    <difficult>0</difficult>
    <bndbox>
      <xmin>472.73</xmin>
      <ymin>70.91</ymin>
      <xmax>624.55</xmax>
      <ymax>210.91</ymax>
    </bndbox>
  </object>
  <object>
    <name>paper_box</name>
    <pose>Unspecified</pose>
    <truncated>0</truncated>
    <difficult>0</difficult>
    <bndbox>
      <xmin>425.91</xmin>
      <ymin>103.64</ymin>
      <xmax>498.18</xmax>
      <ymax>209.55</ymax>
    </bndbox>
  </object>
  <object>
    <name>chair_foot</name>
    <pose>Unspecified</pose>
    <truncated>0</truncated>
    <difficult>0</difficult>
    <bndbox>
      <xmin>73.64</xmin>
      <ymin>220.00</ymin>
      <xmax>99.09</xmax>
      <ymax>229.09</ymax>
    </bndbox>
  </object>
  <object>
    <name>chair_foot</name>
    <pose>Unspecified</pose>
    <truncated>0</truncated>
    <difficult>0</difficult>
    <bndbox>
      <xmin>75.45</xmin>
      <ymin>149.55</ymin>
      <xmax>300.45</xmax>
      <ymax>223.64</ymax>
    </bndbox>
  </object>
</annotation>