<?xml version="1.0" encoding="UTF-8" ?>
<annotation>
  <folder>2022020811</folder>
  <filename>20220118143303580.jpg</filename>
  <path>http://172.18.39.209:9000/aliimages/2022020811/20220118143303580.jpg</path>
  <source>
    <database>Unknown</database>
  </source>
  <size>
    <width>642</width>
    <height>362</height>
    <depth>0</depth>
  </size>
  <segmented>0</segmented>
  <object>
    <name>paper_box</name>
    <pose>Unspecified</pose>
    <truncated>0</truncated>
    <difficult>0</difficult>
    <bndbox>
      <xmin>360.91</xmin>
      <ymin>89.55</ymin>
      <xmax>410.00</xmax>
      <ymax>196.36</ymax>
    </bndbox>
  </object>
  <object>
    <name>table_foot</name>
    <pose>Unspecified</pose>
    <truncated>0</truncated>
    <difficult>0</difficult>
    <bndbox>
      <xmin>268.64</xmin>
      <ymin>90.91</ymin>
      <xmax>279.55</xmax>
      <ymax>169.55</ymax>
    </bndbox>
  </object>
  <object>
    <name>chair_foot</name>
    <pose>Unspecified</pose>
    <truncated>0</truncated>
    <difficult>0</difficult>
    <bndbox>
      <xmin>585.91</xmin>
      <ymin>140.00</ymin>
      <xmax>637.27</xmax>
      <ymax>182.27</ymax>
    </bndbox>
  </object>
</annotation>