<?xml version="1.0" encoding="UTF-8" ?>
<annotation>
  <folder>2022020811</folder>
  <filename>20220118143309316.jpg</filename>
  <path>http://172.18.39.209:9000/aliimages/2022020811/20220118143309316.jpg</path>
  <source>
    <database>Unknown</database>
  </source>
  <size>
    <width>642</width>
    <height>362</height>
    <depth>0</depth>
  </size>
  <segmented>0</segmented>
  <object>
    <name>paper_box</name>
    <pose>Unspecified</pose>
    <truncated>0</truncated>
    <difficult>0</difficult>
    <bndbox>
      <xmin>174.55</xmin>
      <ymin>88.18</ymin>
      <xmax>222.27</xmax>
      <ymax>196.36</ymax>
    </bndbox>
  </object>
  <object>
    <name>table_foot</name>
    <pose>Unspecified</pose>
    <truncated>0</truncated>
    <difficult>0</difficult>
    <bndbox>
      <xmin>73.18</xmin>
      <ymin>64.55</ymin>
      <xmax>93.18</xmax>
      <ymax>175.00</ymax>
    </bndbox>
  </object>
  <object>
    <name>chair_base</name>
    <pose>Unspecified</pose>
    <truncated>0</truncated>
    <difficult>0</difficult>
    <bndbox>
      <xmin>397.73</xmin>
      <ymin>160.00</ymin>
      <xmax>509.55</xmax>
      <ymax>185.00</ymax>
    </bndbox>
  </object>
  <object>
    <name>chair_foot</name>
    <pose>Unspecified</pose>
    <truncated>0</truncated>
    <difficult>0</difficult>
    <bndbox>
      <xmin>359.09</xmin>
      <ymin>141.82</ymin>
      <xmax>490.00</xmax>
      <ymax>167.27</ymax>
    </bndbox>
  </object>
</annotation>