<?xml version="1.0" encoding="UTF-8" ?>
<annotation>
  <folder>2022020752</folder>
  <filename>2022_01_14_16_54_5023.jpg</filename>
  <path>http://172.18.39.209:9000/aliimages/2022020752/2022_01_14_16_54_5023.jpg</path>
  <source>
    <database>Unknown</database>
  </source>
  <size>
    <width>642</width>
    <height>362</height>
    <depth>0</depth>
  </size>
  <segmented>0</segmented>
  <object>
    <name>cup</name>
    <pose>Unspecified</pose>
    <truncated>0</truncated>
    <difficult>0</difficult>
    <bndbox>
      <xmin>389.55</xmin>
      <ymin>169.55</ymin>
      <xmax>441.82</xmax>
      <ymax>239.55</ymax>
    </bndbox>
  </object>
  <object>
    <name>chair_foot</name>
    <pose>Unspecified</pose>
    <truncated>0</truncated>
    <difficult>0</difficult>
    <bndbox>
      <xmin>68.64</xmin>
      <ymin>219.09</ymin>
      <xmax>96.82</xmax>
      <ymax>230.00</ymax>
    </bndbox>
  </object>
  <object>
    <name>paper_box</name>
    <pose>Unspecified</pose>
    <truncated>0</truncated>
    <difficult>0</difficult>
    <bndbox>
      <xmin>559.55</xmin>
      <ymin>65.91</ymin>
      <xmax>640.91</xmax>
      <ymax>208.64</ymax>
    </bndbox>
  </object>
  <object>
    <name>chair_foot</name>
    <pose>Unspecified</pose>
    <truncated>0</truncated>
    <difficult>0</difficult>
    <bndbox>
      <xmin>75.45</xmin>
      <ymin>150.91</ymin>
      <xmax>286.36</xmax>
      <ymax>224.55</ymax>
    </bndbox>
  </object>
  <object>
    <name>paper_box</name>
    <pose>Unspecified</pose>
    <truncated>0</truncated>
    <difficult>0</difficult>
    <bndbox>
      <xmin>441.36</xmin>
      <ymin>92.73</ymin>
      <xmax>568.64</xmax>
      <ymax>210.91</ymax>
    </bndbox>
  </object>
</annotation>