<?xml version="1.0" encoding="UTF-8" ?>
<annotation>
  <folder>2022020811</folder>
  <filename>20220118141457637.jpg</filename>
  <path>http://172.18.39.209:9000/aliimages/2022020811/20220118141457637.jpg</path>
  <source>
    <database>Unknown</database>
  </source>
  <size>
    <width>642</width>
    <height>362</height>
    <depth>0</depth>
  </size>
  <segmented>0</segmented>
  <object>
    <name>bottle</name>
    <pose>Unspecified</pose>
    <truncated>0</truncated>
    <difficult>0</difficult>
    <bndbox>
      <xmin>224.09</xmin>
      <ymin>142.27</ymin>
      <xmax>312.27</xmax>
      <ymax>188.64</ymax>
    </bndbox>
  </object>
  <object>
    <name>chair_foot</name>
    <pose>Unspecified</pose>
    <truncated>0</truncated>
    <difficult>0</difficult>
    <bndbox>
      <xmin>513.64</xmin>
      <ymin>137.27</ymin>
      <xmax>640.91</xmax>
      <ymax>167.73</ymax>
    </bndbox>
  </object>
  <object>
    <name>chair_base</name>
    <pose>Unspecified</pose>
    <truncated>0</truncated>
    <difficult>0</difficult>
    <bndbox>
      <xmin>570.45</xmin>
      <ymin>162.73</ymin>
      <xmax>638.64</xmax>
      <ymax>197.73</ymax>
    </bndbox>
  </object>
  <object>
    <name>table_foot</name>
    <pose>Unspecified</pose>
    <truncated>0</truncated>
    <difficult>0</difficult>
    <bndbox>
      <xmin>236.82</xmin>
      <ymin>90.45</ymin>
      <xmax>248.64</xmax>
      <ymax>153.64</ymax>
    </bndbox>
  </object>
</annotation>