<?xml version="1.0" encoding="UTF-8" ?>
<annotation>
  <folder>2022020753</folder>
  <filename>2022_01_14_20_39_0811.jpg</filename>
  <path>http://172.18.39.209:9000/aliimages/2022020753/2022_01_14_20_39_0811.jpg</path>
  <source>
    <database>Unknown</database>
  </source>
  <size>
    <width>642</width>
    <height>362</height>
    <depth>0</depth>
  </size>
  <segmented>0</segmented>
  <object>
    <name>cylindrical</name>
    <pose>Unspecified</pose>
    <truncated>0</truncated>
    <difficult>0</difficult>
    <bndbox>
      <xmin>215.45</xmin>
      <ymin>214.09</ymin>
      <xmax>437.73</xmax>
      <ymax>285.45</ymax>
    </bndbox>
  </object>
  <object>
    <name>paper_box</name>
    <pose>Unspecified</pose>
    <truncated>0</truncated>
    <difficult>0</difficult>
    <bndbox>
      <xmin>483.64</xmin>
      <ymin>63.18</ymin>
      <xmax>640.91</xmax>
      <ymax>209.09</ymax>
    </bndbox>
  </object>
  <object>
    <name>paper_box</name>
    <pose>Unspecified</pose>
    <truncated>0</truncated>
    <difficult>0</difficult>
    <bndbox>
      <xmin>433.64</xmin>
      <ymin>100.91</ymin>
      <xmax>510.00</xmax>
      <ymax>206.82</ymax>
    </bndbox>
  </object>
  <object>
    <name>chair_foot</name>
    <pose>Unspecified</pose>
    <truncated>0</truncated>
    <difficult>0</difficult>
    <bndbox>
      <xmin>77.27</xmin>
      <ymin>216.82</ymin>
      <xmax>101.36</xmax>
      <ymax>226.82</ymax>
    </bndbox>
  </object>
  <object>
    <name>chair_foot</name>
    <pose>Unspecified</pose>
    <truncated>0</truncated>
    <difficult>0</difficult>
    <bndbox>
      <xmin>86.36</xmin>
      <ymin>152.27</ymin>
      <xmax>300.45</xmax>
      <ymax>223.18</ymax>
    </bndbox>
  </object>
</annotation>