<?xml version="1.0" encoding="UTF-8" ?>
<annotation>
  <folder>2022020811</folder>
  <filename>20220118141539763.jpg</filename>
  <path>http://172.18.39.209:9000/aliimages/2022020811/20220118141539763.jpg</path>
  <source>
    <database>Unknown</database>
  </source>
  <size>
    <width>642</width>
    <height>362</height>
    <depth>0</depth>
  </size>
  <segmented>0</segmented>
  <object>
    <name>bottle</name>
    <pose>Unspecified</pose>
    <truncated>0</truncated>
    <difficult>0</difficult>
    <bndbox>
      <xmin>290.00</xmin>
      <ymin>89.09</ymin>
      <xmax>345.91</xmax>
      <ymax>193.18</ymax>
    </bndbox>
  </object>
  <object>
    <name>table_foot</name>
    <pose>Unspecified</pose>
    <truncated>0</truncated>
    <difficult>0</difficult>
    <bndbox>
      <xmin>260.91</xmin>
      <ymin>89.09</ymin>
      <xmax>269.55</xmax>
      <ymax>170.91</ymax>
    </bndbox>
  </object>
  <object>
    <name>chair_foot</name>
    <pose>Unspecified</pose>
    <truncated>0</truncated>
    <difficult>0</difficult>
    <bndbox>
      <xmin>555.00</xmin>
      <ymin>135.00</ymin>
      <xmax>641.36</xmax>
      <ymax>178.64</ymax>
    </bndbox>
  </object>
  <object>
    <name>metal_chair_foot</name>
    <pose>Unspecified</pose>
    <truncated>0</truncated>
    <difficult>0</difficult>
    <bndbox>
      <xmin>345.45</xmin>
      <ymin>161.82</ymin>
      <xmax>377.73</xmax>
      <ymax>174.09</ymax>
    </bndbox>
  </object>
</annotation>