<?xml version="1.0" encoding="UTF-8" ?>
<annotation>
  <folder>2022020811</folder>
  <filename>20220118143325906.jpg</filename>
  <path>http://172.18.39.209:9000/aliimages/2022020811/20220118143325906.jpg</path>
  <source>
    <database>Unknown</database>
  </source>
  <size>
    <width>642</width>
    <height>362</height>
    <depth>0</depth>
  </size>
  <segmented>0</segmented>
  <object>
    <name>chair_base</name>
    <pose>Unspecified</pose>
    <truncated>0</truncated>
    <difficult>0</difficult>
    <bndbox>
      <xmin>508.18</xmin>
      <ymin>160.00</ymin>
      <xmax>621.82</xmax>
      <ymax>190.45</ymax>
    </bndbox>
  </object>
  <object>
    <name>chair_foot</name>
    <pose>Unspecified</pose>
    <truncated>0</truncated>
    <difficult>0</difficult>
    <bndbox>
      <xmin>449.09</xmin>
      <ymin>137.27</ymin>
      <xmax>622.73</xmax>
      <ymax>171.82</ymax>
    </bndbox>
  </object>
  <object>
    <name>table_foot</name>
    <pose>Unspecified</pose>
    <truncated>0</truncated>
    <difficult>0</difficult>
    <bndbox>
      <xmin>159.55</xmin>
      <ymin>77.27</ymin>
      <xmax>185.45</xmax>
      <ymax>174.09</ymax>
    </bndbox>
  </object>
  <object>
    <name>paper_box</name>
    <pose>Unspecified</pose>
    <truncated>0</truncated>
    <difficult>0</difficult>
    <bndbox>
      <xmin>251.82</xmin>
      <ymin>105.91</ymin>
      <xmax>292.73</xmax>
      <ymax>194.09</ymax>
    </bndbox>
  </object>
</annotation>