<?xml version="1.0" encoding="UTF-8" ?>
<annotation>
  <folder>2022020811</folder>
  <filename>20220118141400584.jpg</filename>
  <path>http://172.18.39.209:9000/aliimages/2022020811/20220118141400584.jpg</path>
  <source>
    <database>Unknown</database>
  </source>
  <size>
    <width>642</width>
    <height>362</height>
    <depth>0</depth>
  </size>
  <segmented>0</segmented>
  <object>
    <name>cat</name>
    <pose>Unspecified</pose>
    <truncated>0</truncated>
    <difficult>0</difficult>
    <bndbox>
      <xmin>158.64</xmin>
      <ymin>76.36</ymin>
      <xmax>242.73</xmax>
      <ymax>176.82</ymax>
    </bndbox>
  </object>
  <object>
    <name>bottle</name>
    <pose>Unspecified</pose>
    <truncated>0</truncated>
    <difficult>0</difficult>
    <bndbox>
      <xmin>240.45</xmin>
      <ymin>0.91</ymin>
      <xmax>314.09</xmax>
      <ymax>193.64</ymax>
    </bndbox>
  </object>
  <object>
    <name>chair_foot</name>
    <pose>Unspecified</pose>
    <truncated>0</truncated>
    <difficult>0</difficult>
    <bndbox>
      <xmin>514.09</xmin>
      <ymin>135.45</ymin>
      <xmax>639.09</xmax>
      <ymax>176.36</ymax>
    </bndbox>
  </object>
</annotation>