<?xml version="1.0" encoding="UTF-8" ?>
<annotation>
  <folder>2022020739</folder>
  <filename>2022_01_14_17_35_0565.jpg</filename>
  <path>http://172.18.39.209:9000/aliimages/2022020739/2022_01_14_17_35_0565.jpg</path>
  <source>
    <database>Unknown</database>
  </source>
  <size>
    <width>642</width>
    <height>362</height>
    <depth>0</depth>
  </size>
  <segmented>0</segmented>
  <object>
    <name>wire</name>
    <pose>Unspecified</pose>
    <truncated>0</truncated>
    <difficult>0</difficult>
    <bndbox>
      <xmin>0.91</xmin>
      <ymin>11.36</ymin>
      <xmax>115.91</xmax>
      <ymax>220.00</ymax>
    </bndbox>
  </object>
  <object>
    <name>plastic_bag</name>
    <pose>Unspecified</pose>
    <truncated>0</truncated>
    <difficult>0</difficult>
    <bndbox>
      <xmin>35.91</xmin>
      <ymin>149.09</ymin>
      <xmax>149.55</xmax>
      <ymax>210.91</ymax>
    </bndbox>
  </object>
  <object>
    <name>chair_foot</name>
    <pose>Unspecified</pose>
    <truncated>0</truncated>
    <difficult>0</difficult>
    <bndbox>
      <xmin>159.55</xmin>
      <ymin>211.36</ymin>
      <xmax>170.91</xmax>
      <ymax>218.64</ymax>
    </bndbox>
  </object>
  <object>
    <name>wallet</name>
    <pose>Unspecified</pose>
    <truncated>0</truncated>
    <difficult>0</difficult>
    <bndbox>
      <xmin>207.73</xmin>
      <ymin>222.73</ymin>
      <xmax>292.27</xmax>
      <ymax>243.18</ymax>
    </bndbox>
  </object>
  <object>
    <name>chair_foot</name>
    <pose>Unspecified</pose>
    <truncated>0</truncated>
    <difficult>0</difficult>
    <bndbox>
      <xmin>235.45</xmin>
      <ymin>162.73</ymin>
      <xmax>456.36</xmax>
      <ymax>232.27</ymax>
    </bndbox>
  </object>
  <object>
    <name>chair_foot</name>
    <pose>Unspecified</pose>
    <truncated>0</truncated>
    <difficult>0</difficult>
    <bndbox>
      <xmin>361.36</xmin>
      <ymin>179.55</ymin>
      <xmax>490.45</xmax>
      <ymax>219.09</ymax>
    </bndbox>
  </object>
</annotation>