<?xml version="1.0" encoding="UTF-8" ?>
<annotation>
  <folder>2022020811</folder>
  <filename>20220118141529558.jpg</filename>
  <path>http://172.18.39.209:9000/aliimages/2022020811/20220118141529558.jpg</path>
  <source>
    <database>Unknown</database>
  </source>
  <size>
    <width>642</width>
    <height>362</height>
    <depth>0</depth>
  </size>
  <segmented>0</segmented>
  <object>
    <name>bottle</name>
    <pose>Unspecified</pose>
    <truncated>0</truncated>
    <difficult>0</difficult>
    <bndbox>
      <xmin>287.73</xmin>
      <ymin>53.64</ymin>
      <xmax>338.64</xmax>
      <ymax>191.36</ymax>
    </bndbox>
  </object>
  <object>
    <name>table_foot</name>
    <pose>Unspecified</pose>
    <truncated>0</truncated>
    <difficult>0</difficult>
    <bndbox>
      <xmin>260.91</xmin>
      <ymin>89.09</ymin>
      <xmax>275.45</xmax>
      <ymax>169.09</ymax>
    </bndbox>
  </object>
  <object>
    <name>chair_foot</name>
    <pose>Unspecified</pose>
    <truncated>0</truncated>
    <difficult>0</difficult>
    <bndbox>
      <xmin>550.91</xmin>
      <ymin>132.27</ymin>
      <xmax>640.00</xmax>
      <ymax>175.91</ymax>
    </bndbox>
  </object>
  <object>
    <name>metal_chair_foot</name>
    <pose>Unspecified</pose>
    <truncated>0</truncated>
    <difficult>0</difficult>
    <bndbox>
      <xmin>345.91</xmin>
      <ymin>163.18</ymin>
      <xmax>380.00</xmax>
      <ymax>174.55</ymax>
    </bndbox>
  </object>
</annotation>