<?xml version="1.0" encoding="UTF-8" ?>
<annotation>
  <folder>2022020753</folder>
  <filename>2022_01_14_20_39_0834.jpg</filename>
  <path>http://172.18.39.209:9000/aliimages/2022020753/2022_01_14_20_39_0834.jpg</path>
  <source>
    <database>Unknown</database>
  </source>
  <size>
    <width>642</width>
    <height>362</height>
    <depth>0</depth>
  </size>
  <segmented>0</segmented>
  <object>
    <name>cylindrical</name>
    <pose>Unspecified</pose>
    <truncated>0</truncated>
    <difficult>0</difficult>
    <bndbox>
      <xmin>235.91</xmin>
      <ymin>217.27</ymin>
      <xmax>451.36</xmax>
      <ymax>360.91</ymax>
    </bndbox>
  </object>
  <object>
    <name>chair_foot</name>
    <pose>Unspecified</pose>
    <truncated>0</truncated>
    <difficult>0</difficult>
    <bndbox>
      <xmin>50.45</xmin>
      <ymin>222.27</ymin>
      <xmax>77.73</xmax>
      <ymax>232.73</ymax>
    </bndbox>
  </object>
  <object>
    <name>paper_box</name>
    <pose>Unspecified</pose>
    <truncated>0</truncated>
    <difficult>0</difficult>
    <bndbox>
      <xmin>497.27</xmin>
      <ymin>58.18</ymin>
      <xmax>641.36</xmax>
      <ymax>213.18</ymax>
    </bndbox>
  </object>
  <object>
    <name>paper_box</name>
    <pose>Unspecified</pose>
    <truncated>0</truncated>
    <difficult>0</difficult>
    <bndbox>
      <xmin>440.45</xmin>
      <ymin>97.73</ymin>
      <xmax>525.00</xmax>
      <ymax>207.73</ymax>
    </bndbox>
  </object>
  <object>
    <name>chair_foot</name>
    <pose>Unspecified</pose>
    <truncated>0</truncated>
    <difficult>0</difficult>
    <bndbox>
      <xmin>58.18</xmin>
      <ymin>145.91</ymin>
      <xmax>312.27</xmax>
      <ymax>230.45</ymax>
    </bndbox>
  </object>
</annotation>