<?xml version="1.0" encoding="UTF-8" ?>
<annotation>
  <folder>2022020741</folder>
  <filename>2022_01_14_19_46_4412.jpg</filename>
  <path>http://172.18.39.209:9000/aliimages/2022020741/2022_01_14_19_46_4412.jpg</path>
  <source>
    <database>Unknown</database>
  </source>
  <size>
    <width>642</width>
    <height>362</height>
    <depth>0</depth>
  </size>
  <segmented>0</segmented>
  <object>
    <name>wire</name>
    <pose>Unspecified</pose>
    <truncated>0</truncated>
    <difficult>0</difficult>
    <bndbox>
      <xmin>123.18</xmin>
      <ymin>201.82</ymin>
      <xmax>254.55</xmax>
      <ymax>257.73</ymax>
    </bndbox>
  </object>
  <object>
    <name>chair_foot</name>
    <pose>Unspecified</pose>
    <truncated>0</truncated>
    <difficult>0</difficult>
    <bndbox>
      <xmin>27.73</xmin>
      <ymin>226.36</ymin>
      <xmax>58.18</xmax>
      <ymax>237.73</ymax>
    </bndbox>
  </object>
  <object>
    <name>paper_box</name>
    <pose>Unspecified</pose>
    <truncated>0</truncated>
    <difficult>0</difficult>
    <bndbox>
      <xmin>507.73</xmin>
      <ymin>63.64</ymin>
      <xmax>640.91</xmax>
      <ymax>213.64</ymax>
    </bndbox>
  </object>
  <object>
    <name>paper_box</name>
    <pose>Unspecified</pose>
    <truncated>0</truncated>
    <difficult>0</difficult>
    <bndbox>
      <xmin>445.00</xmin>
      <ymin>90.91</ymin>
      <xmax>534.55</xmax>
      <ymax>210.45</ymax>
    </bndbox>
  </object>
  <object>
    <name>chair_foot</name>
    <pose>Unspecified</pose>
    <truncated>0</truncated>
    <difficult>0</difficult>
    <bndbox>
      <xmin>43.18</xmin>
      <ymin>154.55</ymin>
      <xmax>312.27</xmax>
      <ymax>231.82</ymax>
    </bndbox>
  </object>
</annotation>