<?xml version="1.0" encoding="UTF-8" ?>
<annotation>
  <folder>2022020811</folder>
  <filename>20220118141546480.jpg</filename>
  <path>http://172.18.39.209:9000/aliimages/2022020811/20220118141546480.jpg</path>
  <source>
    <database>Unknown</database>
  </source>
  <size>
    <width>642</width>
    <height>362</height>
    <depth>0</depth>
  </size>
  <segmented>0</segmented>
  <object>
    <name>bottle</name>
    <pose>Unspecified</pose>
    <truncated>0</truncated>
    <difficult>0</difficult>
    <bndbox>
      <xmin>86.36</xmin>
      <ymin>71.82</ymin>
      <xmax>170.91</xmax>
      <ymax>201.82</ymax>
    </bndbox>
  </object>
  <object>
    <name>chair_base</name>
    <pose>Unspecified</pose>
    <truncated>0</truncated>
    <difficult>0</difficult>
    <bndbox>
      <xmin>420.91</xmin>
      <ymin>159.55</ymin>
      <xmax>512.73</xmax>
      <ymax>185.00</ymax>
    </bndbox>
  </object>
  <object>
    <name>chair_foot</name>
    <pose>Unspecified</pose>
    <truncated>0</truncated>
    <difficult>0</difficult>
    <bndbox>
      <xmin>375.91</xmin>
      <ymin>139.55</ymin>
      <xmax>504.09</xmax>
      <ymax>170.45</ymax>
    </bndbox>
  </object>
  <object>
    <name>metal_chair_foot</name>
    <pose>Unspecified</pose>
    <truncated>0</truncated>
    <difficult>0</difficult>
    <bndbox>
      <xmin>199.55</xmin>
      <ymin>162.27</ymin>
      <xmax>235.91</xmax>
      <ymax>177.73</ymax>
    </bndbox>
  </object>
  <object>
    <name>shoe</name>
    <pose>Unspecified</pose>
    <truncated>0</truncated>
    <difficult>0</difficult>
    <bndbox>
      <xmin>574.55</xmin>
      <ymin>160.45</ymin>
      <xmax>640.91</xmax>
      <ymax>240.00</ymax>
    </bndbox>
  </object>
</annotation>