<?xml version="1.0" encoding="UTF-8" ?>
<annotation>
  <folder>2022020737</folder>
  <filename>2022_01_14_17_04_0319.jpg</filename>
  <path>http://172.18.39.209:9000/aliimages/2022020737/2022_01_14_17_04_0319.jpg</path>
  <source>
    <database>Unknown</database>
  </source>
  <size>
    <width>642</width>
    <height>362</height>
    <depth>0</depth>
  </size>
  <segmented>0</segmented>
  <object>
    <name>shoe</name>
    <pose>Unspecified</pose>
    <truncated>0</truncated>
    <difficult>0</difficult>
    <bndbox>
      <xmin>334.55</xmin>
      <ymin>172.27</ymin>
      <xmax>495.45</xmax>
      <ymax>239.55</ymax>
    </bndbox>
  </object>
  <object>
    <name>chair_foot</name>
    <pose>Unspecified</pose>
    <truncated>0</truncated>
    <difficult>0</difficult>
    <bndbox>
      <xmin>89.55</xmin>
      <ymin>224.09</ymin>
      <xmax>120.00</xmax>
      <ymax>236.82</ymax>
    </bndbox>
  </object>
  <object>
    <name>paper_box</name>
    <pose>Unspecified</pose>
    <truncated>0</truncated>
    <difficult>0</difficult>
    <bndbox>
      <xmin>512.73</xmin>
      <ymin>71.82</ymin>
      <xmax>624.09</xmax>
      <ymax>210.00</ymax>
    </bndbox>
  </object>
  <object>
    <name>chair_foot</name>
    <pose>Unspecified</pose>
    <truncated>0</truncated>
    <difficult>0</difficult>
    <bndbox>
      <xmin>106.82</xmin>
      <ymin>153.64</ymin>
      <xmax>355.00</xmax>
      <ymax>236.36</ymax>
    </bndbox>
  </object>
</annotation>