<?xml version="1.0" encoding="UTF-8" ?>
<annotation>
  <folder>2022020811</folder>
  <filename>20220118143441663.jpg</filename>
  <path>http://172.18.39.209:9000/aliimages/2022020811/20220118143441663.jpg</path>
  <source>
    <database>Unknown</database>
  </source>
  <size>
    <width>642</width>
    <height>362</height>
    <depth>0</depth>
  </size>
  <segmented>0</segmented>
  <object>
    <name>mouse</name>
    <pose>Unspecified</pose>
    <truncated>0</truncated>
    <difficult>0</difficult>
    <bndbox>
      <xmin>201.36</xmin>
      <ymin>166.36</ymin>
      <xmax>334.55</xmax>
      <ymax>199.55</ymax>
    </bndbox>
  </object>
  <object>
    <name>chair_foot</name>
    <pose>Unspecified</pose>
    <truncated>0</truncated>
    <difficult>0</difficult>
    <bndbox>
      <xmin>415.91</xmin>
      <ymin>137.27</ymin>
      <xmax>546.82</xmax>
      <ymax>168.18</ymax>
    </bndbox>
  </object>
  <object>
    <name>chair_base</name>
    <pose>Unspecified</pose>
    <truncated>0</truncated>
    <difficult>0</difficult>
    <bndbox>
      <xmin>461.82</xmin>
      <ymin>163.18</ymin>
      <xmax>564.55</xmax>
      <ymax>185.45</ymax>
    </bndbox>
  </object>
  <object>
    <name>table_foot</name>
    <pose>Unspecified</pose>
    <truncated>0</truncated>
    <difficult>0</difficult>
    <bndbox>
      <xmin>129.55</xmin>
      <ymin>75.45</ymin>
      <xmax>145.91</xmax>
      <ymax>172.73</ymax>
    </bndbox>
  </object>
</annotation>