<?xml version="1.0" encoding="UTF-8" ?>
<annotation>
  <folder>2022020811</folder>
  <filename>20220118150458016.jpg</filename>
  <path>http://172.18.39.209:9000/aliimages/2022020811/20220118150458016.jpg</path>
  <source>
    <database>Unknown</database>
  </source>
  <size>
    <width>642</width>
    <height>362</height>
    <depth>0</depth>
  </size>
  <segmented>0</segmented>
  <object>
    <name>chair_foot</name>
    <pose>Unspecified</pose>
    <truncated>0</truncated>
    <difficult>0</difficult>
    <bndbox>
      <xmin>0.45</xmin>
      <ymin>130.91</ymin>
      <xmax>200.00</xmax>
      <ymax>222.73</ymax>
    </bndbox>
  </object>
  <object>
    <name>table_foot</name>
    <pose>Unspecified</pose>
    <truncated>0</truncated>
    <difficult>0</difficult>
    <bndbox>
      <xmin>280.91</xmin>
      <ymin>52.73</ymin>
      <xmax>309.55</xmax>
      <ymax>202.73</ymax>
    </bndbox>
  </object>
  <object>
    <name>wire</name>
    <pose>Unspecified</pose>
    <truncated>0</truncated>
    <difficult>0</difficult>
    <bndbox>
      <xmin>555.00</xmin>
      <ymin>69.09</ymin>
      <xmax>641.36</xmax>
      <ymax>94.09</ymax>
    </bndbox>
  </object>
</annotation>