<?xml version="1.0" encoding="UTF-8" ?>
<annotation>
  <folder>2022020811</folder>
  <filename>20220118141422814.jpg</filename>
  <path>http://172.18.39.209:9000/aliimages/2022020811/20220118141422814.jpg</path>
  <source>
    <database>Unknown</database>
  </source>
  <size>
    <width>642</width>
    <height>362</height>
    <depth>0</depth>
  </size>
  <segmented>0</segmented>
  <object>
    <name>bottle</name>
    <pose>Unspecified</pose>
    <truncated>0</truncated>
    <difficult>0</difficult>
    <bndbox>
      <xmin>255.45</xmin>
      <ymin>34.09</ymin>
      <xmax>310.00</xmax>
      <ymax>200.00</ymax>
    </bndbox>
  </object>
  <object>
    <name>cat</name>
    <pose>Unspecified</pose>
    <truncated>0</truncated>
    <difficult>0</difficult>
    <bndbox>
      <xmin>166.36</xmin>
      <ymin>75.91</ymin>
      <xmax>263.64</xmax>
      <ymax>177.73</ymax>
    </bndbox>
  </object>
  <object>
    <name>chair_foot</name>
    <pose>Unspecified</pose>
    <truncated>0</truncated>
    <difficult>0</difficult>
    <bndbox>
      <xmin>520.45</xmin>
      <ymin>131.36</ymin>
      <xmax>639.55</xmax>
      <ymax>178.18</ymax>
    </bndbox>
  </object>
</annotation>