<?xml version="1.0" encoding="UTF-8" ?>
<annotation>
  <folder>2022020811</folder>
  <filename>20220118143314690.jpg</filename>
  <path>http://172.18.39.209:9000/aliimages/2022020811/20220118143314690.jpg</path>
  <source>
    <database>Unknown</database>
  </source>
  <size>
    <width>642</width>
    <height>362</height>
    <depth>0</depth>
  </size>
  <segmented>0</segmented>
  <object>
    <name>paper_box</name>
    <pose>Unspecified</pose>
    <truncated>0</truncated>
    <difficult>0</difficult>
    <bndbox>
      <xmin>303.64</xmin>
      <ymin>87.27</ymin>
      <xmax>350.00</xmax>
      <ymax>194.09</ymax>
    </bndbox>
  </object>
  <object>
    <name>chair_foot</name>
    <pose>Unspecified</pose>
    <truncated>0</truncated>
    <difficult>0</difficult>
    <bndbox>
      <xmin>500.91</xmin>
      <ymin>133.18</ymin>
      <xmax>641.36</xmax>
      <ymax>175.45</ymax>
    </bndbox>
  </object>
  <object>
    <name>table_foot</name>
    <pose>Unspecified</pose>
    <truncated>0</truncated>
    <difficult>0</difficult>
    <bndbox>
      <xmin>213.18</xmin>
      <ymin>82.73</ymin>
      <xmax>223.64</xmax>
      <ymax>170.45</ymax>
    </bndbox>
  </object>
</annotation>