<?xml version="1.0" encoding="UTF-8" ?>
<annotation>
  <folder>2022020737</folder>
  <filename>2022_01_14_17_07_5732.jpg</filename>
  <path>http://172.18.39.209:9000/aliimages/2022020737/2022_01_14_17_07_5732.jpg</path>
  <source>
    <database>Unknown</database>
  </source>
  <size>
    <width>642</width>
    <height>362</height>
    <depth>0</depth>
  </size>
  <segmented>0</segmented>
  <object>
    <name>shoe</name>
    <pose>Unspecified</pose>
    <truncated>0</truncated>
    <difficult>0</difficult>
    <bndbox>
      <xmin>341.36</xmin>
      <ymin>198.64</ymin>
      <xmax>507.27</xmax>
      <ymax>263.64</ymax>
    </bndbox>
  </object>
  <object>
    <name>paper_box</name>
    <pose>Unspecified</pose>
    <truncated>0</truncated>
    <difficult>0</difficult>
    <bndbox>
      <xmin>521.36</xmin>
      <ymin>82.73</ymin>
      <xmax>641.36</xmax>
      <ymax>212.73</ymax>
    </bndbox>
  </object>
  <object>
    <name>chair_foot</name>
    <pose>Unspecified</pose>
    <truncated>0</truncated>
    <difficult>0</difficult>
    <bndbox>
      <xmin>80.00</xmin>
      <ymin>220.45</ymin>
      <xmax>112.73</xmax>
      <ymax>233.64</ymax>
    </bndbox>
  </object>
  <object>
    <name>chair_foot</name>
    <pose>Unspecified</pose>
    <truncated>0</truncated>
    <difficult>0</difficult>
    <bndbox>
      <xmin>81.82</xmin>
      <ymin>152.73</ymin>
      <xmax>336.82</xmax>
      <ymax>230.00</ymax>
    </bndbox>
  </object>
</annotation>