<?xml version="1.0" encoding="UTF-8" ?>
<annotation>
  <folder>2022020811</folder>
  <filename>20220118150456936.jpg</filename>
  <path>http://172.18.39.209:9000/aliimages/2022020811/20220118150456936.jpg</path>
  <source>
    <database>Unknown</database>
  </source>
  <size>
    <width>642</width>
    <height>362</height>
    <depth>0</depth>
  </size>
  <segmented>0</segmented>
  <object>
    <name>wire</name>
    <pose>Unspecified</pose>
    <truncated>0</truncated>
    <difficult>0</difficult>
    <bndbox>
      <xmin>378.64</xmin>
      <ymin>2.27</ymin>
      <xmax>638.64</xmax>
      <ymax>126.36</ymax>
    </bndbox>
  </object>
  <object>
    <name>table_foot</name>
    <pose>Unspecified</pose>
    <truncated>0</truncated>
    <difficult>0</difficult>
    <bndbox>
      <xmin>234.09</xmin>
      <ymin>49.55</ymin>
      <xmax>259.55</xmax>
      <ymax>205.45</ymax>
    </bndbox>
  </object>
  <object>
    <name>table_foot</name>
    <pose>Unspecified</pose>
    <truncated>0</truncated>
    <difficult>0</difficult>
    <bndbox>
      <xmin>194.55</xmin>
      <ymin>84.55</ymin>
      <xmax>213.64</xmax>
      <ymax>205.45</ymax>
    </bndbox>
  </object>
  <object>
    <name>chair_foot</name>
    <pose>Unspecified</pose>
    <truncated>0</truncated>
    <difficult>0</difficult>
    <bndbox>
      <xmin>0.00</xmin>
      <ymin>151.36</ymin>
      <xmax>137.73</xmax>
      <ymax>233.64</ymax>
    </bndbox>
  </object>
  <object>
    <name>table_foot</name>
    <pose>Unspecified</pose>
    <truncated>0</truncated>
    <difficult>0</difficult>
    <bndbox>
      <xmin>413.64</xmin>
      <ymin>3.18</ymin>
      <xmax>467.73</xmax>
      <ymax>209.09</ymax>
    </bndbox>
  </object>
</annotation>