<?xml version="1.0" encoding="UTF-8" ?>
<annotation>
  <folder>2022020811</folder>
  <filename>20220118141501486.jpg</filename>
  <path>http://172.18.39.209:9000/aliimages/2022020811/20220118141501486.jpg</path>
  <source>
    <database>Unknown</database>
  </source>
  <size>
    <width>642</width>
    <height>362</height>
    <depth>0</depth>
  </size>
  <segmented>0</segmented>
  <object>
    <name>bottle</name>
    <pose>Unspecified</pose>
    <truncated>0</truncated>
    <difficult>0</difficult>
    <bndbox>
      <xmin>161.36</xmin>
      <ymin>140.00</ymin>
      <xmax>257.27</xmax>
      <ymax>188.18</ymax>
    </bndbox>
  </object>
  <object>
    <name>chair_base</name>
    <pose>Unspecified</pose>
    <truncated>0</truncated>
    <difficult>0</difficult>
    <bndbox>
      <xmin>468.18</xmin>
      <ymin>159.55</ymin>
      <xmax>560.91</xmax>
      <ymax>183.18</ymax>
    </bndbox>
  </object>
  <object>
    <name>chair_foot</name>
    <pose>Unspecified</pose>
    <truncated>0</truncated>
    <difficult>0</difficult>
    <bndbox>
      <xmin>426.36</xmin>
      <ymin>138.18</ymin>
      <xmax>560.91</xmax>
      <ymax>169.55</ymax>
    </bndbox>
  </object>
  <object>
    <name>table_foot</name>
    <pose>Unspecified</pose>
    <truncated>0</truncated>
    <difficult>0</difficult>
    <bndbox>
      <xmin>165.45</xmin>
      <ymin>89.09</ymin>
      <xmax>174.09</xmax>
      <ymax>153.64</ymax>
    </bndbox>
  </object>
  <object>
    <name>cat</name>
    <pose>Unspecified</pose>
    <truncated>0</truncated>
    <difficult>0</difficult>
    <bndbox>
      <xmin>113.64</xmin>
      <ymin>121.82</ymin>
      <xmax>157.27</xmax>
      <ymax>173.18</ymax>
    </bndbox>
  </object>
</annotation>