<?xml version="1.0" encoding="UTF-8" ?>
<annotation>
  <folder>2022020755</folder>
  <filename>2022_01_14_15_28_377.jpg</filename>
  <path>http://172.18.39.209:9000/aliimages/2022020755/2022_01_14_15_28_377.jpg</path>
  <source>
    <database>Unknown</database>
  </source>
  <size>
    <width>642</width>
    <height>362</height>
    <depth>0</depth>
  </size>
  <segmented>0</segmented>
  <object>
    <name>facial_cleanser</name>
    <pose>Unspecified</pose>
    <truncated>0</truncated>
    <difficult>0</difficult>
    <bndbox>
      <xmin>284.09</xmin>
      <ymin>215.00</ymin>
      <xmax>394.55</xmax>
      <ymax>263.18</ymax>
    </bndbox>
  </object>
  <object>
    <name>paper_box</name>
    <pose>Unspecified</pose>
    <truncated>0</truncated>
    <difficult>0</difficult>
    <bndbox>
      <xmin>455.91</xmin>
      <ymin>118.64</ymin>
      <xmax>525.00</xmax>
      <ymax>207.27</ymax>
    </bndbox>
  </object>
  <object>
    <name>paper_box</name>
    <pose>Unspecified</pose>
    <truncated>0</truncated>
    <difficult>0</difficult>
    <bndbox>
      <xmin>520.91</xmin>
      <ymin>58.64</ymin>
      <xmax>641.36</xmax>
      <ymax>212.73</ymax>
    </bndbox>
  </object>
  <object>
    <name>chair_foot</name>
    <pose>Unspecified</pose>
    <truncated>0</truncated>
    <difficult>0</difficult>
    <bndbox>
      <xmin>93.18</xmin>
      <ymin>217.73</ymin>
      <xmax>120.45</xmax>
      <ymax>226.36</ymax>
    </bndbox>
  </object>
  <object>
    <name>chair_foot</name>
    <pose>Unspecified</pose>
    <truncated>0</truncated>
    <difficult>0</difficult>
    <bndbox>
      <xmin>102.73</xmin>
      <ymin>154.55</ymin>
      <xmax>331.82</xmax>
      <ymax>224.55</ymax>
    </bndbox>
  </object>
</annotation>