<?xml version="1.0" encoding="UTF-8" ?>
<annotation>
  <folder>2022020811</folder>
  <filename>20220118141428449.jpg</filename>
  <path>http://172.18.39.209:9000/aliimages/2022020811/20220118141428449.jpg</path>
  <source>
    <database>Unknown</database>
  </source>
  <size>
    <width>642</width>
    <height>362</height>
    <depth>0</depth>
  </size>
  <segmented>0</segmented>
  <object>
    <name>bottle</name>
    <pose>Unspecified</pose>
    <truncated>0</truncated>
    <difficult>0</difficult>
    <bndbox>
      <xmin>242.27</xmin>
      <ymin>58.64</ymin>
      <xmax>298.64</xmax>
      <ymax>194.55</ymax>
    </bndbox>
  </object>
  <object>
    <name>cat</name>
    <pose>Unspecified</pose>
    <truncated>0</truncated>
    <difficult>0</difficult>
    <bndbox>
      <xmin>162.73</xmin>
      <ymin>81.82</ymin>
      <xmax>258.18</xmax>
      <ymax>178.64</ymax>
    </bndbox>
  </object>
  <object>
    <name>chair_base</name>
    <pose>Unspecified</pose>
    <truncated>0</truncated>
    <difficult>0</difficult>
    <bndbox>
      <xmin>554.09</xmin>
      <ymin>158.64</ymin>
      <xmax>642.27</xmax>
      <ymax>191.82</ymax>
    </bndbox>
  </object>
  <object>
    <name>chair_foot</name>
    <pose>Unspecified</pose>
    <truncated>0</truncated>
    <difficult>0</difficult>
    <bndbox>
      <xmin>492.73</xmin>
      <ymin>135.45</ymin>
      <xmax>621.82</xmax>
      <ymax>175.00</ymax>
    </bndbox>
  </object>
</annotation>