<?xml version="1.0" encoding="UTF-8" ?>
<annotation>
  <folder>2022020739</folder>
  <filename>2022_01_14_17_35_3842.jpg</filename>
  <path>http://172.18.39.209:9000/aliimages/2022020739/2022_01_14_17_35_3842.jpg</path>
  <source>
    <database>Unknown</database>
  </source>
  <size>
    <width>642</width>
    <height>362</height>
    <depth>0</depth>
  </size>
  <segmented>0</segmented>
  <object>
    <name>wallet</name>
    <pose>Unspecified</pose>
    <truncated>0</truncated>
    <difficult>0</difficult>
    <bndbox>
      <xmin>231.82</xmin>
      <ymin>218.64</ymin>
      <xmax>310.45</xmax>
      <ymax>245.91</ymax>
    </bndbox>
  </object>
  <object>
    <name>chair_foot</name>
    <pose>Unspecified</pose>
    <truncated>0</truncated>
    <difficult>0</difficult>
    <bndbox>
      <xmin>127.27</xmin>
      <ymin>225.91</ymin>
      <xmax>153.64</xmax>
      <ymax>236.36</ymax>
    </bndbox>
  </object>
  <object>
    <name>paper_box</name>
    <pose>Unspecified</pose>
    <truncated>0</truncated>
    <difficult>0</difficult>
    <bndbox>
      <xmin>560.00</xmin>
      <ymin>82.27</ymin>
      <xmax>641.36</xmax>
      <ymax>210.91</ymax>
    </bndbox>
  </object>
  <object>
    <name>paper_box</name>
    <pose>Unspecified</pose>
    <truncated>0</truncated>
    <difficult>0</difficult>
    <bndbox>
      <xmin>490.45</xmin>
      <ymin>90.91</ymin>
      <xmax>584.55</xmax>
      <ymax>209.09</ymax>
    </bndbox>
  </object>
  <object>
    <name>chair_foot</name>
    <pose>Unspecified</pose>
    <truncated>0</truncated>
    <difficult>0</difficult>
    <bndbox>
      <xmin>137.27</xmin>
      <ymin>161.82</ymin>
      <xmax>358.18</xmax>
      <ymax>232.73</ymax>
    </bndbox>
  </object>
</annotation>