<?xml version="1.0" encoding="UTF-8" ?>
<annotation>
  <folder>2022020739</folder>
  <filename>2022_01_14_17_35_0520.jpg</filename>
  <path>http://172.18.39.209:9000/aliimages/2022020739/2022_01_14_17_35_0520.jpg</path>
  <source>
    <database>Unknown</database>
  </source>
  <size>
    <width>642</width>
    <height>362</height>
    <depth>0</depth>
  </size>
  <segmented>0</segmented>
  <object>
    <name>wallet</name>
    <pose>Unspecified</pose>
    <truncated>0</truncated>
    <difficult>0</difficult>
    <bndbox>
      <xmin>220.45</xmin>
      <ymin>225.91</ymin>
      <xmax>332.73</xmax>
      <ymax>249.55</ymax>
    </bndbox>
  </object>
  <object>
    <name>chair_foot</name>
    <pose>Unspecified</pose>
    <truncated>0</truncated>
    <difficult>0</difficult>
    <bndbox>
      <xmin>185.91</xmin>
      <ymin>217.73</ymin>
      <xmax>210.00</xmax>
      <ymax>228.18</ymax>
    </bndbox>
  </object>
  <object>
    <name>chair_foot</name>
    <pose>Unspecified</pose>
    <truncated>0</truncated>
    <difficult>0</difficult>
    <bndbox>
      <xmin>203.18</xmin>
      <ymin>157.73</ymin>
      <xmax>424.55</xmax>
      <ymax>230.91</ymax>
    </bndbox>
  </object>
</annotation>