<?xml version="1.0" encoding="UTF-8" ?>
<annotation>
  <folder>2022020737</folder>
  <filename>2022_01_14_17_05_440.jpg</filename>
  <path>http://172.18.39.209:9000/aliimages/2022020737/2022_01_14_17_05_440.jpg</path>
  <source>
    <database>Unknown</database>
  </source>
  <size>
    <width>642</width>
    <height>362</height>
    <depth>0</depth>
  </size>
  <segmented>0</segmented>
  <object>
    <name>paper_box</name>
    <pose>Unspecified</pose>
    <truncated>0</truncated>
    <difficult>0</difficult>
    <bndbox>
      <xmin>569.55</xmin>
      <ymin>48.64</ymin>
      <xmax>641.36</xmax>
      <ymax>210.00</ymax>
    </bndbox>
  </object>
  <object>
    <name>paper_box</name>
    <pose>Unspecified</pose>
    <truncated>0</truncated>
    <difficult>0</difficult>
    <bndbox>
      <xmin>446.82</xmin>
      <ymin>79.09</ymin>
      <xmax>579.55</xmax>
      <ymax>209.55</ymax>
    </bndbox>
  </object>
  <object>
    <name>shoe</name>
    <pose>Unspecified</pose>
    <truncated>0</truncated>
    <difficult>0</difficult>
    <bndbox>
      <xmin>215.00</xmin>
      <ymin>184.09</ymin>
      <xmax>338.18</xmax>
      <ymax>230.91</ymax>
    </bndbox>
  </object>
  <object>
    <name>chair_foot</name>
    <pose>Unspecified</pose>
    <truncated>0</truncated>
    <difficult>0</difficult>
    <bndbox>
      <xmin>52.73</xmin>
      <ymin>215.00</ymin>
      <xmax>78.64</xmax>
      <ymax>223.64</ymax>
    </bndbox>
  </object>
  <object>
    <name>chair_foot</name>
    <pose>Unspecified</pose>
    <truncated>0</truncated>
    <difficult>0</difficult>
    <bndbox>
      <xmin>55.91</xmin>
      <ymin>158.18</ymin>
      <xmax>263.64</xmax>
      <ymax>213.64</ymax>
    </bndbox>
  </object>
</annotation>