<?xml version="1.0" encoding="UTF-8" ?>
<annotation>
  <folder>2022020739</folder>
  <filename>2022_01_14_17_32_0714.jpg</filename>
  <path>http://172.18.39.209:9000/aliimages/2022020739/2022_01_14_17_32_0714.jpg</path>
  <source>
    <database>Unknown</database>
  </source>
  <size>
    <width>642</width>
    <height>362</height>
    <depth>0</depth>
  </size>
  <segmented>0</segmented>
  <object>
    <name>wallet</name>
    <pose>Unspecified</pose>
    <truncated>0</truncated>
    <difficult>0</difficult>
    <bndbox>
      <xmin>355.00</xmin>
      <ymin>210.45</ymin>
      <xmax>449.09</xmax>
      <ymax>244.55</ymax>
    </bndbox>
  </object>
  <object>
    <name>paper_box</name>
    <pose>Unspecified</pose>
    <truncated>0</truncated>
    <difficult>0</difficult>
    <bndbox>
      <xmin>540.91</xmin>
      <ymin>47.27</ymin>
      <xmax>640.91</xmax>
      <ymax>210.00</ymax>
    </bndbox>
  </object>
  <object>
    <name>paper_box</name>
    <pose>Unspecified</pose>
    <truncated>0</truncated>
    <difficult>0</difficult>
    <bndbox>
      <xmin>444.09</xmin>
      <ymin>94.09</ymin>
      <xmax>547.73</xmax>
      <ymax>208.18</ymax>
    </bndbox>
  </object>
  <object>
    <name>chair_foot</name>
    <pose>Unspecified</pose>
    <truncated>0</truncated>
    <difficult>0</difficult>
    <bndbox>
      <xmin>116.36</xmin>
      <ymin>215.00</ymin>
      <xmax>133.18</xmax>
      <ymax>222.73</ymax>
    </bndbox>
  </object>
  <object>
    <name>chair_foot</name>
    <pose>Unspecified</pose>
    <truncated>0</truncated>
    <difficult>0</difficult>
    <bndbox>
      <xmin>119.09</xmin>
      <ymin>167.73</ymin>
      <xmax>299.09</xmax>
      <ymax>219.09</ymax>
    </bndbox>
  </object>
</annotation>