<?xml version="1.0" encoding="UTF-8" ?>
<annotation>
  <folder>2022020755</folder>
  <filename>2022_01_14_15_28_3735.jpg</filename>
  <path>http://172.18.39.209:9000/aliimages/2022020755/2022_01_14_15_28_3735.jpg</path>
  <source>
    <database>Unknown</database>
  </source>
  <size>
    <width>642</width>
    <height>362</height>
    <depth>0</depth>
  </size>
  <segmented>0</segmented>
  <object>
    <name>facial_cleanser</name>
    <pose>Unspecified</pose>
    <truncated>0</truncated>
    <difficult>0</difficult>
    <bndbox>
      <xmin>278.64</xmin>
      <ymin>213.18</ymin>
      <xmax>363.64</xmax>
      <ymax>243.18</ymax>
    </bndbox>
  </object>
  <object>
    <name>chair_foot</name>
    <pose>Unspecified</pose>
    <truncated>0</truncated>
    <difficult>0</difficult>
    <bndbox>
      <xmin>139.55</xmin>
      <ymin>213.18</ymin>
      <xmax>158.64</xmax>
      <ymax>223.18</ymax>
    </bndbox>
  </object>
  <object>
    <name>chair_foot</name>
    <pose>Unspecified</pose>
    <truncated>0</truncated>
    <difficult>0</difficult>
    <bndbox>
      <xmin>146.82</xmin>
      <ymin>159.55</ymin>
      <xmax>336.82</xmax>
      <ymax>224.09</ymax>
    </bndbox>
  </object>
</annotation>