<?xml version="1.0" encoding="UTF-8" ?>
<annotation>
  <folder>2022020752</folder>
  <filename>2022_01_14_16_51_530.jpg</filename>
  <path>http://172.18.39.209:9000/aliimages/2022020752/2022_01_14_16_51_530.jpg</path>
  <source>
    <database>Unknown</database>
  </source>
  <size>
    <width>642</width>
    <height>362</height>
    <depth>0</depth>
  </size>
  <segmented>0</segmented>
  <object>
    <name>cup</name>
    <pose>Unspecified</pose>
    <truncated>0</truncated>
    <difficult>0</difficult>
    <bndbox>
      <xmin>273.64</xmin>
      <ymin>165.45</ymin>
      <xmax>315.45</xmax>
      <ymax>233.18</ymax>
    </bndbox>
  </object>
  <object>
    <name>chair_foot</name>
    <pose>Unspecified</pose>
    <truncated>0</truncated>
    <difficult>0</difficult>
    <bndbox>
      <xmin>29.55</xmin>
      <ymin>213.64</ymin>
      <xmax>50.45</xmax>
      <ymax>221.36</ymax>
    </bndbox>
  </object>
  <object>
    <name>paper_box</name>
    <pose>Unspecified</pose>
    <truncated>0</truncated>
    <difficult>0</difficult>
    <bndbox>
      <xmin>545.91</xmin>
      <ymin>61.82</ymin>
      <xmax>640.45</xmax>
      <ymax>213.64</ymax>
    </bndbox>
  </object>
  <object>
    <name>paper_box</name>
    <pose>Unspecified</pose>
    <truncated>0</truncated>
    <difficult>0</difficult>
    <bndbox>
      <xmin>402.27</xmin>
      <ymin>80.00</ymin>
      <xmax>547.73</xmax>
      <ymax>206.82</ymax>
    </bndbox>
  </object>
  <object>
    <name>paper_box</name>
    <pose>Unspecified</pose>
    <truncated>0</truncated>
    <difficult>0</difficult>
    <bndbox>
      <xmin>345.45</xmin>
      <ymin>130.00</ymin>
      <xmax>405.45</xmax>
      <ymax>207.27</ymax>
    </bndbox>
  </object>
  <object>
    <name>chair_foot</name>
    <pose>Unspecified</pose>
    <truncated>0</truncated>
    <difficult>0</difficult>
    <bndbox>
      <xmin>20.00</xmin>
      <ymin>163.18</ymin>
      <xmax>209.55</xmax>
      <ymax>217.27</ymax>
    </bndbox>
  </object>
</annotation>