<?xml version="1.0" encoding="UTF-8" ?>
<annotation>
  <folder>2022020737</folder>
  <filename>2022_01_14_17_06_3966.jpg</filename>
  <path>http://172.18.39.209:9000/aliimages/2022020737/2022_01_14_17_06_3966.jpg</path>
  <source>
    <database>Unknown</database>
  </source>
  <size>
    <width>642</width>
    <height>362</height>
    <depth>0</depth>
  </size>
  <segmented>0</segmented>
  <object>
    <name>shoe</name>
    <pose>Unspecified</pose>
    <truncated>0</truncated>
    <difficult>0</difficult>
    <bndbox>
      <xmin>267.27</xmin>
      <ymin>179.09</ymin>
      <xmax>385.91</xmax>
      <ymax>241.36</ymax>
    </bndbox>
  </object>
  <object>
    <name>paper_box</name>
    <pose>Unspecified</pose>
    <truncated>0</truncated>
    <difficult>0</difficult>
    <bndbox>
      <xmin>569.09</xmin>
      <ymin>35.00</ymin>
      <xmax>641.36</xmax>
      <ymax>213.64</ymax>
    </bndbox>
  </object>
  <object>
    <name>paper_box</name>
    <pose>Unspecified</pose>
    <truncated>0</truncated>
    <difficult>0</difficult>
    <bndbox>
      <xmin>440.45</xmin>
      <ymin>70.00</ymin>
      <xmax>579.09</xmax>
      <ymax>214.09</ymax>
    </bndbox>
  </object>
  <object>
    <name>chair_foot</name>
    <pose>Unspecified</pose>
    <truncated>0</truncated>
    <difficult>0</difficult>
    <bndbox>
      <xmin>18.64</xmin>
      <ymin>217.73</ymin>
      <xmax>43.18</xmax>
      <ymax>225.91</ymax>
    </bndbox>
  </object>
  <object>
    <name>chair_foot</name>
    <pose>Unspecified</pose>
    <truncated>0</truncated>
    <difficult>0</difficult>
    <bndbox>
      <xmin>32.73</xmin>
      <ymin>159.09</ymin>
      <xmax>267.27</xmax>
      <ymax>225.45</ymax>
    </bndbox>
  </object>
</annotation>