<?xml version="1.0" encoding="UTF-8" ?>
<annotation>
  <folder>2022020737</folder>
  <filename>2022_01_14_17_06_3964.jpg</filename>
  <path>http://172.18.39.209:9000/aliimages/2022020737/2022_01_14_17_06_3964.jpg</path>
  <source>
    <database>Unknown</database>
  </source>
  <size>
    <width>642</width>
    <height>362</height>
    <depth>0</depth>
  </size>
  <segmented>0</segmented>
  <object>
    <name>shoe</name>
    <pose>Unspecified</pose>
    <truncated>0</truncated>
    <difficult>0</difficult>
    <bndbox>
      <xmin>272.27</xmin>
      <ymin>183.64</ymin>
      <xmax>393.18</xmax>
      <ymax>243.64</ymax>
    </bndbox>
  </object>
  <object>
    <name>paper_box</name>
    <pose>Unspecified</pose>
    <truncated>0</truncated>
    <difficult>0</difficult>
    <bndbox>
      <xmin>450.45</xmin>
      <ymin>69.09</ymin>
      <xmax>590.45</xmax>
      <ymax>214.55</ymax>
    </bndbox>
  </object>
  <object>
    <name>chair_foot</name>
    <pose>Unspecified</pose>
    <truncated>0</truncated>
    <difficult>0</difficult>
    <bndbox>
      <xmin>34.09</xmin>
      <ymin>159.55</ymin>
      <xmax>271.36</xmax>
      <ymax>225.91</ymax>
    </bndbox>
  </object>
  <object>
    <name>chair_foot</name>
    <pose>Unspecified</pose>
    <truncated>0</truncated>
    <difficult>0</difficult>
    <bndbox>
      <xmin>24.55</xmin>
      <ymin>217.73</ymin>
      <xmax>47.27</xmax>
      <ymax>229.09</ymax>
    </bndbox>
  </object>
</annotation>