<?xml version="1.0" encoding="UTF-8" ?>
<annotation>
  <folder>2022020753</folder>
  <filename>2022_01_14_20_39_0835.jpg</filename>
  <path>http://172.18.39.209:9000/aliimages/2022020753/2022_01_14_20_39_0835.jpg</path>
  <source>
    <database>Unknown</database>
  </source>
  <size>
    <width>642</width>
    <height>362</height>
    <depth>0</depth>
  </size>
  <segmented>0</segmented>
  <object>
    <name>cylindrical</name>
    <pose>Unspecified</pose>
    <truncated>0</truncated>
    <difficult>0</difficult>
    <bndbox>
      <xmin>194.09</xmin>
      <ymin>217.27</ymin>
      <xmax>442.27</xmax>
      <ymax>361.36</ymax>
    </bndbox>
  </object>
  <object>
    <name>chair_foot</name>
    <pose>Unspecified</pose>
    <truncated>0</truncated>
    <difficult>0</difficult>
    <bndbox>
      <xmin>26.36</xmin>
      <ymin>220.45</ymin>
      <xmax>56.82</xmax>
      <ymax>232.27</ymax>
    </bndbox>
  </object>
  <object>
    <name>paper_box</name>
    <pose>Unspecified</pose>
    <truncated>0</truncated>
    <difficult>0</difficult>
    <bndbox>
      <xmin>490.45</xmin>
      <ymin>58.18</ymin>
      <xmax>641.36</xmax>
      <ymax>209.09</ymax>
    </bndbox>
  </object>
  <object>
    <name>paper_box</name>
    <pose>Unspecified</pose>
    <truncated>0</truncated>
    <difficult>0</difficult>
    <bndbox>
      <xmin>434.09</xmin>
      <ymin>97.73</ymin>
      <xmax>516.82</xmax>
      <ymax>206.82</ymax>
    </bndbox>
  </object>
  <object>
    <name>chair_foot</name>
    <pose>Unspecified</pose>
    <truncated>0</truncated>
    <difficult>0</difficult>
    <bndbox>
      <xmin>42.73</xmin>
      <ymin>143.64</ymin>
      <xmax>296.82</xmax>
      <ymax>227.27</ymax>
    </bndbox>
  </object>
</annotation>