<?xml version="1.0" encoding="UTF-8" ?>
<annotation>
  <folder>2022020811</folder>
  <filename>20220118141444331.jpg</filename>
  <path>http://172.18.39.209:9000/aliimages/2022020811/20220118141444331.jpg</path>
  <source>
    <database>Unknown</database>
  </source>
  <size>
    <width>642</width>
    <height>362</height>
    <depth>0</depth>
  </size>
  <segmented>0</segmented>
  <object>
    <name>bottle</name>
    <pose>Unspecified</pose>
    <truncated>0</truncated>
    <difficult>0</difficult>
    <bndbox>
      <xmin>304.09</xmin>
      <ymin>47.73</ymin>
      <xmax>355.45</xmax>
      <ymax>192.27</ymax>
    </bndbox>
  </object>
  <object>
    <name>cat</name>
    <pose>Unspecified</pose>
    <truncated>0</truncated>
    <difficult>0</difficult>
    <bndbox>
      <xmin>219.55</xmin>
      <ymin>103.64</ymin>
      <xmax>317.73</xmax>
      <ymax>177.27</ymax>
    </bndbox>
  </object>
  <object>
    <name>chair_foot</name>
    <pose>Unspecified</pose>
    <truncated>0</truncated>
    <difficult>0</difficult>
    <bndbox>
      <xmin>542.27</xmin>
      <ymin>136.82</ymin>
      <xmax>640.00</xmax>
      <ymax>178.64</ymax>
    </bndbox>
  </object>
</annotation>