<?xml version="1.0" encoding="UTF-8" ?>
<annotation>
  <folder>2022020755</folder>
  <filename>2022_01_14_15_28_376.jpg</filename>
  <path>http://172.18.39.209:9000/aliimages/2022020755/2022_01_14_15_28_376.jpg</path>
  <source>
    <database>Unknown</database>
  </source>
  <size>
    <width>642</width>
    <height>362</height>
    <depth>0</depth>
  </size>
  <segmented>0</segmented>
  <object>
    <name>facial_cleanser</name>
    <pose>Unspecified</pose>
    <truncated>0</truncated>
    <difficult>0</difficult>
    <bndbox>
      <xmin>290.00</xmin>
      <ymin>216.82</ymin>
      <xmax>386.36</xmax>
      <ymax>250.00</ymax>
    </bndbox>
  </object>
  <object>
    <name>chair_foot</name>
    <pose>Unspecified</pose>
    <truncated>0</truncated>
    <difficult>0</difficult>
    <bndbox>
      <xmin>122.73</xmin>
      <ymin>212.73</ymin>
      <xmax>145.45</xmax>
      <ymax>223.64</ymax>
    </bndbox>
  </object>
  <object>
    <name>paper_box</name>
    <pose>Unspecified</pose>
    <truncated>0</truncated>
    <difficult>0</difficult>
    <bndbox>
      <xmin>526.82</xmin>
      <ymin>65.45</ymin>
      <xmax>641.36</xmax>
      <ymax>209.55</ymax>
    </bndbox>
  </object>
  <object>
    <name>paper_box</name>
    <pose>Unspecified</pose>
    <truncated>0</truncated>
    <difficult>0</difficult>
    <bndbox>
      <xmin>463.18</xmin>
      <ymin>116.82</ymin>
      <xmax>529.55</xmax>
      <ymax>204.09</ymax>
    </bndbox>
  </object>
  <object>
    <name>chair_foot</name>
    <pose>Unspecified</pose>
    <truncated>0</truncated>
    <difficult>0</difficult>
    <bndbox>
      <xmin>130.91</xmin>
      <ymin>156.36</ymin>
      <xmax>333.64</xmax>
      <ymax>221.36</ymax>
    </bndbox>
  </object>
</annotation>