<?xml version="1.0" encoding="UTF-8" ?>
<annotation>
  <folder>2022020811</folder>
  <filename>20220118143308538.jpg</filename>
  <path>http://172.18.39.209:9000/aliimages/2022020811/20220118143308538.jpg</path>
  <source>
    <database>Unknown</database>
  </source>
  <size>
    <width>642</width>
    <height>362</height>
    <depth>0</depth>
  </size>
  <segmented>0</segmented>
  <object>
    <name>chair_base</name>
    <pose>Unspecified</pose>
    <truncated>0</truncated>
    <difficult>0</difficult>
    <bndbox>
      <xmin>465.45</xmin>
      <ymin>162.73</ymin>
      <xmax>591.82</xmax>
      <ymax>190.00</ymax>
    </bndbox>
  </object>
  <object>
    <name>chair_foot</name>
    <pose>Unspecified</pose>
    <truncated>0</truncated>
    <difficult>0</difficult>
    <bndbox>
      <xmin>419.55</xmin>
      <ymin>140.45</ymin>
      <xmax>572.27</xmax>
      <ymax>171.82</ymax>
    </bndbox>
  </object>
  <object>
    <name>paper_box</name>
    <pose>Unspecified</pose>
    <truncated>0</truncated>
    <difficult>0</difficult>
    <bndbox>
      <xmin>227.73</xmin>
      <ymin>83.18</ymin>
      <xmax>276.36</xmax>
      <ymax>196.36</ymax>
    </bndbox>
  </object>
  <object>
    <name>table_foot</name>
    <pose>Unspecified</pose>
    <truncated>0</truncated>
    <difficult>0</difficult>
    <bndbox>
      <xmin>136.82</xmin>
      <ymin>79.55</ymin>
      <xmax>155.00</xmax>
      <ymax>172.27</ymax>
    </bndbox>
  </object>
</annotation>