<?xml version="1.0" encoding="UTF-8" ?>
<annotation>
  <folder>2022020811</folder>
  <filename>20220118142517227.jpg</filename>
  <path>http://172.18.39.209:9000/aliimages/2022020811/20220118142517227.jpg</path>
  <source>
    <database>Unknown</database>
  </source>
  <size>
    <width>642</width>
    <height>362</height>
    <depth>0</depth>
  </size>
  <segmented>0</segmented>
  <object>
    <name>bottle</name>
    <pose>Unspecified</pose>
    <truncated>0</truncated>
    <difficult>0</difficult>
    <bndbox>
      <xmin>189.09</xmin>
      <ymin>1.36</ymin>
      <xmax>262.27</xmax>
      <ymax>211.82</ymax>
    </bndbox>
  </object>
  <object>
    <name>chair_base</name>
    <pose>Unspecified</pose>
    <truncated>0</truncated>
    <difficult>0</difficult>
    <bndbox>
      <xmin>515.00</xmin>
      <ymin>156.36</ymin>
      <xmax>640.91</xmax>
      <ymax>202.73</ymax>
    </bndbox>
  </object>
  <object>
    <name>chair_foot</name>
    <pose>Unspecified</pose>
    <truncated>0</truncated>
    <difficult>0</difficult>
    <bndbox>
      <xmin>454.55</xmin>
      <ymin>135.45</ymin>
      <xmax>625.00</xmax>
      <ymax>179.55</ymax>
    </bndbox>
  </object>
</annotation>