<?xml version="1.0" encoding="UTF-8" ?>
<annotation>
  <folder>RGB100W_CRL30VDJ208Z2081_116444738208988778.jpg</folder>
  <filename>RGB100W_CRL30VDJ208Z2081_116444738208988778.jpg</filename>
  <path>http://172.18.39.209:9000/aliimages2021122805/RGB100W_CRL30VDJ208Z2081_116444738208988778.jpg</path>
  <source>
    <database>Unknown</database>
  </source>
  <size>
    <width>640</width>
    <height>360</height>
    <depth>0</depth>
  </size>
  <segmented>0</segmented>
  <object>
    <name>dining_table</name>
    <pose>Unspecified</pose>
    <truncated>0</truncated>
    <difficult>0</difficult>
    <bndbox>
      <xmin>360.00</xmin>
      <ymin>47.73</ymin>
      <xmax>515.91</xmax>
      <ymax>166.82</ymax>
    </bndbox>
  </object>
  <object>
    <name>person</name>
    <pose>Unspecified</pose>
    <truncated>0</truncated>
    <difficult>0</difficult>
    <bndbox>
      <xmin>416.82</xmin>
      <ymin>3.18</ymin>
      <xmax>515.45</xmax>
      <ymax>164.09</ymax>
    </bndbox>
  </object>
</annotation>