<?xml version="1.0" encoding="UTF-8" ?>
<annotation>
  <folder>RGB100W_202006292022_116444836911507837.jpg</folder>
  <filename>RGB100W_202006292022_116444836911507837.jpg</filename>
  <path>http://172.18.39.209:9000/aliimages1999999990/RGB100W_202006292022_116444836911507837.jpg</path>
  <source>
    <database>Unknown</database>
  </source>
  <size>
    <width>642</width>
    <height>361</height>
    <depth>0</depth>
  </size>
  <segmented>0</segmented>
  <object>
    <name>wire</name>
    <pose>Unspecified</pose>
    <truncated>0</truncated>
    <difficult>0</difficult>
    <bndbox>
      <xmin>435.45</xmin>
      <ymin>148.18</ymin>
      <xmax>641.82</xmax>
      <ymax>207.73</ymax>
    </bndbox>
  </object>
  <object>
    <name>wire</name>
    <pose>Unspecified</pose>
    <truncated>0</truncated>
    <difficult>0</difficult>
    <bndbox>
      <xmin>314.55</xmin>
      <ymin>160.91</ymin>
      <xmax>391.36</xmax>
      <ymax>171.82</ymax>
    </bndbox>
  </object>
  <object>
    <name>wire</name>
    <pose>Unspecified</pose>
    <truncated>0</truncated>
    <difficult>0</difficult>
    <bndbox>
      <xmin>65.45</xmin>
      <ymin>98.64</ymin>
      <xmax>102.73</xmax>
      <ymax>110.45</ymax>
    </bndbox>
  </object>
  <object>
    <name>wire</name>
    <pose>Unspecified</pose>
    <truncated>0</truncated>
    <difficult>0</difficult>
    <bndbox>
      <xmin>66.82</xmin>
      <ymin>115.00</ymin>
      <xmax>127.73</xmax>
      <ymax>141.82</ymax>
    </bndbox>
  </object>
  <object>
    <name>wire</name>
    <pose>Unspecified</pose>
    <truncated>0</truncated>
    <difficult>0</difficult>
    <bndbox>
      <xmin>284.09</xmin>
      <ymin>95.91</ymin>
      <xmax>289.55</xmax>
      <ymax>117.27</ymax>
    </bndbox>
  </object>
  <object>
    <name>wire</name>
    <pose>Unspecified</pose>
    <truncated>0</truncated>
    <difficult>0</difficult>
    <bndbox>
      <xmin>137.73</xmin>
      <ymin>106.82</ymin>
      <xmax>156.82</xmax>
      <ymax>113.64</ymax>
    </bndbox>
  </object>
  <object>
    <name>dining_table</name>
    <pose>Unspecified</pose>
    <truncated>0</truncated>
    <difficult>0</difficult>
    <bndbox>
      <xmin>239.09</xmin>
      <ymin>102.73</ymin>
      <xmax>350.45</xmax>
      <ymax>124.55</ymax>
    </bndbox>
  </object>
</annotation>