<?xml version="1.0" encoding="UTF-8" ?>
<annotation>
  <folder>RGB100W_542500001228_116464290694535930.jpg</folder>
  <filename>RGB100W_542500001228_116464290694535930.jpg</filename>
  <path>http://172.18.39.209:9000/aliimages1999999990/RGB100W_542500001228_116464290694535930.jpg</path>
  <source>
    <database>Unknown</database>
  </source>
  <size>
    <width>640</width>
    <height>360</height>
    <depth>0</depth>
  </size>
  <segmented>0</segmented>
  <object>
    <name>blanket</name>
    <pose>Unspecified</pose>
    <truncated>0</truncated>
    <difficult>0</difficult>
    <bndbox>
      <xmin>122.73</xmin>
      <ymin>177.73</ymin>
      <xmax>640.00</xmax>
      <ymax>265.91</ymax>
    </bndbox>
  </object>
  <object>
    <name>sofa1</name>
    <pose>Unspecified</pose>
    <truncated>0</truncated>
    <difficult>0</difficult>
    <bndbox>
      <xmin>56.82</xmin>
      <ymin>0.91</ymin>
      <xmax>372.73</xmax>
      <ymax>207.73</ymax>
    </bndbox>
  </object>
  <object>
    <name>dining_table</name>
    <pose>Unspecified</pose>
    <truncated>0</truncated>
    <difficult>0</difficult>
    <bndbox>
      <xmin>345.91</xmin>
      <ymin>6.82</ymin>
      <xmax>545.00</xmax>
      <ymax>185.91</ymax>
    </bndbox>
  </object>
</annotation>