<?xml version="1.0" encoding="UTF-8" ?>
<annotation>
  <folder>RGB100W_CRL30VDJ208Z2123_116445526079393920.jpg</folder>
  <filename>RGB100W_CRL30VDJ208Z2123_116445526079393920.jpg</filename>
  <path>http://172.18.39.209:9000/aliimages1999999996/RGB100W_CRL30VDJ208Z2123_116445526079393920.jpg</path>
  <source>
    <database>Unknown</database>
  </source>
  <size>
    <width>640</width>
    <height>360</height>
    <depth>0</depth>
  </size>
  <segmented>0</segmented>
  <object>
    <name>dining_table</name>
    <pose>Unspecified</pose>
    <truncated>0</truncated>
    <difficult>0</difficult>
    <bndbox>
      <xmin>80.91</xmin>
      <ymin>56.82</ymin>
      <xmax>311.82</xmax>
      <ymax>172.73</ymax>
    </bndbox>
  </object>
</annotation>