<?xml version="1.0" encoding="UTF-8" ?>
<annotation>
  <folder>RGB100W_542500001364_116445622273629658.jpg</folder>
  <filename>RGB100W_542500001364_116445622273629658.jpg</filename>
  <path>http://172.18.39.209:9000/aliimages1999999990/RGB100W_542500001364_116445622273629658.jpg</path>
  <source>
    <database>Unknown</database>
  </source>
  <size>
    <width>640</width>
    <height>360</height>
    <depth>0</depth>
  </size>
  <segmented>0</segmented>
  <object>
    <name>dining_table</name>
    <pose>Unspecified</pose>
    <truncated>0</truncated>
    <difficult>0</difficult>
    <bndbox>
      <xmin>126.82</xmin>
      <ymin>81.82</ymin>
      <xmax>332.73</xmax>
      <ymax>170.91</ymax>
    </bndbox>
  </object>
  <object>
    <name>sofa1</name>
    <pose>Unspecified</pose>
    <truncated>0</truncated>
    <difficult>0</difficult>
    <bndbox>
      <xmin>0.91</xmin>
      <ymin>11.82</ymin>
      <xmax>72.73</xmax>
      <ymax>173.64</ymax>
    </bndbox>
  </object>
</annotation>