<?xml version="1.0" encoding="UTF-8" ?>
<annotation>
  <folder>RGB100W_542500001364_116450145818567194.jpg</folder>
  <filename>RGB100W_542500001364_116450145818567194.jpg</filename>
  <path>http://172.18.39.209:9000/aliimages1999999990/RGB100W_542500001364_116450145818567194.jpg</path>
  <source>
    <database>Unknown</database>
  </source>
  <size>
    <width>640</width>
    <height>360</height>
    <depth>0</depth>
  </size>
  <segmented>0</segmented>
  <object>
    <name>dining_table</name>
    <pose>Unspecified</pose>
    <truncated>0</truncated>
    <difficult>0</difficult>
    <bndbox>
      <xmin>36.82</xmin>
      <ymin>0.91</ymin>
      <xmax>282.73</xmax>
      <ymax>173.64</ymax>
    </bndbox>
  </object>
  <object>
    <name>metal_chair_foot</name>
    <pose>Unspecified</pose>
    <truncated>0</truncated>
    <difficult>0</difficult>
    <bndbox>
      <xmin>307.73</xmin>
      <ymin>150.00</ymin>
      <xmax>360.00</xmax>
      <ymax>165.91</ymax>
    </bndbox>
  </object>
  <object>
    <name>metal_chair_foot</name>
    <pose>Unspecified</pose>
    <truncated>0</truncated>
    <difficult>0</difficult>
    <bndbox>
      <xmin>81.82</xmin>
      <ymin>155.91</ymin>
      <xmax>150.91</xmax>
      <ymax>172.73</ymax>
    </bndbox>
  </object>
</annotation>