<?xml version="1.0" encoding="UTF-8" ?>
<annotation>
  <folder>RGB100W_CRL9993I202006069999_1591607489222034.jpg</folder>
  <filename>RGB100W_CRL9993I202006069999_1591607489222034.jpg</filename>
  <path>http://172.18.39.209:9000/aliimages1999999996/RGB100W_CRL9993I202006069999_1591607489222034.jpg</path>
  <source>
    <database>Unknown</database>
  </source>
  <size>
    <width>642</width>
    <height>361</height>
    <depth>0</depth>
  </size>
  <segmented>0</segmented>
  <object>
    <name>dining_table</name>
    <pose>Unspecified</pose>
    <truncated>0</truncated>
    <difficult>0</difficult>
    <bndbox>
      <xmin>309.55</xmin>
      <ymin>0.91</ymin>
      <xmax>584.55</xmax>
      <ymax>187.27</ymax>
    </bndbox>
  </object>
  <object>
    <name>metal_chair_foot</name>
    <pose>Unspecified</pose>
    <truncated>0</truncated>
    <difficult>0</difficult>
    <bndbox>
      <xmin>275.00</xmin>
      <ymin>174.09</ymin>
      <xmax>321.36</xmax>
      <ymax>183.64</ymax>
    </bndbox>
  </object>
  <object>
    <name>metal_chair_foot</name>
    <pose>Unspecified</pose>
    <truncated>0</truncated>
    <difficult>0</difficult>
    <bndbox>
      <xmin>323.64</xmin>
      <ymin>173.18</ymin>
      <xmax>374.09</xmax>
      <ymax>184.55</ymax>
    </bndbox>
  </object>
</annotation>