<?xml version="1.0" encoding="UTF-8" ?>
<annotation>
  <folder>RGB100W_542500001557_116444750584377640.jpg</folder>
  <filename>RGB100W_542500001557_116444750584377640.jpg</filename>
  <path>http://172.18.39.209:9000/aliimages1999999990/RGB100W_542500001557_116444750584377640.jpg</path>
  <source>
    <database>Unknown</database>
  </source>
  <size>
    <width>640</width>
    <height>360</height>
    <depth>0</depth>
  </size>
  <segmented>0</segmented>
  <object>
    <name>dining_table</name>
    <pose>Unspecified</pose>
    <truncated>0</truncated>
    <difficult>0</difficult>
    <bndbox>
      <xmin>195.00</xmin>
      <ymin>70.00</ymin>
      <xmax>261.82</xmax>
      <ymax>183.64</ymax>
    </bndbox>
  </object>
</annotation>