<?xml version="1.0" encoding="UTF-8" ?>
<annotation>
  <folder>RGB100W_542500001364_116464846680708171.jpg</folder>
  <filename>RGB100W_542500001364_116464846680708171.jpg</filename>
  <path>http://172.18.39.209:9000/aliimages1999999980/RGB100W_542500001364_116464846680708171.jpg</path>
  <source>
    <database>Unknown</database>
  </source>
  <size>
    <width>640</width>
    <height>360</height>
    <depth>0</depth>
  </size>
  <segmented>0</segmented>
  <object>
    <name>metal_chair_foot</name>
    <pose>Unspecified</pose>
    <truncated>0</truncated>
    <difficult>0</difficult>
    <bndbox>
      <xmin>361.82</xmin>
      <ymin>157.73</ymin>
      <xmax>388.64</xmax>
      <ymax>167.73</ymax>
    </bndbox>
  </object>
  <object>
    <name>metal_chair_foot</name>
    <pose>Unspecified</pose>
    <truncated>0</truncated>
    <difficult>0</difficult>
    <bndbox>
      <xmin>123.64</xmin>
      <ymin>156.82</ymin>
      <xmax>167.73</xmax>
      <ymax>166.82</ymax>
    </bndbox>
  </object>
  <object>
    <name>door_anno</name>
    <pose>Unspecified</pose>
    <truncated>0</truncated>
    <difficult>0</difficult>
    <bndbox>
      <xmin>142.73</xmin>
      <ymin>55.91</ymin>
      <xmax>182.73</xmax>
      <ymax>163.64</ymax>
    </bndbox>
  </object>
  <object>
    <name>dining_table</name>
    <pose>Unspecified</pose>
    <truncated>0</truncated>
    <difficult>0</difficult>
    <bndbox>
      <xmin>113.64</xmin>
      <ymin>0.91</ymin>
      <xmax>458.64</xmax>
      <ymax>167.73</ymax>
    </bndbox>
  </object>
</annotation>