<?xml version="1.0" encoding="UTF-8" ?>
<annotation>
  <folder>RGB100W_542500001364_116466577653295735.jpg</folder>
  <filename>RGB100W_542500001364_116466577653295735.jpg</filename>
  <path>http://172.18.39.209:9000/aliimages1999999990/RGB100W_542500001364_116466577653295735.jpg</path>
  <source>
    <database>Unknown</database>
  </source>
  <size>
    <width>640</width>
    <height>360</height>
    <depth>0</depth>
  </size>
  <segmented>0</segmented>
  <object>
    <name>metal_chair_foot</name>
    <pose>Unspecified</pose>
    <truncated>0</truncated>
    <difficult>0</difficult>
    <bndbox>
      <xmin>275.91</xmin>
      <ymin>150.00</ymin>
      <xmax>300.00</xmax>
      <ymax>167.73</ymax>
    </bndbox>
  </object>
  <object>
    <name>metal_chair_foot</name>
    <pose>Unspecified</pose>
    <truncated>0</truncated>
    <difficult>0</difficult>
    <bndbox>
      <xmin>260.00</xmin>
      <ymin>155.91</ymin>
      <xmax>305.00</xmax>
      <ymax>165.91</ymax>
    </bndbox>
  </object>
  <object>
    <name>metal_chair_foot</name>
    <pose>Unspecified</pose>
    <truncated>0</truncated>
    <difficult>0</difficult>
    <bndbox>
      <xmin>302.73</xmin>
      <ymin>156.82</ymin>
      <xmax>315.91</xmax>
      <ymax>165.00</ymax>
    </bndbox>
  </object>
  <object>
    <name>dining_table</name>
    <pose>Unspecified</pose>
    <truncated>0</truncated>
    <difficult>0</difficult>
    <bndbox>
      <xmin>196.82</xmin>
      <ymin>83.64</ymin>
      <xmax>316.82</xmax>
      <ymax>167.73</ymax>
    </bndbox>
  </object>
</annotation>