<?xml version="1.0" encoding="UTF-8" ?>
<annotation>
  <folder>RGB100W_542500001557_116445476097284717.jpg</folder>
  <filename>RGB100W_542500001557_116445476097284717.jpg</filename>
  <path>http://172.18.39.209:9000/aliimages2021122805/RGB100W_542500001557_116445476097284717.jpg</path>
  <source>
    <database>Unknown</database>
  </source>
  <size>
    <width>640</width>
    <height>360</height>
    <depth>0</depth>
  </size>
  <segmented>0</segmented>
  <object>
    <name>person_leg</name>
    <pose>Unspecified</pose>
    <truncated>0</truncated>
    <difficult>0</difficult>
    <bndbox>
      <xmin>255.91</xmin>
      <ymin>80.00</ymin>
      <xmax>282.73</xmax>
      <ymax>181.82</ymax>
    </bndbox>
  </object>
  <object>
    <name>dining_table</name>
    <pose>Unspecified</pose>
    <truncated>0</truncated>
    <difficult>0</difficult>
    <bndbox>
      <xmin>70.00</xmin>
      <ymin>0.91</ymin>
      <xmax>265.91</xmax>
      <ymax>195.91</ymax>
    </bndbox>
  </object>
</annotation>