<?xml version="1.0" encoding="UTF-8" ?>
<annotation>
  <folder>RGB100W_CRL9993I202006069999_1591606898151269.jpg</folder>
  <filename>RGB100W_CRL9993I202006069999_1591606898151269.jpg</filename>
  <path>http://172.18.39.209:9000/aliimages1999999996/RGB100W_CRL9993I202006069999_1591606898151269.jpg</path>
  <source>
    <database>Unknown</database>
  </source>
  <size>
    <width>642</width>
    <height>361</height>
    <depth>0</depth>
  </size>
  <segmented>0</segmented>
  <object>
    <name>dining_table</name>
    <pose>Unspecified</pose>
    <truncated>0</truncated>
    <difficult>0</difficult>
    <bndbox>
      <xmin>168.64</xmin>
      <ymin>1.36</ymin>
      <xmax>512.73</xmax>
      <ymax>210.00</ymax>
    </bndbox>
  </object>
  <object>
    <name>sofa_1</name>
    <pose>Unspecified</pose>
    <truncated>0</truncated>
    <difficult>0</difficult>
    <bndbox>
      <xmin>0.45</xmin>
      <ymin>22.73</ymin>
      <xmax>67.27</xmax>
      <ymax>186.36</ymax>
    </bndbox>
  </object>
  <object>
    <name>sofa</name>
    <pose>Unspecified</pose>
    <truncated>0</truncated>
    <difficult>0</difficult>
    <bndbox>
      <xmin>55.91</xmin>
      <ymin>52.73</ymin>
      <xmax>180.91</xmax>
      <ymax>196.82</ymax>
    </bndbox>
  </object>
</annotation>