<?xml version="1.0" encoding="UTF-8" ?>
<annotation>
  <folder>RGB100W_277985960_116444737789405641.jpg</folder>
  <filename>RGB100W_277985960_116444737789405641.jpg</filename>
  <path>http://172.18.39.209:9000/aliimages1999999990/RGB100W_277985960_116444737789405641.jpg</path>
  <source>
    <database>Unknown</database>
  </source>
  <size>
    <width>642</width>
    <height>361</height>
    <depth>0</depth>
  </size>
  <segmented>0</segmented>
  <object>
    <name>dining_table</name>
    <pose>Unspecified</pose>
    <truncated>0</truncated>
    <difficult>0</difficult>
    <bndbox>
      <xmin>131.36</xmin>
      <ymin>0.91</ymin>
      <xmax>390.45</xmax>
      <ymax>173.64</ymax>
    </bndbox>
  </object>
  <object>
    <name>wire</name>
    <pose>Unspecified</pose>
    <truncated>0</truncated>
    <difficult>0</difficult>
    <bndbox>
      <xmin>42.73</xmin>
      <ymin>130.00</ymin>
      <xmax>70.00</xmax>
      <ymax>168.18</ymax>
    </bndbox>
  </object>
</annotation>