<?xml version="1.0" encoding="UTF-8" ?>
<annotation>
  <folder>RGB100W_542500001228_116445172969376813.jpg</folder>
  <filename>RGB100W_542500001228_116445172969376813.jpg</filename>
  <path>http://172.18.39.209:9000/aliimages1999999990/RGB100W_542500001228_116445172969376813.jpg</path>
  <source>
    <database>Unknown</database>
  </source>
  <size>
    <width>640</width>
    <height>360</height>
    <depth>0</depth>
  </size>
  <segmented>0</segmented>
  <object>
    <name>blanket</name>
    <pose>Unspecified</pose>
    <truncated>0</truncated>
    <difficult>0</difficult>
    <bndbox>
      <xmin>130.00</xmin>
      <ymin>172.73</ymin>
      <xmax>395.00</xmax>
      <ymax>201.82</ymax>
    </bndbox>
  </object>
  <object>
    <name>dining_table</name>
    <pose>Unspecified</pose>
    <truncated>0</truncated>
    <difficult>0</difficult>
    <bndbox>
      <xmin>256.82</xmin>
      <ymin>25.00</ymin>
      <xmax>428.64</xmax>
      <ymax>181.82</ymax>
    </bndbox>
  </object>
  <object>
    <name>sofa1</name>
    <pose>Unspecified</pose>
    <truncated>0</truncated>
    <difficult>0</difficult>
    <bndbox>
      <xmin>145.91</xmin>
      <ymin>58.64</ymin>
      <xmax>265.91</xmax>
      <ymax>176.82</ymax>
    </bndbox>
  </object>
</annotation>