<?xml version="1.0" encoding="UTF-8" ?>
<annotation>
  <folder>RGB100W_CRL30VDJ208Z2065_116444739513360573.jpg</folder>
  <filename>RGB100W_CRL30VDJ208Z2065_116444739513360573.jpg</filename>
  <path>http://172.18.39.209:9000/aliimages1999999965/RGB100W_CRL30VDJ208Z2065_116444739513360573.jpg</path>
  <source>
    <database>Unknown</database>
  </source>
  <size>
    <width>640</width>
    <height>360</height>
    <depth>0</depth>
  </size>
  <segmented>0</segmented>
  <object>
    <name>slipper</name>
    <pose>Unspecified</pose>
    <truncated>0</truncated>
    <difficult>0</difficult>
    <bndbox>
      <xmin>0.91</xmin>
      <ymin>133.64</ymin>
      <xmax>142.73</xmax>
      <ymax>186.82</ymax>
    </bndbox>
  </object>
  <object>
    <name>dining_table</name>
    <pose>Unspecified</pose>
    <truncated>0</truncated>
    <difficult>0</difficult>
    <bndbox>
      <xmin>433.64</xmin>
      <ymin>58.64</ymin>
      <xmax>626.82</xmax>
      <ymax>172.73</ymax>
    </bndbox>
  </object>
  <object>
    <name>blanket</name>
    <pose>Unspecified</pose>
    <truncated>0</truncated>
    <difficult>0</difficult>
    <bndbox>
      <xmin>0.91</xmin>
      <ymin>165.91</ymin>
      <xmax>640.00</xmax>
      <ymax>360.00</ymax>
    </bndbox>
  </object>
  <object>
    <name>unknown</name>
    <pose>Unspecified</pose>
    <truncated>0</truncated>
    <difficult>0</difficult>
    <bndbox>
      <xmin>13.64</xmin>
      <ymin>0.91</ymin>
      <xmax>155.00</xmax>
      <ymax>153.64</ymax>
    </bndbox>
  </object>
</annotation>