<?xml version="1.0" encoding="UTF-8" ?>
<annotation>
  <folder>RGB100W_542500001552_116455146794274905.jpg</folder>
  <filename>RGB100W_542500001552_116455146794274905.jpg</filename>
  <path>http://172.18.39.209:9000/aliimages2021122805/RGB100W_542500001552_116455146794274905.jpg</path>
  <source>
    <database>Unknown</database>
  </source>
  <size>
    <width>640</width>
    <height>360</height>
    <depth>0</depth>
  </size>
  <segmented>0</segmented>
  <object>
    <name>dining_table</name>
    <pose>Unspecified</pose>
    <truncated>0</truncated>
    <difficult>0</difficult>
    <bndbox>
      <xmin>0.91</xmin>
      <ymin>55.00</ymin>
      <xmax>217.73</xmax>
      <ymax>190.00</ymax>
    </bndbox>
  </object>
  <object>
    <name>sofa_1</name>
    <pose>Unspecified</pose>
    <truncated>0</truncated>
    <difficult>0</difficult>
    <bndbox>
      <xmin>231.82</xmin>
      <ymin>0.91</ymin>
      <xmax>530.91</xmax>
      <ymax>215.91</ymax>
    </bndbox>
  </object>
</annotation>