<?xml version="1.0" encoding="UTF-8" ?>
<annotation>
  <folder>RGB100W_CRL9993I202006069999_1591607489094774.jpg</folder>
  <filename>RGB100W_CRL9993I202006069999_1591607489094774.jpg</filename>
  <path>http://172.18.39.209:9000/aliimages1999999990/RGB100W_CRL9993I202006069999_1591607489094774.jpg</path>
  <source>
    <database>Unknown</database>
  </source>
  <size>
    <width>642</width>
    <height>361</height>
    <depth>0</depth>
  </size>
  <segmented>0</segmented>
  <object>
    <name>wire</name>
    <pose>Unspecified</pose>
    <truncated>0</truncated>
    <difficult>0</difficult>
    <bndbox>
      <xmin>421.36</xmin>
      <ymin>99.09</ymin>
      <xmax>450.00</xmax>
      <ymax>178.18</ymax>
    </bndbox>
  </object>
  <object>
    <name>chair_base</name>
    <pose>Unspecified</pose>
    <truncated>0</truncated>
    <difficult>0</difficult>
    <bndbox>
      <xmin>380.45</xmin>
      <ymin>179.55</ymin>
      <xmax>455.00</xmax>
      <ymax>201.82</ymax>
    </bndbox>
  </object>
  <object>
    <name>TV_stand</name>
    <pose>Unspecified</pose>
    <truncated>0</truncated>
    <difficult>0</difficult>
    <bndbox>
      <xmin>461.36</xmin>
      <ymin>23.18</ymin>
      <xmax>641.82</xmax>
      <ymax>205.45</ymax>
    </bndbox>
  </object>
  <object>
    <name>dining_table</name>
    <pose>Unspecified</pose>
    <truncated>0</truncated>
    <difficult>0</difficult>
    <bndbox>
      <xmin>268.18</xmin>
      <ymin>109.55</ymin>
      <xmax>328.18</xmax>
      <ymax>190.00</ymax>
    </bndbox>
  </object>
  <object>
    <name>tea_table</name>
    <pose>Unspecified</pose>
    <truncated>0</truncated>
    <difficult>0</difficult>
    <bndbox>
      <xmin>0.45</xmin>
      <ymin>0.45</ymin>
      <xmax>276.82</xmax>
      <ymax>216.36</ymax>
    </bndbox>
  </object>
</annotation>