<?xml version="1.0" encoding="UTF-8" ?>
<annotation>
  <folder>RGB100W_542500001364_116445801883821591.jpg</folder>
  <filename>RGB100W_542500001364_116445801883821591.jpg</filename>
  <path>http://172.18.39.209:9000/aliimages1999999990/RGB100W_542500001364_116445801883821591.jpg</path>
  <source>
    <database>Unknown</database>
  </source>
  <size>
    <width>640</width>
    <height>360</height>
    <depth>0</depth>
  </size>
  <segmented>0</segmented>
  <object>
    <name>dog</name>
    <pose>Unspecified</pose>
    <truncated>0</truncated>
    <difficult>0</difficult>
    <bndbox>
      <xmin>60.91</xmin>
      <ymin>0.91</ymin>
      <xmax>416.82</xmax>
      <ymax>185.91</ymax>
    </bndbox>
  </object>
  <object>
    <name>dining_table</name>
    <pose>Unspecified</pose>
    <truncated>0</truncated>
    <difficult>0</difficult>
    <bndbox>
      <xmin>312.73</xmin>
      <ymin>71.82</ymin>
      <xmax>515.91</xmax>
      <ymax>166.82</ymax>
    </bndbox>
  </object>
  <object>
    <name>metal_chair_foot</name>
    <pose>Unspecified</pose>
    <truncated>0</truncated>
    <difficult>0</difficult>
    <bndbox>
      <xmin>553.64</xmin>
      <ymin>143.64</ymin>
      <xmax>582.73</xmax>
      <ymax>168.64</ymax>
    </bndbox>
  </object>
  <object>
    <name>metal_chair_foot</name>
    <pose>Unspecified</pose>
    <truncated>0</truncated>
    <difficult>0</difficult>
    <bndbox>
      <xmin>575.00</xmin>
      <ymin>150.91</ymin>
      <xmax>640.00</xmax>
      <ymax>167.73</ymax>
    </bndbox>
  </object>
</annotation>