<?xml version="1.0" encoding="UTF-8" ?>
<annotation>
  <folder>RGB100W_542500001552_116444815339070979.jpg</folder>
  <filename>RGB100W_542500001552_116444815339070979.jpg</filename>
  <path>http://172.18.39.209:9000/aliimages1999999990/RGB100W_542500001552_116444815339070979.jpg</path>
  <source>
    <database>Unknown</database>
  </source>
  <size>
    <width>640</width>
    <height>360</height>
    <depth>0</depth>
  </size>
  <segmented>0</segmented>
  <object>
    <name>metal_chair_foot</name>
    <pose>Unspecified</pose>
    <truncated>0</truncated>
    <difficult>0</difficult>
    <bndbox>
      <xmin>138.64</xmin>
      <ymin>175.91</ymin>
      <xmax>177.73</xmax>
      <ymax>195.91</ymax>
    </bndbox>
  </object>
  <object>
    <name>cat</name>
    <pose>Unspecified</pose>
    <truncated>0</truncated>
    <difficult>0</difficult>
    <bndbox>
      <xmin>143.64</xmin>
      <ymin>95.91</ymin>
      <xmax>232.73</xmax>
      <ymax>191.82</ymax>
    </bndbox>
  </object>
  <object>
    <name>dining_table</name>
    <pose>Unspecified</pose>
    <truncated>0</truncated>
    <difficult>0</difficult>
    <bndbox>
      <xmin>165.91</xmin>
      <ymin>7.73</ymin>
      <xmax>495.91</xmax>
      <ymax>195.00</ymax>
    </bndbox>
  </object>
</annotation>