<?xml version="1.0" encoding="UTF-8" ?>
<annotation>
  <folder>RGB100W_277985935_116446445620513972.jpg</folder>
  <filename>RGB100W_277985935_116446445620513972.jpg</filename>
  <path>http://172.18.39.209:9000/aliimages1999999996/RGB100W_277985935_116446445620513972.jpg</path>
  <source>
    <database>Unknown</database>
  </source>
  <size>
    <width>642</width>
    <height>361</height>
    <depth>0</depth>
  </size>
  <segmented>0</segmented>
  <object>
    <name>dining_table</name>
    <pose>Unspecified</pose>
    <truncated>0</truncated>
    <difficult>0</difficult>
    <bndbox>
      <xmin>191.82</xmin>
      <ymin>0.45</ymin>
      <xmax>416.36</xmax>
      <ymax>160.45</ymax>
    </bndbox>
  </object>
</annotation>