<?xml version="1.0" encoding="UTF-8" ?>
<annotation>
  <folder>RGB100W_542500001228_116454915309303449.jpg</folder>
  <filename>RGB100W_542500001228_116454915309303449.jpg</filename>
  <path>http://172.18.39.209:9000/aliimages1999999990/RGB100W_542500001228_116454915309303449.jpg</path>
  <source>
    <database>Unknown</database>
  </source>
  <size>
    <width>640</width>
    <height>360</height>
    <depth>0</depth>
  </size>
  <segmented>0</segmented>
  <object>
    <name>wire</name>
    <pose>Unspecified</pose>
    <truncated>0</truncated>
    <difficult>0</difficult>
    <bndbox>
      <xmin>172.73</xmin>
      <ymin>146.82</ymin>
      <xmax>261.82</xmax>
      <ymax>186.82</ymax>
    </bndbox>
  </object>
  <object>
    <name>dining_table</name>
    <pose>Unspecified</pose>
    <truncated>0</truncated>
    <difficult>0</difficult>
    <bndbox>
      <xmin>0.91</xmin>
      <ymin>0.91</ymin>
      <xmax>176.82</xmax>
      <ymax>191.82</ymax>
    </bndbox>
  </object>
  <object>
    <name>socks</name>
    <pose>Unspecified</pose>
    <truncated>0</truncated>
    <difficult>0</difficult>
    <bndbox>
      <xmin>7.73</xmin>
      <ymin>180.00</ymin>
      <xmax>85.00</xmax>
      <ymax>203.64</ymax>
    </bndbox>
  </object>
</annotation>