<?xml version="1.0" encoding="UTF-8" ?>
<annotation>
  <folder>RGB100W_542500001552_116448811703858840.jpg</folder>
  <filename>RGB100W_542500001552_116448811703858840.jpg</filename>
  <path>http://172.18.39.209:9000/aliimages1999999990/RGB100W_542500001552_116448811703858840.jpg</path>
  <source>
    <database>Unknown</database>
  </source>
  <size>
    <width>640</width>
    <height>360</height>
    <depth>0</depth>
  </size>
  <segmented>0</segmented>
  <object>
    <name>door_anno</name>
    <pose>Unspecified</pose>
    <truncated>0</truncated>
    <difficult>0</difficult>
    <bndbox>
      <xmin>135.91</xmin>
      <ymin>0.91</ymin>
      <xmax>261.82</xmax>
      <ymax>207.73</ymax>
    </bndbox>
  </object>
  <object>
    <name>plastic_toy</name>
    <pose>Unspecified</pose>
    <truncated>0</truncated>
    <difficult>0</difficult>
    <bndbox>
      <xmin>252.73</xmin>
      <ymin>132.73</ymin>
      <xmax>278.64</xmax>
      <ymax>192.73</ymax>
    </bndbox>
  </object>
  <object>
    <name>dining_table</name>
    <pose>Unspecified</pose>
    <truncated>0</truncated>
    <difficult>0</difficult>
    <bndbox>
      <xmin>350.91</xmin>
      <ymin>0.91</ymin>
      <xmax>455.91</xmax>
      <ymax>193.64</ymax>
    </bndbox>
  </object>
</annotation>