<?xml version="1.0" encoding="UTF-8" ?>
<annotation>
  <folder>RGB100W_CRL9993I202006069999_1591607489722889.jpg</folder>
  <filename>RGB100W_CRL9993I202006069999_1591607489722889.jpg</filename>
  <path>http://172.18.39.209:9000/aliimages1999999996/RGB100W_CRL9993I202006069999_1591607489722889.jpg</path>
  <source>
    <database>Unknown</database>
  </source>
  <size>
    <width>642</width>
    <height>361</height>
    <depth>0</depth>
  </size>
  <segmented>0</segmented>
  <object>
    <name>dining_table</name>
    <pose>Unspecified</pose>
    <truncated>0</truncated>
    <difficult>0</difficult>
    <bndbox>
      <xmin>298.64</xmin>
      <ymin>0.45</ymin>
      <xmax>635.45</xmax>
      <ymax>198.18</ymax>
    </bndbox>
  </object>
  <object>
    <name>door_anno</name>
    <pose>Unspecified</pose>
    <truncated>0</truncated>
    <difficult>0</difficult>
    <bndbox>
      <xmin>141.36</xmin>
      <ymin>10.45</ymin>
      <xmax>200.00</xmax>
      <ymax>190.45</ymax>
    </bndbox>
  </object>
</annotation>