<?xml version="1.0" encoding="UTF-8" ?>
<annotation>
  <folder>RGB100W_CRL30VDJ208Z2123_116445635026969451.jpg</folder>
  <filename>RGB100W_CRL30VDJ208Z2123_116445635026969451.jpg</filename>
  <path>http://172.18.39.209:9000/aliimages1999999965/RGB100W_CRL30VDJ208Z2123_116445635026969451.jpg</path>
  <source>
    <database>Unknown</database>
  </source>
  <size>
    <width>640</width>
    <height>360</height>
    <depth>0</depth>
  </size>
  <segmented>0</segmented>
  <object>
    <name>metal_chair_foot</name>
    <pose>Unspecified</pose>
    <truncated>0</truncated>
    <difficult>0</difficult>
    <bndbox>
      <xmin>0.91</xmin>
      <ymin>138.64</ymin>
      <xmax>175.91</xmax>
      <ymax>237.73</ymax>
    </bndbox>
  </object>
  <object>
    <name>dining_table</name>
    <pose>Unspecified</pose>
    <truncated>0</truncated>
    <difficult>0</difficult>
    <bndbox>
      <xmin>213.64</xmin>
      <ymin>13.64</ymin>
      <xmax>477.73</xmax>
      <ymax>177.73</ymax>
    </bndbox>
  </object>
</annotation>