<?xml version="1.0" encoding="UTF-8" ?>
<annotation>
  <folder>RGB100W_CRL9993I202006069999_1591606888255606.jpg</folder>
  <filename>RGB100W_CRL9993I202006069999_1591606888255606.jpg</filename>
  <path>http://172.18.39.209:9000/aliimages1999999996/RGB100W_CRL9993I202006069999_1591606888255606.jpg</path>
  <source>
    <database>Unknown</database>
  </source>
  <size>
    <width>642</width>
    <height>361</height>
    <depth>0</depth>
  </size>
  <segmented>0</segmented>
  <object>
    <name>dining_table</name>
    <pose>Unspecified</pose>
    <truncated>0</truncated>
    <difficult>0</difficult>
    <bndbox>
      <xmin>169.09</xmin>
      <ymin>27.73</ymin>
      <xmax>352.73</xmax>
      <ymax>165.91</ymax>
    </bndbox>
  </object>
</annotation>