<?xml version="1.0" encoding="UTF-8" ?>
<annotation>
  <folder>RGB100W_CRL30VDJ208Z2123_116445774666611382.jpg</folder>
  <filename>RGB100W_CRL30VDJ208Z2123_116445774666611382.jpg</filename>
  <path>http://172.18.39.209:9000/aliimages1999999996/RGB100W_CRL30VDJ208Z2123_116445774666611382.jpg</path>
  <source>
    <database>Unknown</database>
  </source>
  <size>
    <width>640</width>
    <height>360</height>
    <depth>0</depth>
  </size>
  <segmented>0</segmented>
  <object>
    <name>metal_chair_foot</name>
    <pose>Unspecified</pose>
    <truncated>0</truncated>
    <difficult>0</difficult>
    <bndbox>
      <xmin>402.73</xmin>
      <ymin>177.73</ymin>
      <xmax>640.00</xmax>
      <ymax>220.00</ymax>
    </bndbox>
  </object>
  <object>
    <name>metal_chair_foot</name>
    <pose>Unspecified</pose>
    <truncated>0</truncated>
    <difficult>0</difficult>
    <bndbox>
      <xmin>0.91</xmin>
      <ymin>156.82</ymin>
      <xmax>195.00</xmax>
      <ymax>188.64</ymax>
    </bndbox>
  </object>
  <object>
    <name>metal_chair_foot</name>
    <pose>Unspecified</pose>
    <truncated>0</truncated>
    <difficult>0</difficult>
    <bndbox>
      <xmin>186.82</xmin>
      <ymin>150.91</ymin>
      <xmax>360.91</xmax>
      <ymax>190.91</ymax>
    </bndbox>
  </object>
  <object>
    <name>dining_table</name>
    <pose>Unspecified</pose>
    <truncated>0</truncated>
    <difficult>0</difficult>
    <bndbox>
      <xmin>260.00</xmin>
      <ymin>67.73</ymin>
      <xmax>458.64</xmax>
      <ymax>165.00</ymax>
    </bndbox>
  </object>
</annotation>