<?xml version="1.0" encoding="UTF-8" ?>
<annotation>
  <folder>RGB100W_542500001552_116451855829034441.jpg</folder>
  <filename>RGB100W_542500001552_116451855829034441.jpg</filename>
  <path>http://172.18.39.209:9000/aliimages2021122805/RGB100W_542500001552_116451855829034441.jpg</path>
  <source>
    <database>Unknown</database>
  </source>
  <size>
    <width>640</width>
    <height>360</height>
    <depth>0</depth>
  </size>
  <segmented>0</segmented>
  <object>
    <name>person_leg</name>
    <pose>Unspecified</pose>
    <truncated>0</truncated>
    <difficult>0</difficult>
    <bndbox>
      <xmin>312.73</xmin>
      <ymin>47.73</ymin>
      <xmax>413.64</xmax>
      <ymax>200.00</ymax>
    </bndbox>
  </object>
  <object>
    <name>person_leg</name>
    <pose>Unspecified</pose>
    <truncated>0</truncated>
    <difficult>0</difficult>
    <bndbox>
      <xmin>391.82</xmin>
      <ymin>47.73</ymin>
      <xmax>440.91</xmax>
      <ymax>195.91</ymax>
    </bndbox>
  </object>
  <object>
    <name>shoe</name>
    <pose>Unspecified</pose>
    <truncated>0</truncated>
    <difficult>0</difficult>
    <bndbox>
      <xmin>315.00</xmin>
      <ymin>165.91</ymin>
      <xmax>396.82</xmax>
      <ymax>198.64</ymax>
    </bndbox>
  </object>
  <object>
    <name>dining_table</name>
    <pose>Unspecified</pose>
    <truncated>0</truncated>
    <difficult>0</difficult>
    <bndbox>
      <xmin>228.64</xmin>
      <ymin>45.91</ymin>
      <xmax>377.73</xmax>
      <ymax>190.00</ymax>
    </bndbox>
  </object>
</annotation>