<?xml version="1.0" encoding="UTF-8" ?>
<annotation>
  <folder>RGB100W_CRL9993I202006069999_1591606886303660.jpg</folder>
  <filename>RGB100W_CRL9993I202006069999_1591606886303660.jpg</filename>
  <path>http://172.18.39.209:9000/aliimages1999999990/RGB100W_CRL9993I202006069999_1591606886303660.jpg</path>
  <source>
    <database>Unknown</database>
  </source>
  <size>
    <width>642</width>
    <height>361</height>
    <depth>0</depth>
  </size>
  <segmented>0</segmented>
  <object>
    <name>metal_chair_foot</name>
    <pose>Unspecified</pose>
    <truncated>0</truncated>
    <difficult>0</difficult>
    <bndbox>
      <xmin>81.82</xmin>
      <ymin>168.18</ymin>
      <xmax>231.36</xmax>
      <ymax>198.18</ymax>
    </bndbox>
  </object>
  <object>
    <name>dining_table</name>
    <pose>Unspecified</pose>
    <truncated>0</truncated>
    <difficult>0</difficult>
    <bndbox>
      <xmin>57.73</xmin>
      <ymin>0.45</ymin>
      <xmax>430.00</xmax>
      <ymax>194.55</ymax>
    </bndbox>
  </object>
</annotation>