<?xml version="1.0" encoding="UTF-8" ?>
<annotation>
  <folder>RGB100W_CRL9993I202006069999_1591692431624817.jpg</folder>
  <filename>RGB100W_CRL9993I202006069999_1591692431624817.jpg</filename>
  <path>http://172.18.39.209:9000/aliimages2021122805/RGB100W_CRL9993I202006069999_1591692431624817.jpg</path>
  <source>
    <database>Unknown</database>
  </source>
  <size>
    <width>1280</width>
    <height>719</height>
    <depth>0</depth>
  </size>
  <segmented>0</segmented>
  <object>
    <name>person_leg</name>
    <pose>Unspecified</pose>
    <truncated>0</truncated>
    <difficult>0</difficult>
    <bndbox>
      <xmin>755.82</xmin>
      <ymin>259.19</ymin>
      <xmax>804.76</xmax>
      <ymax>363.41</ymax>
    </bndbox>
  </object>
  <object>
    <name>person_leg</name>
    <pose>Unspecified</pose>
    <truncated>0</truncated>
    <difficult>0</difficult>
    <bndbox>
      <xmin>713.23</xmin>
      <ymin>256.47</ymin>
      <xmax>758.54</xmax>
      <ymax>364.32</ymax>
    </bndbox>
  </object>
  <object>
    <name>shoe</name>
    <pose>Unspecified</pose>
    <truncated>0</truncated>
    <difficult>0</difficult>
    <bndbox>
      <xmin>463.10</xmin>
      <ymin>327.16</ymin>
      <xmax>762.16</xmax>
      <ymax>448.60</ymax>
    </bndbox>
  </object>
  <object>
    <name>dining_table</name>
    <pose>Unspecified</pose>
    <truncated>0</truncated>
    <difficult>0</difficult>
    <bndbox>
      <xmin>62.53</xmin>
      <ymin>0.91</ymin>
      <xmax>704.16</xmax>
      <ymax>403.29</ymax>
    </bndbox>
  </object>
  <object>
    <name>refrigerator</name>
    <pose>Unspecified</pose>
    <truncated>0</truncated>
    <difficult>0</difficult>
    <bndbox>
      <xmin>1061.23</xmin>
      <ymin>0.91</ymin>
      <xmax>1279.64</xmax>
      <ymax>377.91</ymax>
    </bndbox>
  </object>
  <object>
    <name>cupboard</name>
    <pose>Unspecified</pose>
    <truncated>0</truncated>
    <difficult>0</difficult>
    <bndbox>
      <xmin>712.32</xmin>
      <ymin>229.28</ymin>
      <xmax>863.66</xmax>
      <ymax>380.63</ymax>
    </bndbox>
  </object>
  <object>
    <name>slipper</name>
    <pose>Unspecified</pose>
    <truncated>0</truncated>
    <difficult>0</difficult>
    <bndbox>
      <xmin>717.76</xmin>
      <ymin>362.50</ymin>
      <xmax>754.91</xmax>
      <ymax>380.63</ymax>
    </bndbox>
  </object>
  <object>
    <name>slipper</name>
    <pose>Unspecified</pose>
    <truncated>0</truncated>
    <difficult>0</difficult>
    <bndbox>
      <xmin>771.23</xmin>
      <ymin>360.69</ymin>
      <xmax>806.57</xmax>
      <ymax>381.53</ymax>
    </bndbox>
  </object>
  <object>
    <name>person</name>
    <pose>Unspecified</pose>
    <truncated>0</truncated>
    <difficult>0</difficult>
    <bndbox>
      <xmin>702.35</xmin>
      <ymin>80.66</ymin>
      <xmax>822.88</xmax>
      <ymax>373.38</ymax>
    </bndbox>
  </object>
</annotation>