<?xml version="1.0" encoding="UTF-8" ?>
<annotation>
  <folder>RGB200W_202006292027_116444751735780371.jpg</folder>
  <filename>RGB200W_202006292027_116444751735780371.jpg</filename>
  <path>http://172.18.39.209:9000/aliimages2021122805/RGB200W_202006292027_116444751735780371.jpg</path>
  <source>
    <database>Unknown</database>
  </source>
  <size>
    <width>1920</width>
    <height>1079</height>
    <depth>0</depth>
  </size>
  <segmented>0</segmented>
  <object>
    <name>dining_table</name>
    <pose>Unspecified</pose>
    <truncated>0</truncated>
    <difficult>0</difficult>
    <bndbox>
      <xmin>0.00</xmin>
      <ymin>0.00</ymin>
      <xmax>958.37</xmax>
      <ymax>653.87</ymax>
    </bndbox>
  </object>
  <object>
    <name>refrigerator_1</name>
    <pose>Unspecified</pose>
    <truncated>0</truncated>
    <difficult>0</difficult>
    <bndbox>
      <xmin>1339.00</xmin>
      <ymin>0.00</ymin>
      <xmax>1538.83</xmax>
      <ymax>611.72</ymax>
    </bndbox>
  </object>
</annotation>