<?xml version="1.0" encoding="UTF-8" ?>
<annotation>
  <folder>RGB200W_29984CRL30V00004060_116444743456862761.jpg</folder>
  <filename>RGB200W_29984CRL30V00004060_116444743456862761.jpg</filename>
  <path>http://172.18.39.209:9000/aliimages1999999996/RGB200W_29984CRL30V00004060_116444743456862761.jpg</path>
  <source>
    <database>Unknown</database>
  </source>
  <size>
    <width>642</width>
    <height>362</height>
    <depth>0</depth>
  </size>
  <segmented>0</segmented>
  <object>
    <name>dining_table</name>
    <pose>Unspecified</pose>
    <truncated>0</truncated>
    <difficult>0</difficult>
    <bndbox>
      <xmin>391.82</xmin>
      <ymin>153.64</ymin>
      <xmax>541.82</xmax>
      <ymax>243.64</ymax>
    </bndbox>
  </object>
  <object>
    <name>dining_table_1</name>
    <pose>Unspecified</pose>
    <truncated>0</truncated>
    <difficult>0</difficult>
    <bndbox>
      <xmin>0.91</xmin>
      <ymin>0.91</ymin>
      <xmax>406.82</xmax>
      <ymax>361.82</ymax>
    </bndbox>
  </object>
</annotation>