<?xml version="1.0" encoding="UTF-8" ?>
<annotation>
  <folder>RGB200W_CRL9993I202006069999_1594646437765482.jpg</folder>
  <filename>RGB200W_CRL9993I202006069999_1594646437765482.jpg</filename>
  <path>http://172.18.39.209:9000/aliimages1999999990/RGB200W_CRL9993I202006069999_1594646437765482.jpg</path>
  <source>
    <database>Unknown</database>
  </source>
  <size>
    <width>642</width>
    <height>361</height>
    <depth>0</depth>
  </size>
  <segmented>0</segmented>
  <object>
    <name>dining_table</name>
    <pose>Unspecified</pose>
    <truncated>0</truncated>
    <difficult>0</difficult>
    <bndbox>
      <xmin>0.00</xmin>
      <ymin>0.00</ymin>
      <xmax>283.18</xmax>
      <ymax>199.09</ymax>
    </bndbox>
  </object>
  <object>
    <name>refrigerator</name>
    <pose>Unspecified</pose>
    <truncated>0</truncated>
    <difficult>0</difficult>
    <bndbox>
      <xmin>300.91</xmin>
      <ymin>78.18</ymin>
      <xmax>339.09</xmax>
      <ymax>186.82</ymax>
    </bndbox>
  </object>
  <object>
    <name>shoe</name>
    <pose>Unspecified</pose>
    <truncated>0</truncated>
    <difficult>0</difficult>
    <bndbox>
      <xmin>472.73</xmin>
      <ymin>160.45</ymin>
      <xmax>560.91</xmax>
      <ymax>190.00</ymax>
    </bndbox>
  </object>
</annotation>