<?xml version="1.0" encoding="UTF-8" ?>
<annotation>
  <folder>RGB200W_CRL9993I202006069999_1594645275631382.jpg</folder>
  <filename>RGB200W_CRL9993I202006069999_1594645275631382.jpg</filename>
  <path>http://172.18.39.209:9000/aliimages1999999999/RGB200W_CRL9993I202006069999_1594645275631382.jpg</path>
  <source>
    <database>Unknown</database>
  </source>
  <size>
    <width>642</width>
    <height>361</height>
    <depth>0</depth>
  </size>
  <segmented>0</segmented>
  <object>
    <name>refrigerator</name>
    <pose>Unspecified</pose>
    <truncated>0</truncated>
    <difficult>0</difficult>
    <bndbox>
      <xmin>244.09</xmin>
      <ymin>0.00</ymin>
      <xmax>328.64</xmax>
      <ymax>204.09</ymax>
    </bndbox>
  </object>
  <object>
    <name>dining_table</name>
    <pose>Unspecified</pose>
    <truncated>0</truncated>
    <difficult>0</difficult>
    <bndbox>
      <xmin>347.73</xmin>
      <ymin>1.36</ymin>
      <xmax>640.91</xmax>
      <ymax>212.27</ymax>
    </bndbox>
  </object>
</annotation>