<?xml version="1.0" encoding="UTF-8" ?>
<annotation>
  <folder>2021122702</folder>
  <filename>RGB200W_29984CRL30V00066807_1637376767_445.jpg</filename>
  <path>http://172.18.39.209:9000/aliimages/2021122702/RGB200W_29984CRL30V00066807_1637376767_445.jpg</path>
  <source>
    <database>Unknown</database>
  </source>
  <size>
    <width>642</width>
    <height>362</height>
    <depth>0</depth>
  </size>
  <segmented>0</segmented>
  <object>
    <name>sofa1</name>
    <pose>Unspecified</pose>
    <truncated>0</truncated>
    <difficult>0</difficult>
    <bndbox>
      <xmin>235.91</xmin>
      <ymin>140.91</ymin>
      <xmax>382.73</xmax>
      <ymax>217.27</ymax>
    </bndbox>
  </object>
  <object>
    <name>sofa1</name>
    <pose>Unspecified</pose>
    <truncated>0</truncated>
    <difficult>0</difficult>
    <bndbox>
      <xmin>154.55</xmin>
      <ymin>136.36</ymin>
      <xmax>249.55</xmax>
      <ymax>209.09</ymax>
    </bndbox>
  </object>
  <object>
    <name>dining_table</name>
    <pose>Unspecified</pose>
    <truncated>0</truncated>
    <difficult>0</difficult>
    <bndbox>
      <xmin>10.45</xmin>
      <ymin>134.09</ymin>
      <xmax>105.45</xmax>
      <ymax>205.00</ymax>
    </bndbox>
  </object>
</annotation>