<?xml version="1.0" encoding="UTF-8" ?>
<annotation>
  <folder>RGB200W_277985947_116444770658497686.jpg</folder>
  <filename>RGB200W_277985947_116444770658497686.jpg</filename>
  <path>http://172.18.39.209:9000/aliimages1999999983/RGB200W_277985947_116444770658497686.jpg</path>
  <source>
    <database>Unknown</database>
  </source>
  <size>
    <width>642</width>
    <height>361</height>
    <depth>0</depth>
  </size>
  <segmented>0</segmented>
  <object>
    <name>cabinet</name>
    <pose>Unspecified</pose>
    <truncated>0</truncated>
    <difficult>0</difficult>
    <bndbox>
      <xmin>523.18</xmin>
      <ymin>0.00</ymin>
      <xmax>641.82</xmax>
      <ymax>223.18</ymax>
    </bndbox>
  </object>
  <object>
    <name>dining_table</name>
    <pose>Unspecified</pose>
    <truncated>0</truncated>
    <difficult>0</difficult>
    <bndbox>
      <xmin>141.36</xmin>
      <ymin>0.00</ymin>
      <xmax>421.82</xmax>
      <ymax>230.00</ymax>
    </bndbox>
  </object>
  <object>
    <name>door_anno</name>
    <pose>Unspecified</pose>
    <truncated>0</truncated>
    <difficult>0</difficult>
    <bndbox>
      <xmin>387.27</xmin>
      <ymin>80.91</ymin>
      <xmax>437.73</xmax>
      <ymax>210.45</ymax>
    </bndbox>
  </object>
</annotation>