<?xml version="1.0" encoding="UTF-8" ?>
<annotation>
  <folder>RGB200W_29984_99999769_116444775350460705.jpg</folder>
  <filename>RGB200W_29984_99999769_116444775350460705.jpg</filename>
  <path>http://172.18.39.209:9000/aliimages1999999996/RGB200W_29984_99999769_116444775350460705.jpg</path>
  <source>
    <database>Unknown</database>
  </source>
  <size>
    <width>642</width>
    <height>362</height>
    <depth>0</depth>
  </size>
  <segmented>0</segmented>
  <object>
    <name>dining_table</name>
    <pose>Unspecified</pose>
    <truncated>0</truncated>
    <difficult>0</difficult>
    <bndbox>
      <xmin>297.73</xmin>
      <ymin>66.82</ymin>
      <xmax>507.73</xmax>
      <ymax>220.00</ymax>
    </bndbox>
  </object>
  <object>
    <name>sofa</name>
    <pose>Unspecified</pose>
    <truncated>0</truncated>
    <difficult>0</difficult>
    <bndbox>
      <xmin>538.64</xmin>
      <ymin>151.82</ymin>
      <xmax>641.82</xmax>
      <ymax>213.64</ymax>
    </bndbox>
  </object>
  <object>
    <name>wire</name>
    <pose>Unspecified</pose>
    <truncated>0</truncated>
    <difficult>0</difficult>
    <bndbox>
      <xmin>297.73</xmin>
      <ymin>130.91</ymin>
      <xmax>315.00</xmax>
      <ymax>176.82</ymax>
    </bndbox>
  </object>
</annotation>