<?xml version="1.0" encoding="UTF-8" ?>
<annotation>
  <folder>RGB200W_010102104301112_116446802639326943.jpg</folder>
  <filename>RGB200W_010102104301112_116446802639326943.jpg</filename>
  <path>http://172.18.39.209:9000/aliimages1999999985/RGB200W_010102104301112_116446802639326943.jpg</path>
  <source>
    <database>Unknown</database>
  </source>
  <size>
    <width>642</width>
    <height>362</height>
    <depth>0</depth>
  </size>
  <segmented>0</segmented>
  <object>
    <name>dining_table</name>
    <pose>Unspecified</pose>
    <truncated>0</truncated>
    <difficult>0</difficult>
    <bndbox>
      <xmin>0.91</xmin>
      <ymin>0.91</ymin>
      <xmax>641.82</xmax>
      <ymax>247.73</ymax>
    </bndbox>
  </object>
  <object>
    <name>sofa</name>
    <pose>Unspecified</pose>
    <truncated>0</truncated>
    <difficult>0</difficult>
    <bndbox>
      <xmin>230.00</xmin>
      <ymin>155.00</ymin>
      <xmax>352.73</xmax>
      <ymax>210.91</ymax>
    </bndbox>
  </object>
</annotation>