<?xml version="1.0" encoding="UTF-8" ?>
<annotation>
  <folder>RGB200W_29984_99999756_116446656693882914.jpg</folder>
  <filename>RGB200W_29984_99999756_116446656693882914.jpg</filename>
  <path>http://172.18.39.209:9000/aliimages1999999996/RGB200W_29984_99999756_116446656693882914.jpg</path>
  <source>
    <database>Unknown</database>
  </source>
  <size>
    <width>642</width>
    <height>362</height>
    <depth>0</depth>
  </size>
  <segmented>0</segmented>
  <object>
    <name>dining_table</name>
    <pose>Unspecified</pose>
    <truncated>0</truncated>
    <difficult>0</difficult>
    <bndbox>
      <xmin>460.00</xmin>
      <ymin>70.00</ymin>
      <xmax>641.82</xmax>
      <ymax>223.64</ymax>
    </bndbox>
  </object>
</annotation>