<?xml version="1.0" encoding="UTF-8" ?>
<annotation>
  <folder>RGB200W_CRL9993I202006069999_1594646167913432.jpg</folder>
  <filename>RGB200W_CRL9993I202006069999_1594646167913432.jpg</filename>
  <path>http://172.18.39.209:9000/aliimages1999999999/RGB200W_CRL9993I202006069999_1594646167913432.jpg</path>
  <source>
    <database>Unknown</database>
  </source>
  <size>
    <width>642</width>
    <height>361</height>
    <depth>0</depth>
  </size>
  <segmented>0</segmented>
  <object>
    <name>door_anno</name>
    <pose>Unspecified</pose>
    <truncated>0</truncated>
    <difficult>0</difficult>
    <bndbox>
      <xmin>393.64</xmin>
      <ymin>52.73</ymin>
      <xmax>463.18</xmax>
      <ymax>194.55</ymax>
    </bndbox>
  </object>
  <object>
    <name>refrigerator</name>
    <pose>Unspecified</pose>
    <truncated>0</truncated>
    <difficult>0</difficult>
    <bndbox>
      <xmin>468.64</xmin>
      <ymin>7.27</ymin>
      <xmax>571.36</xmax>
      <ymax>202.73</ymax>
    </bndbox>
  </object>
  <object>
    <name>dining_table</name>
    <pose>Unspecified</pose>
    <truncated>0</truncated>
    <difficult>0</difficult>
    <bndbox>
      <xmin>104.09</xmin>
      <ymin>0.00</ymin>
      <xmax>368.64</xmax>
      <ymax>204.55</ymax>
    </bndbox>
  </object>
</annotation>