<?xml version="1.0" encoding="UTF-8" ?>
<annotation>
  <folder>RGB200W_29984_99999607_116447755476452616-229.639_229.711_323.279_197.559_0.296_0.112_-0.146_0.054.jpg</folder>
  <filename>RGB200W_29984_99999607_116447755476452616-229.639_229.711_323.279_197.559_0.296_0.112_-0.146_0.054.jpg</filename>
  <path>http://172.18.39.209:9000/aliimages1999999982/RGB200W_29984_99999607_116447755476452616-229.639_229.711_323.279_197.559_0.296_0.112_-0.146_0.054.jpg</path>
  <source>
    <database>Unknown</database>
  </source>
  <size>
    <width>642</width>
    <height>362</height>
    <depth>0</depth>
  </size>
  <segmented>0</segmented>
  <object>
    <name>dining_table</name>
    <pose>Unspecified</pose>
    <truncated>0</truncated>
    <difficult>0</difficult>
    <bndbox>
      <xmin>388.64</xmin>
      <ymin>85.00</ymin>
      <xmax>567.73</xmax>
      <ymax>232.73</ymax>
    </bndbox>
  </object>
  <object>
    <name>door_anno</name>
    <pose>Unspecified</pose>
    <truncated>0</truncated>
    <difficult>0</difficult>
    <bndbox>
      <xmin>551.82</xmin>
      <ymin>62.73</ymin>
      <xmax>641.82</xmax>
      <ymax>230.00</ymax>
    </bndbox>
  </object>
  <object>
    <name>refrigerator</name>
    <pose>Unspecified</pose>
    <truncated>0</truncated>
    <difficult>0</difficult>
    <bndbox>
      <xmin>245.00</xmin>
      <ymin>0.91</ymin>
      <xmax>317.73</xmax>
      <ymax>238.64</ymax>
    </bndbox>
  </object>
</annotation>