<?xml version="1.0" encoding="UTF-8" ?>
<annotation>
  <folder>RGB200W_202006292033_116444767148923609.jpg</folder>
  <filename>RGB200W_202006292033_116444767148923609.jpg</filename>
  <path>http://172.18.39.209:9000/aliimages1999999990/RGB200W_202006292033_116444767148923609.jpg</path>
  <source>
    <database>Unknown</database>
  </source>
  <size>
    <width>642</width>
    <height>361</height>
    <depth>0</depth>
  </size>
  <segmented>0</segmented>
  <object>
    <name>wire</name>
    <pose>Unspecified</pose>
    <truncated>0</truncated>
    <difficult>0</difficult>
    <bndbox>
      <xmin>0.00</xmin>
      <ymin>91.82</ymin>
      <xmax>251.36</xmax>
      <ymax>258.18</ymax>
    </bndbox>
  </object>
  <object>
    <name>dining_table</name>
    <pose>Unspecified</pose>
    <truncated>0</truncated>
    <difficult>0</difficult>
    <bndbox>
      <xmin>261.82</xmin>
      <ymin>157.73</ymin>
      <xmax>380.00</xmax>
      <ymax>207.27</ymax>
    </bndbox>
  </object>
</annotation>