<?xml version="1.0" encoding="UTF-8" ?>
<annotation>
  <folder>RGB200W_29984_99999968_116444870123251944-229.540_229.635_327.167_185.024_0.286_0.128_-0.159_0.055.jpg</folder>
  <filename>RGB200W_29984_99999968_116444870123251944-229.540_229.635_327.167_185.024_0.286_0.128_-0.159_0.055.jpg</filename>
  <path>http://172.18.39.209:9000/aliimages2021122806/RGB200W_29984_99999968_116444870123251944-229.540_229.635_327.167_185.024_0.286_0.128_-0.159_0.055.jpg</path>
  <source>
    <database>Unknown</database>
  </source>
  <size>
    <width>642</width>
    <height>362</height>
    <depth>0</depth>
  </size>
  <segmented>0</segmented>
  <object>
    <name>person_leg</name>
    <pose>Unspecified</pose>
    <truncated>0</truncated>
    <difficult>0</difficult>
    <bndbox>
      <xmin>0.91</xmin>
      <ymin>21.82</ymin>
      <xmax>131.82</xmax>
      <ymax>255.00</ymax>
    </bndbox>
  </object>
  <object>
    <name>person_leg</name>
    <pose>Unspecified</pose>
    <truncated>0</truncated>
    <difficult>0</difficult>
    <bndbox>
      <xmin>145.00</xmin>
      <ymin>5.00</ymin>
      <xmax>313.64</xmax>
      <ymax>273.64</ymax>
    </bndbox>
  </object>
  <object>
    <name>shoe</name>
    <pose>Unspecified</pose>
    <truncated>0</truncated>
    <difficult>0</difficult>
    <bndbox>
      <xmin>146.82</xmin>
      <ymin>160.91</ymin>
      <xmax>290.00</xmax>
      <ymax>270.91</ymax>
    </bndbox>
  </object>
  <object>
    <name>shoe</name>
    <pose>Unspecified</pose>
    <truncated>0</truncated>
    <difficult>0</difficult>
    <bndbox>
      <xmin>0.91</xmin>
      <ymin>157.73</ymin>
      <xmax>130.91</xmax>
      <ymax>251.82</ymax>
    </bndbox>
  </object>
  <object>
    <name>dining_table</name>
    <pose>Unspecified</pose>
    <truncated>0</truncated>
    <difficult>0</difficult>
    <bndbox>
      <xmin>405.00</xmin>
      <ymin>45.00</ymin>
      <xmax>641.82</xmax>
      <ymax>216.82</ymax>
    </bndbox>
  </object>
  <object>
    <name>person</name>
    <pose>Unspecified</pose>
    <truncated>0</truncated>
    <difficult>0</difficult>
    <bndbox>
      <xmin>445.91</xmin>
      <ymin>25.91</ymin>
      <xmax>554.55</xmax>
      <ymax>214.09</ymax>
    </bndbox>
  </object>
  <object>
    <name>plastic_stool</name>
    <pose>Unspecified</pose>
    <truncated>0</truncated>
    <difficult>0</difficult>
    <bndbox>
      <xmin>333.18</xmin>
      <ymin>138.64</ymin>
      <xmax>400.91</xmax>
      <ymax>211.82</ymax>
    </bndbox>
  </object>
</annotation>