<?xml version="1.0" encoding="UTF-8" ?>
<annotation>
  <folder>RGB200W_277985946_116444908653065358.jpg</folder>
  <filename>RGB200W_277985946_116444908653065358.jpg</filename>
  <path>http://172.18.39.209:9000/aliimages1999999965/RGB200W_277985946_116444908653065358.jpg</path>
  <source>
    <database>Unknown</database>
  </source>
  <size>
    <width>642</width>
    <height>361</height>
    <depth>0</depth>
  </size>
  <segmented>0</segmented>
  <object>
    <name>slipper</name>
    <pose>Unspecified</pose>
    <truncated>0</truncated>
    <difficult>0</difficult>
    <bndbox>
      <xmin>192.73</xmin>
      <ymin>178.64</ymin>
      <xmax>249.55</xmax>
      <ymax>200.91</ymax>
    </bndbox>
  </object>
  <object>
    <name>dining_table</name>
    <pose>Unspecified</pose>
    <truncated>0</truncated>
    <difficult>0</difficult>
    <bndbox>
      <xmin>55.91</xmin>
      <ymin>0.00</ymin>
      <xmax>405.91</xmax>
      <ymax>218.64</ymax>
    </bndbox>
  </object>
  <object>
    <name>cupboard</name>
    <pose>Unspecified</pose>
    <truncated>0</truncated>
    <difficult>0</difficult>
    <bndbox>
      <xmin>446.82</xmin>
      <ymin>26.36</ymin>
      <xmax>641.82</xmax>
      <ymax>188.64</ymax>
    </bndbox>
  </object>
</annotation>