<?xml version="1.0" encoding="UTF-8" ?>
<annotation>
  <folder>RGB200W_29984_99999438_116444754974756727.jpg</folder>
  <filename>RGB200W_29984_99999438_116444754974756727.jpg</filename>
  <path>http://172.18.39.209:9000/aliimages2021122805/RGB200W_29984_99999438_116444754974756727.jpg</path>
  <source>
    <database>Unknown</database>
  </source>
  <size>
    <width>642</width>
    <height>362</height>
    <depth>0</depth>
  </size>
  <segmented>0</segmented>
  <object>
    <name>person_leg</name>
    <pose>Unspecified</pose>
    <truncated>0</truncated>
    <difficult>0</difficult>
    <bndbox>
      <xmin>275.00</xmin>
      <ymin>178.64</ymin>
      <xmax>291.82</xmax>
      <ymax>212.73</ymax>
    </bndbox>
  </object>
  <object>
    <name>person_leg</name>
    <pose>Unspecified</pose>
    <truncated>0</truncated>
    <difficult>0</difficult>
    <bndbox>
      <xmin>230.00</xmin>
      <ymin>190.00</ymin>
      <xmax>243.64</xmax>
      <ymax>211.82</ymax>
    </bndbox>
  </object>
  <object>
    <name>shoe</name>
    <pose>Unspecified</pose>
    <truncated>0</truncated>
    <difficult>0</difficult>
    <bndbox>
      <xmin>91.82</xmin>
      <ymin>200.00</ymin>
      <xmax>145.00</xmax>
      <ymax>243.64</ymax>
    </bndbox>
  </object>
  <object>
    <name>shoe</name>
    <pose>Unspecified</pose>
    <truncated>0</truncated>
    <difficult>0</difficult>
    <bndbox>
      <xmin>190.00</xmin>
      <ymin>206.82</ymin>
      <xmax>233.64</xmax>
      <ymax>225.91</ymax>
    </bndbox>
  </object>
  <object>
    <name>shoe</name>
    <pose>Unspecified</pose>
    <truncated>0</truncated>
    <difficult>0</difficult>
    <bndbox>
      <xmin>406.82</xmin>
      <ymin>208.64</ymin>
      <xmax>422.73</xmax>
      <ymax>220.91</ymax>
    </bndbox>
  </object>
  <object>
    <name>wire</name>
    <pose>Unspecified</pose>
    <truncated>0</truncated>
    <difficult>0</difficult>
    <bndbox>
      <xmin>136.82</xmin>
      <ymin>177.73</ymin>
      <xmax>170.00</xmax>
      <ymax>200.91</ymax>
    </bndbox>
  </object>
  <object>
    <name>sofa</name>
    <pose>Unspecified</pose>
    <truncated>0</truncated>
    <difficult>0</difficult>
    <bndbox>
      <xmin>221.82</xmin>
      <ymin>175.00</ymin>
      <xmax>347.73</xmax>
      <ymax>211.82</ymax>
    </bndbox>
  </object>
  <object>
    <name>dining_table</name>
    <pose>Unspecified</pose>
    <truncated>0</truncated>
    <difficult>0</difficult>
    <bndbox>
      <xmin>340.00</xmin>
      <ymin>170.00</ymin>
      <xmax>375.91</xmax>
      <ymax>207.73</ymax>
    </bndbox>
  </object>
  <object>
    <name>slipper</name>
    <pose>Unspecified</pose>
    <truncated>0</truncated>
    <difficult>0</difficult>
    <bndbox>
      <xmin>325.00</xmin>
      <ymin>211.82</ymin>
      <xmax>343.64</xmax>
      <ymax>220.00</ymax>
    </bndbox>
  </object>
  <object>
    <name>slipper</name>
    <pose>Unspecified</pose>
    <truncated>0</truncated>
    <difficult>0</difficult>
    <bndbox>
      <xmin>477.73</xmin>
      <ymin>210.91</ymin>
      <xmax>500.00</xmax>
      <ymax>223.64</ymax>
    </bndbox>
  </object>
  <object>
    <name>shoe</name>
    <pose>Unspecified</pose>
    <truncated>0</truncated>
    <difficult>0</difficult>
    <bndbox>
      <xmin>258.64</xmin>
      <ymin>208.64</ymin>
      <xmax>268.64</xmax>
      <ymax>222.73</ymax>
    </bndbox>
  </object>
  <object>
    <name>person</name>
    <pose>Unspecified</pose>
    <truncated>0</truncated>
    <difficult>0</difficult>
    <bndbox>
      <xmin>273.64</xmin>
      <ymin>157.27</ymin>
      <xmax>300.91</xmax>
      <ymax>211.82</ymax>
    </bndbox>
  </object>
  <object>
    <name>person</name>
    <pose>Unspecified</pose>
    <truncated>0</truncated>
    <difficult>0</difficult>
    <bndbox>
      <xmin>231.36</xmin>
      <ymin>159.55</ymin>
      <xmax>269.55</xmax>
      <ymax>211.82</ymax>
    </bndbox>
  </object>
</annotation>