<?xml version="1.0" encoding="UTF-8" ?>
<annotation>
  <folder>2021122703</folder>
  <filename>RGB200W_29984CRL30V00067442_1637389108_6585.jpg</filename>
  <path>http://172.18.39.209:9000/aliimages/2021122703/RGB200W_29984CRL30V00067442_1637389108_6585.jpg</path>
  <source>
    <database>Unknown</database>
  </source>
  <size>
    <width>642</width>
    <height>362</height>
    <depth>0</depth>
  </size>
  <segmented>0</segmented>
  <object>
    <name>door_anno</name>
    <pose>Unspecified</pose>
    <truncated>0</truncated>
    <difficult>0</difficult>
    <bndbox>
      <xmin>292.27</xmin>
      <ymin>137.73</ymin>
      <xmax>328.64</xmax>
      <ymax>211.36</ymax>
    </bndbox>
  </object>
  <object>
    <name>trash_can</name>
    <pose>Unspecified</pose>
    <truncated>0</truncated>
    <difficult>0</difficult>
    <bndbox>
      <xmin>468.64</xmin>
      <ymin>166.82</ymin>
      <xmax>516.82</xmax>
      <ymax>216.36</ymax>
    </bndbox>
  </object>
  <object>
    <name>refrigerator</name>
    <pose>Unspecified</pose>
    <truncated>0</truncated>
    <difficult>0</difficult>
    <bndbox>
      <xmin>365.00</xmin>
      <ymin>145.45</ymin>
      <xmax>407.73</xmax>
      <ymax>211.82</ymax>
    </bndbox>
  </object>
  <object>
    <name>dining_table</name>
    <pose>Unspecified</pose>
    <truncated>0</truncated>
    <difficult>0</difficult>
    <bndbox>
      <xmin>474.55</xmin>
      <ymin>98.64</ymin>
      <xmax>640.91</xmax>
      <ymax>215.91</ymax>
    </bndbox>
  </object>
  <object>
    <name>wire</name>
    <pose>Unspecified</pose>
    <truncated>0</truncated>
    <difficult>0</difficult>
    <bndbox>
      <xmin>119.09</xmin>
      <ymin>0.00</ymin>
      <xmax>207.73</xmax>
      <ymax>224.55</ymax>
    </bndbox>
  </object>
  <object>
    <name>charger</name>
    <pose>Unspecified</pose>
    <truncated>0</truncated>
    <difficult>0</difficult>
    <bndbox>
      <xmin>24.09</xmin>
      <ymin>173.64</ymin>
      <xmax>145.91</xmax>
      <ymax>244.09</ymax>
    </bndbox>
  </object>
</annotation>