<?xml version="1.0" encoding="UTF-8" ?>
<annotation>
  <folder>RGB200W_277985933_116445464524516126.jpg</folder>
  <filename>RGB200W_277985933_116445464524516126.jpg</filename>
  <path>http://172.18.39.209:9000/aliimages1999999999/RGB200W_277985933_116445464524516126.jpg</path>
  <source>
    <database>Unknown</database>
  </source>
  <size>
    <width>642</width>
    <height>361</height>
    <depth>0</depth>
  </size>
  <segmented>0</segmented>
  <object>
    <name>dining_table</name>
    <pose>Unspecified</pose>
    <truncated>0</truncated>
    <difficult>0</difficult>
    <bndbox>
      <xmin>406.36</xmin>
      <ymin>45.45</ymin>
      <xmax>641.36</xmax>
      <ymax>226.36</ymax>
    </bndbox>
  </object>
  <object>
    <name>cupboard</name>
    <pose>Unspecified</pose>
    <truncated>0</truncated>
    <difficult>0</difficult>
    <bndbox>
      <xmin>315.00</xmin>
      <ymin>162.73</ymin>
      <xmax>381.82</xmax>
      <ymax>214.55</ymax>
    </bndbox>
  </object>
  <object>
    <name>washing_machine</name>
    <pose>Unspecified</pose>
    <truncated>0</truncated>
    <difficult>0</difficult>
    <bndbox>
      <xmin>220.00</xmin>
      <ymin>179.55</ymin>
      <xmax>246.36</xmax>
      <ymax>210.91</ymax>
    </bndbox>
  </object>
</annotation>