<?xml version="1.0" encoding="UTF-8" ?>
<annotation>
  <folder>RGB200W_29984_99999467_116446806270075733.jpg</folder>
  <filename>RGB200W_29984_99999467_116446806270075733.jpg</filename>
  <path>http://172.18.39.209:9000/aliimages1999999990/RGB200W_29984_99999467_116446806270075733.jpg</path>
  <source>
    <database>Unknown</database>
  </source>
  <size>
    <width>642</width>
    <height>362</height>
    <depth>0</depth>
  </size>
  <segmented>0</segmented>
  <object>
    <name>TV_stand</name>
    <pose>Unspecified</pose>
    <truncated>0</truncated>
    <difficult>0</difficult>
    <bndbox>
      <xmin>368.64</xmin>
      <ymin>45.00</ymin>
      <xmax>641.82</xmax>
      <ymax>227.73</ymax>
    </bndbox>
  </object>
  <object>
    <name>tea_table</name>
    <pose>Unspecified</pose>
    <truncated>0</truncated>
    <difficult>0</difficult>
    <bndbox>
      <xmin>0.91</xmin>
      <ymin>20.91</ymin>
      <xmax>225.00</xmax>
      <ymax>223.64</ymax>
    </bndbox>
  </object>
  <object>
    <name>dining_table</name>
    <pose>Unspecified</pose>
    <truncated>0</truncated>
    <difficult>0</difficult>
    <bndbox>
      <xmin>303.64</xmin>
      <ymin>165.00</ymin>
      <xmax>350.91</xmax>
      <ymax>212.73</ymax>
    </bndbox>
  </object>
</annotation>