<?xml version="1.0" encoding="UTF-8" ?>
<annotation>
  <folder>RGB200W_29984_99999764_116444778526537350-227.634_227.775_323.583_186.727_0.278_0.143_-0.177_0.066.jpg</folder>
  <filename>RGB200W_29984_99999764_116444778526537350-227.634_227.775_323.583_186.727_0.278_0.143_-0.177_0.066.jpg</filename>
  <path>http://172.18.39.209:9000/aliimages1999999990/RGB200W_29984_99999764_116444778526537350-227.634_227.775_323.583_186.727_0.278_0.143_-0.177_0.066.jpg</path>
  <source>
    <database>Unknown</database>
  </source>
  <size>
    <width>642</width>
    <height>362</height>
    <depth>0</depth>
  </size>
  <segmented>0</segmented>
  <object>
    <name>dining_table</name>
    <pose>Unspecified</pose>
    <truncated>0</truncated>
    <difficult>0</difficult>
    <bndbox>
      <xmin>310.00</xmin>
      <ymin>55.91</ymin>
      <xmax>551.82</xmax>
      <ymax>215.00</ymax>
    </bndbox>
  </object>
  <object>
    <name>door_anno</name>
    <pose>Unspecified</pose>
    <truncated>0</truncated>
    <difficult>0</difficult>
    <bndbox>
      <xmin>241.82</xmin>
      <ymin>70.91</ymin>
      <xmax>296.82</xmax>
      <ymax>210.00</ymax>
    </bndbox>
  </object>
  <object>
    <name>door_anno</name>
    <pose>Unspecified</pose>
    <truncated>0</truncated>
    <difficult>0</difficult>
    <bndbox>
      <xmin>97.73</xmin>
      <ymin>90.91</ymin>
      <xmax>180.91</xmax>
      <ymax>220.91</ymax>
    </bndbox>
  </object>
  <object>
    <name>slipper</name>
    <pose>Unspecified</pose>
    <truncated>0</truncated>
    <difficult>0</difficult>
    <bndbox>
      <xmin>510.91</xmin>
      <ymin>197.73</ymin>
      <xmax>566.82</xmax>
      <ymax>223.64</ymax>
    </bndbox>
  </object>
  <object>
    <name>slipper</name>
    <pose>Unspecified</pose>
    <truncated>0</truncated>
    <difficult>0</difficult>
    <bndbox>
      <xmin>400.00</xmin>
      <ymin>200.00</ymin>
      <xmax>440.91</xmax>
      <ymax>217.73</ymax>
    </bndbox>
  </object>
</annotation>