<?xml version="1.0" encoding="UTF-8" ?>
<annotation>
  <folder>RGB200W_CRL9993I202006069999_1591691718463319.jpg</folder>
  <filename>RGB200W_CRL9993I202006069999_1591691718463319.jpg</filename>
  <path>http://172.18.39.209:9000/aliimages1999999965/RGB200W_CRL9993I202006069999_1591691718463319.jpg</path>
  <source>
    <database>Unknown</database>
  </source>
  <size>
    <width>642</width>
    <height>361</height>
    <depth>0</depth>
  </size>
  <segmented>0</segmented>
  <object>
    <name>dining_table</name>
    <pose>Unspecified</pose>
    <truncated>0</truncated>
    <difficult>0</difficult>
    <bndbox>
      <xmin>140.45</xmin>
      <ymin>67.73</ymin>
      <xmax>346.82</xmax>
      <ymax>188.18</ymax>
    </bndbox>
  </object>
  <object>
    <name>refrigerator</name>
    <pose>Unspecified</pose>
    <truncated>0</truncated>
    <difficult>0</difficult>
    <bndbox>
      <xmin>357.27</xmin>
      <ymin>71.36</ymin>
      <xmax>407.73</xmax>
      <ymax>181.82</ymax>
    </bndbox>
  </object>
  <object>
    <name>slipper</name>
    <pose>Unspecified</pose>
    <truncated>0</truncated>
    <difficult>0</difficult>
    <bndbox>
      <xmin>22.73</xmin>
      <ymin>169.55</ymin>
      <xmax>204.09</xmax>
      <ymax>352.73</ymax>
    </bndbox>
  </object>
  <object>
    <name>unknown</name>
    <pose>Unspecified</pose>
    <truncated>0</truncated>
    <difficult>0</difficult>
    <bndbox>
      <xmin>0.00</xmin>
      <ymin>0.00</ymin>
      <xmax>171.82</xmax>
      <ymax>176.82</ymax>
    </bndbox>
  </object>
  <object>
    <name>unknown</name>
    <pose>Unspecified</pose>
    <truncated>0</truncated>
    <difficult>0</difficult>
    <bndbox>
      <xmin>322.27</xmin>
      <ymin>135.45</ymin>
      <xmax>334.09</xmax>
      <ymax>174.55</ymax>
    </bndbox>
  </object>
</annotation>