<?xml version="1.0" encoding="UTF-8" ?>
<annotation>
  <folder>20210918</folder>
  <filename>RGB200W_29984CRL30V00005304_1631945894_24846.jpg</filename>
  <path>http://172.18.39.209:9000/aliimages/20210918/RGB200W_29984CRL30V00005304_1631945894_24846.jpg</path>
  <source>
    <database>Unknown</database>
  </source>
  <size>
    <width>642</width>
    <height>362</height>
    <depth>0</depth>
  </size>
  <segmented>0</segmented>
  <object>
    <name>dining_table</name>
    <pose>Unspecified</pose>
    <truncated>0</truncated>
    <difficult>0</difficult>
    <bndbox>
      <xmin>216.36</xmin>
      <ymin>90.45</ymin>
      <xmax>451.36</xmax>
      <ymax>216.36</ymax>
    </bndbox>
  </object>
  <object>
    <name>sofa</name>
    <pose>Unspecified</pose>
    <truncated>0</truncated>
    <difficult>0</difficult>
    <bndbox>
      <xmin>499.55</xmin>
      <ymin>166.36</ymin>
      <xmax>600.45</xmax>
      <ymax>215.00</ymax>
    </bndbox>
  </object>
</annotation>