<?xml version="1.0" encoding="UTF-8" ?>
<annotation>
  <folder>2021122702</folder>
  <filename>RGB200W_29984CRL30V00066807_1637377928_2284.jpg</filename>
  <path>http://172.18.39.209:9000/aliimages/2021122702/RGB200W_29984CRL30V00066807_1637377928_2284.jpg</path>
  <source>
    <database>Unknown</database>
  </source>
  <size>
    <width>642</width>
    <height>362</height>
    <depth>0</depth>
  </size>
  <segmented>0</segmented>
  <object>
    <name>wire</name>
    <pose>Unspecified</pose>
    <truncated>0</truncated>
    <difficult>0</difficult>
    <bndbox>
      <xmin>403.18</xmin>
      <ymin>132.73</ymin>
      <xmax>469.09</xmax>
      <ymax>220.91</ymax>
    </bndbox>
  </object>
  <object>
    <name>door_anno</name>
    <pose>Unspecified</pose>
    <truncated>0</truncated>
    <difficult>0</difficult>
    <bndbox>
      <xmin>259.09</xmin>
      <ymin>61.82</ymin>
      <xmax>332.73</xmax>
      <ymax>211.36</ymax>
    </bndbox>
  </object>
  <object>
    <name>TV_stand1</name>
    <pose>Unspecified</pose>
    <truncated>0</truncated>
    <difficult>0</difficult>
    <bndbox>
      <xmin>-0.45</xmin>
      <ymin>134.09</ymin>
      <xmax>131.82</xmax>
      <ymax>205.91</ymax>
    </bndbox>
  </object>
  <object>
    <name>dining_table</name>
    <pose>Unspecified</pose>
    <truncated>0</truncated>
    <difficult>0</difficult>
    <bndbox>
      <xmin>448.18</xmin>
      <ymin>0.00</ymin>
      <xmax>640.91</xmax>
      <ymax>225.91</ymax>
    </bndbox>
  </object>
</annotation>