<?xml version="1.0" encoding="UTF-8" ?>
<annotation>
  <folder>RGB200W_277985933_116444880437889059.jpg</folder>
  <filename>RGB200W_277985933_116444880437889059.jpg</filename>
  <path>http://172.18.39.209:9000/aliimages1999999990/RGB200W_277985933_116444880437889059.jpg</path>
  <source>
    <database>Unknown</database>
  </source>
  <size>
    <width>642</width>
    <height>361</height>
    <depth>0</depth>
  </size>
  <segmented>0</segmented>
  <object>
    <name>dining_table</name>
    <pose>Unspecified</pose>
    <truncated>0</truncated>
    <difficult>0</difficult>
    <bndbox>
      <xmin>388.18</xmin>
      <ymin>46.36</ymin>
      <xmax>641.82</xmax>
      <ymax>231.36</ymax>
    </bndbox>
  </object>
</annotation>