<?xml version="1.0" encoding="UTF-8" ?>
<annotation>
  <folder>RGB200W_29984_99999570_116448823548669674.jpg</folder>
  <filename>RGB200W_29984_99999570_116448823548669674.jpg</filename>
  <path>http://172.18.39.209:9000/aliimages1999999996/RGB200W_29984_99999570_116448823548669674.jpg</path>
  <source>
    <database>Unknown</database>
  </source>
  <size>
    <width>642</width>
    <height>362</height>
    <depth>0</depth>
  </size>
  <segmented>0</segmented>
  <object>
    <name>refrigerator_1</name>
    <pose>Unspecified</pose>
    <truncated>0</truncated>
    <difficult>0</difficult>
    <bndbox>
      <xmin>20.00</xmin>
      <ymin>0.91</ymin>
      <xmax>332.73</xmax>
      <ymax>250.00</ymax>
    </bndbox>
  </object>
  <object>
    <name>dining_table</name>
    <pose>Unspecified</pose>
    <truncated>0</truncated>
    <difficult>0</difficult>
    <bndbox>
      <xmin>407.73</xmin>
      <ymin>93.64</ymin>
      <xmax>641.82</xmax>
      <ymax>235.00</ymax>
    </bndbox>
  </object>
</annotation>