<?xml version="1.0" encoding="UTF-8" ?>
<annotation>
  <folder>RGB200W_202006292031_116444744349436088.jpg</folder>
  <filename>RGB200W_202006292031_116444744349436088.jpg</filename>
  <path>http://172.18.39.209:9000/aliimages1999999990/RGB200W_202006292031_116444744349436088.jpg</path>
  <source>
    <database>Unknown</database>
  </source>
  <size>
    <width>642</width>
    <height>361</height>
    <depth>0</depth>
  </size>
  <segmented>0</segmented>
  <object>
    <name>dining_table</name>
    <pose>Unspecified</pose>
    <truncated>0</truncated>
    <difficult>0</difficult>
    <bndbox>
      <xmin>481.36</xmin>
      <ymin>11.36</ymin>
      <xmax>598.18</xmax>
      <ymax>185.91</ymax>
    </bndbox>
  </object>
  <object>
    <name>refrigerator</name>
    <pose>Unspecified</pose>
    <truncated>0</truncated>
    <difficult>0</difficult>
    <bndbox>
      <xmin>577.27</xmin>
      <ymin>39.09</ymin>
      <xmax>641.82</xmax>
      <ymax>178.18</ymax>
    </bndbox>
  </object>
</annotation>