<?xml version="1.0" encoding="UTF-8" ?>
<annotation>
  <folder>RGB200W_277985943_116444770503179386.jpg</folder>
  <filename>RGB200W_277985943_116444770503179386.jpg</filename>
  <path>http://172.18.39.209:9000/aliimages1999999999/RGB200W_277985943_116444770503179386.jpg</path>
  <source>
    <database>Unknown</database>
  </source>
  <size>
    <width>642</width>
    <height>361</height>
    <depth>0</depth>
  </size>
  <segmented>0</segmented>
  <object>
    <name>dining_table</name>
    <pose>Unspecified</pose>
    <truncated>0</truncated>
    <difficult>0</difficult>
    <bndbox>
      <xmin>240.91</xmin>
      <ymin>70.00</ymin>
      <xmax>413.18</xmax>
      <ymax>194.55</ymax>
    </bndbox>
  </object>
  <object>
    <name>wire</name>
    <pose>Unspecified</pose>
    <truncated>0</truncated>
    <difficult>0</difficult>
    <bndbox>
      <xmin>596.82</xmin>
      <ymin>60.91</ymin>
      <xmax>634.09</xmax>
      <ymax>186.36</ymax>
    </bndbox>
  </object>
</annotation>