<?xml version="1.0" encoding="UTF-8" ?>
<annotation>
  <folder>RGB200W_29984_99999468_116445264939551558.jpg</folder>
  <filename>RGB200W_29984_99999468_116445264939551558.jpg</filename>
  <path>http://172.18.39.209:9000/aliimages1999999990/RGB200W_29984_99999468_116445264939551558.jpg</path>
  <source>
    <database>Unknown</database>
  </source>
  <size>
    <width>642</width>
    <height>362</height>
    <depth>0</depth>
  </size>
  <segmented>0</segmented>
  <object>
    <name>dining_table</name>
    <pose>Unspecified</pose>
    <truncated>0</truncated>
    <difficult>0</difficult>
    <bndbox>
      <xmin>443.64</xmin>
      <ymin>78.64</ymin>
      <xmax>641.82</xmax>
      <ymax>227.73</ymax>
    </bndbox>
  </object>
  <object>
    <name>door_anno</name>
    <pose>Unspecified</pose>
    <truncated>0</truncated>
    <difficult>0</difficult>
    <bndbox>
      <xmin>308.64</xmin>
      <ymin>91.82</ymin>
      <xmax>372.73</xmax>
      <ymax>223.64</ymax>
    </bndbox>
  </object>
</annotation>