<?xml version="1.0" encoding="UTF-8" ?>
<annotation>
  <folder>RGB200W_277985947_116444784726832921.jpg</folder>
  <filename>RGB200W_277985947_116444784726832921.jpg</filename>
  <path>http://172.18.39.209:9000/aliimages1999999990/RGB200W_277985947_116444784726832921.jpg</path>
  <source>
    <database>Unknown</database>
  </source>
  <size>
    <width>642</width>
    <height>361</height>
    <depth>0</depth>
  </size>
  <segmented>0</segmented>
  <object>
    <name>washing_machine</name>
    <pose>Unspecified</pose>
    <truncated>0</truncated>
    <difficult>0</difficult>
    <bndbox>
      <xmin>294.55</xmin>
      <ymin>0.00</ymin>
      <xmax>450.91</xmax>
      <ymax>224.09</ymax>
    </bndbox>
  </object>
  <object>
    <name>dining_table</name>
    <pose>Unspecified</pose>
    <truncated>0</truncated>
    <difficult>0</difficult>
    <bndbox>
      <xmin>487.27</xmin>
      <ymin>136.82</ymin>
      <xmax>577.73</xmax>
      <ymax>212.27</ymax>
    </bndbox>
  </object>
</annotation>