<?xml version="1.0" encoding="UTF-8" ?>
<annotation>
  <folder>RGB200W_29984_99999775_116444795447153451.jpg</folder>
  <filename>RGB200W_29984_99999775_116444795447153451.jpg</filename>
  <path>http://172.18.39.209:9000/aliimages1999999996/RGB200W_29984_99999775_116444795447153451.jpg</path>
  <source>
    <database>Unknown</database>
  </source>
  <size>
    <width>642</width>
    <height>362</height>
    <depth>0</depth>
  </size>
  <segmented>0</segmented>
  <object>
    <name>wire</name>
    <pose>Unspecified</pose>
    <truncated>0</truncated>
    <difficult>0</difficult>
    <bndbox>
      <xmin>417.73</xmin>
      <ymin>48.64</ymin>
      <xmax>452.73</xmax>
      <ymax>165.91</ymax>
    </bndbox>
  </object>
  <object>
    <name>dining_table</name>
    <pose>Unspecified</pose>
    <truncated>0</truncated>
    <difficult>0</difficult>
    <bndbox>
      <xmin>68.64</xmin>
      <ymin>55.00</ymin>
      <xmax>270.91</xmax>
      <ymax>222.73</ymax>
    </bndbox>
  </object>
</annotation>