<?xml version="1.0" encoding="UTF-8" ?>
<annotation>
  <folder>RGB200W_010102104221028_116448444106253527.jpg</folder>
  <filename>RGB200W_010102104221028_116448444106253527.jpg</filename>
  <path>http://172.18.39.209:9000/aliimages1999999985/RGB200W_010102104221028_116448444106253527.jpg</path>
  <source>
    <database>Unknown</database>
  </source>
  <size>
    <width>642</width>
    <height>362</height>
    <depth>0</depth>
  </size>
  <segmented>0</segmented>
  <object>
    <name>blanket</name>
    <pose>Unspecified</pose>
    <truncated>0</truncated>
    <difficult>0</difficult>
    <bndbox>
      <xmin>418.64</xmin>
      <ymin>205.00</ymin>
      <xmax>641.82</xmax>
      <ymax>247.73</ymax>
    </bndbox>
  </object>
  <object>
    <name>door_anno</name>
    <pose>Unspecified</pose>
    <truncated>0</truncated>
    <difficult>0</difficult>
    <bndbox>
      <xmin>505.91</xmin>
      <ymin>0.91</ymin>
      <xmax>641.82</xmax>
      <ymax>218.64</ymax>
    </bndbox>
  </object>
  <object>
    <name>dining_table</name>
    <pose>Unspecified</pose>
    <truncated>0</truncated>
    <difficult>0</difficult>
    <bndbox>
      <xmin>303.64</xmin>
      <ymin>91.82</ymin>
      <xmax>437.73</xmax>
      <ymax>218.64</ymax>
    </bndbox>
  </object>
</annotation>