<?xml version="1.0" encoding="UTF-8" ?>
<annotation>
  <folder>2021122703</folder>
  <filename>RGB200W_29984CRL30V00067442_1637391386_8341.jpg</filename>
  <path>http://172.18.39.209:9000/aliimages/2021122703/RGB200W_29984CRL30V00067442_1637391386_8341.jpg</path>
  <source>
    <database>Unknown</database>
  </source>
  <size>
    <width>642</width>
    <height>362</height>
    <depth>0</depth>
  </size>
  <segmented>0</segmented>
  <object>
    <name>cat</name>
    <pose>Unspecified</pose>
    <truncated>0</truncated>
    <difficult>0</difficult>
    <bndbox>
      <xmin>490.91</xmin>
      <ymin>120.91</ymin>
      <xmax>570.91</xmax>
      <ymax>225.00</ymax>
    </bndbox>
  </object>
  <object>
    <name>wire</name>
    <pose>Unspecified</pose>
    <truncated>0</truncated>
    <difficult>0</difficult>
    <bndbox>
      <xmin>63.64</xmin>
      <ymin>22.73</ymin>
      <xmax>100.00</xmax>
      <ymax>221.36</ymax>
    </bndbox>
  </object>
  <object>
    <name>trash_can</name>
    <pose>Unspecified</pose>
    <truncated>0</truncated>
    <difficult>0</difficult>
    <bndbox>
      <xmin>345.00</xmin>
      <ymin>173.18</ymin>
      <xmax>381.36</xmax>
      <ymax>215.91</ymax>
    </bndbox>
  </object>
  <object>
    <name>refrigerator</name>
    <pose>Unspecified</pose>
    <truncated>0</truncated>
    <difficult>0</difficult>
    <bndbox>
      <xmin>305.91</xmin>
      <ymin>153.18</ymin>
      <xmax>338.64</xmax>
      <ymax>212.27</ymax>
    </bndbox>
  </object>
  <object>
    <name>sofa</name>
    <pose>Unspecified</pose>
    <truncated>0</truncated>
    <difficult>0</difficult>
    <bndbox>
      <xmin>510.45</xmin>
      <ymin>89.55</ymin>
      <xmax>640.45</xmax>
      <ymax>213.18</ymax>
    </bndbox>
  </object>
  <object>
    <name>dining_table</name>
    <pose>Unspecified</pose>
    <truncated>0</truncated>
    <difficult>0</difficult>
    <bndbox>
      <xmin>369.09</xmin>
      <ymin>122.73</ymin>
      <xmax>522.27</xmax>
      <ymax>230.00</ymax>
    </bndbox>
  </object>
  <object>
    <name>cat</name>
    <pose>Unspecified</pose>
    <truncated>0</truncated>
    <difficult>0</difficult>
    <bndbox>
      <xmin>365.45</xmin>
      <ymin>116.82</ymin>
      <xmax>390.91</xmax>
      <ymax>135.91</ymax>
    </bndbox>
  </object>
</annotation>