<?xml version="1.0" encoding="UTF-8" ?>
<annotation>
  <folder>RGB200W_29984_99999468_116448058363683645.jpg</folder>
  <filename>RGB200W_29984_99999468_116448058363683645.jpg</filename>
  <path>http://172.18.39.209:9000/aliimages1999999990/RGB200W_29984_99999468_116448058363683645.jpg</path>
  <source>
    <database>Unknown</database>
  </source>
  <size>
    <width>642</width>
    <height>362</height>
    <depth>0</depth>
  </size>
  <segmented>0</segmented>
  <object>
    <name>sofa</name>
    <pose>Unspecified</pose>
    <truncated>0</truncated>
    <difficult>0</difficult>
    <bndbox>
      <xmin>428.64</xmin>
      <ymin>151.82</ymin>
      <xmax>641.82</xmax>
      <ymax>228.64</ymax>
    </bndbox>
  </object>
  <object>
    <name>dining_table</name>
    <pose>Unspecified</pose>
    <truncated>0</truncated>
    <difficult>0</difficult>
    <bndbox>
      <xmin>252.73</xmin>
      <ymin>125.91</ymin>
      <xmax>377.73</xmax>
      <ymax>230.00</ymax>
    </bndbox>
  </object>
  <object>
    <name>wire</name>
    <pose>Unspecified</pose>
    <truncated>0</truncated>
    <difficult>0</difficult>
    <bndbox>
      <xmin>411.82</xmin>
      <ymin>191.82</ymin>
      <xmax>425.91</xmax>
      <ymax>217.73</ymax>
    </bndbox>
  </object>
</annotation>