<?xml version="1.0" encoding="UTF-8" ?>
<annotation>
  <folder>2021122703</folder>
  <filename>RGB200W_29984CRL30V00067442_1637391136_7154.jpg</filename>
  <path>http://172.18.39.209:9000/aliimages/2021122703/RGB200W_29984CRL30V00067442_1637391136_7154.jpg</path>
  <source>
    <database>Unknown</database>
  </source>
  <size>
    <width>642</width>
    <height>362</height>
    <depth>0</depth>
  </size>
  <segmented>0</segmented>
  <object>
    <name>dining_table</name>
    <pose>Unspecified</pose>
    <truncated>0</truncated>
    <difficult>0</difficult>
    <bndbox>
      <xmin>5.00</xmin>
      <ymin>123.18</ymin>
      <xmax>164.55</xmax>
      <ymax>211.82</ymax>
    </bndbox>
  </object>
  <object>
    <name>trash_can</name>
    <pose>Unspecified</pose>
    <truncated>0</truncated>
    <difficult>0</difficult>
    <bndbox>
      <xmin>164.09</xmin>
      <ymin>180.45</ymin>
      <xmax>186.82</xmax>
      <ymax>216.36</ymax>
    </bndbox>
  </object>
</annotation>