<?xml version="1.0" encoding="UTF-8" ?>
<annotation>
  <folder>2021122702</folder>
  <filename>RGB200W_29984CRL30V00066807_1637378331_4150.jpg</filename>
  <path>http://172.18.39.209:9000/aliimages/2021122702/RGB200W_29984CRL30V00066807_1637378331_4150.jpg</path>
  <source>
    <database>Unknown</database>
  </source>
  <size>
    <width>642</width>
    <height>362</height>
    <depth>0</depth>
  </size>
  <segmented>0</segmented>
  <object>
    <name>dining_table</name>
    <pose>Unspecified</pose>
    <truncated>0</truncated>
    <difficult>0</difficult>
    <bndbox>
      <xmin>304.09</xmin>
      <ymin>29.09</ymin>
      <xmax>470.00</xmax>
      <ymax>216.36</ymax>
    </bndbox>
  </object>
  <object>
    <name>trash_can</name>
    <pose>Unspecified</pose>
    <truncated>0</truncated>
    <difficult>0</difficult>
    <bndbox>
      <xmin>412.73</xmin>
      <ymin>170.00</ymin>
      <xmax>449.09</xmax>
      <ymax>210.91</ymax>
    </bndbox>
  </object>
</annotation>