<?xml version="1.0" encoding="UTF-8" ?>
<annotation>
  <folder>RGB200W_29984_99999875_116445290441529159.jpg</folder>
  <filename>RGB200W_29984_99999875_116445290441529159.jpg</filename>
  <path>http://172.18.39.209:9000/aliimages1999999997/RGB200W_29984_99999875_116445290441529159.jpg</path>
  <source>
    <database>Unknown</database>
  </source>
  <size>
    <width>642</width>
    <height>362</height>
    <depth>0</depth>
  </size>
  <segmented>0</segmented>
  <object>
    <name>metal_chair_foot</name>
    <pose>Unspecified</pose>
    <truncated>0</truncated>
    <difficult>0</difficult>
    <bndbox>
      <xmin>150.91</xmin>
      <ymin>208.64</ymin>
      <xmax>271.82</xmax>
      <ymax>231.82</ymax>
    </bndbox>
  </object>
  <object>
    <name>metal_chair_foot</name>
    <pose>Unspecified</pose>
    <truncated>0</truncated>
    <difficult>0</difficult>
    <bndbox>
      <xmin>265.00</xmin>
      <ymin>212.73</ymin>
      <xmax>295.91</xmax>
      <ymax>225.91</ymax>
    </bndbox>
  </object>
  <object>
    <name>metal_chair_foot</name>
    <pose>Unspecified</pose>
    <truncated>0</truncated>
    <difficult>0</difficult>
    <bndbox>
      <xmin>290.91</xmin>
      <ymin>213.64</ymin>
      <xmax>305.00</xmax>
      <ymax>222.73</ymax>
    </bndbox>
  </object>
  <object>
    <name>dining_table</name>
    <pose>Unspecified</pose>
    <truncated>0</truncated>
    <difficult>0</difficult>
    <bndbox>
      <xmin>0.91</xmin>
      <ymin>0.91</ymin>
      <xmax>310.91</xmax>
      <ymax>235.00</ymax>
    </bndbox>
  </object>
  <object>
    <name>wire</name>
    <pose>Unspecified</pose>
    <truncated>0</truncated>
    <difficult>0</difficult>
    <bndbox>
      <xmin>422.73</xmin>
      <ymin>220.91</ymin>
      <xmax>641.82</xmax>
      <ymax>241.82</ymax>
    </bndbox>
  </object>
</annotation>