<?xml version="1.0" encoding="UTF-8" ?>
<annotation>
  <folder>RGB200W_29984_99999647_116445060636549908-231.171_230.988_319.125_185.086_0.292_0.130_-0.166_0.058.jpg</folder>
  <filename>RGB200W_29984_99999647_116445060636549908-231.171_230.988_319.125_185.086_0.292_0.130_-0.166_0.058.jpg</filename>
  <path>http://172.18.39.209:9000/aliimages1999999990/RGB200W_29984_99999647_116445060636549908-231.171_230.988_319.125_185.086_0.292_0.130_-0.166_0.058.jpg</path>
  <source>
    <database>Unknown</database>
  </source>
  <size>
    <width>642</width>
    <height>362</height>
    <depth>0</depth>
  </size>
  <segmented>0</segmented>
  <object>
    <name>dining_table</name>
    <pose>Unspecified</pose>
    <truncated>0</truncated>
    <difficult>0</difficult>
    <bndbox>
      <xmin>293.64</xmin>
      <ymin>115.91</ymin>
      <xmax>470.91</xmax>
      <ymax>215.00</ymax>
    </bndbox>
  </object>
</annotation>