<?xml version="1.0" encoding="UTF-8" ?>
<annotation>
  <folder>RGB200W_29984_99999989_116445210714072699-231.896_231.861_326.395_193.237_0.310_0.091_-0.128_0.046.jpg</folder>
  <filename>RGB200W_29984_99999989_116445210714072699-231.896_231.861_326.395_193.237_0.310_0.091_-0.128_0.046.jpg</filename>
  <path>http://172.18.39.209:9000/aliimages1999999990/RGB200W_29984_99999989_116445210714072699-231.896_231.861_326.395_193.237_0.310_0.091_-0.128_0.046.jpg</path>
  <source>
    <database>Unknown</database>
  </source>
  <size>
    <width>642</width>
    <height>362</height>
    <depth>0</depth>
  </size>
  <segmented>0</segmented>
  <object>
    <name>dining_table</name>
    <pose>Unspecified</pose>
    <truncated>0</truncated>
    <difficult>0</difficult>
    <bndbox>
      <xmin>77.73</xmin>
      <ymin>0.91</ymin>
      <xmax>327.73</xmax>
      <ymax>241.82</ymax>
    </bndbox>
  </object>
</annotation>