<?xml version="1.0" encoding="UTF-8" ?>
<annotation>
  <folder>RGB200W_2998499999459_116444853884410965.jpg</folder>
  <filename>RGB200W_2998499999459_116444853884410965.jpg</filename>
  <path>http://172.18.39.209:9000/aliimages1999999982/RGB200W_2998499999459_116444853884410965.jpg</path>
  <source>
    <database>Unknown</database>
  </source>
  <size>
    <width>642</width>
    <height>362</height>
    <depth>0</depth>
  </size>
  <segmented>0</segmented>
  <object>
    <name>sofa</name>
    <pose>Unspecified</pose>
    <truncated>0</truncated>
    <difficult>0</difficult>
    <bndbox>
      <xmin>245.91</xmin>
      <ymin>0.91</ymin>
      <xmax>641.82</xmax>
      <ymax>265.00</ymax>
    </bndbox>
  </object>
  <object>
    <name>dining_table</name>
    <pose>Unspecified</pose>
    <truncated>0</truncated>
    <difficult>0</difficult>
    <bndbox>
      <xmin>0.91</xmin>
      <ymin>116.82</ymin>
      <xmax>147.73</xmax>
      <ymax>215.00</ymax>
    </bndbox>
  </object>
  <object>
    <name>shoe</name>
    <pose>Unspecified</pose>
    <truncated>0</truncated>
    <difficult>0</difficult>
    <bndbox>
      <xmin>170.91</xmin>
      <ymin>195.00</ymin>
      <xmax>257.73</xmax>
      <ymax>222.73</ymax>
    </bndbox>
  </object>
</annotation>