<?xml version="1.0" encoding="UTF-8" ?>
<annotation>
  <folder>RGB200W_29984CRL30V00000007_116445724711373423.jpg</folder>
  <filename>RGB200W_29984CRL30V00000007_116445724711373423.jpg</filename>
  <path>http://172.18.39.209:9000/aliimages1999999996/RGB200W_29984CRL30V00000007_116445724711373423.jpg</path>
  <source>
    <database>Unknown</database>
  </source>
  <size>
    <width>642</width>
    <height>362</height>
    <depth>0</depth>
  </size>
  <segmented>0</segmented>
  <object>
    <name>dining_table</name>
    <pose>Unspecified</pose>
    <truncated>0</truncated>
    <difficult>0</difficult>
    <bndbox>
      <xmin>0.91</xmin>
      <ymin>0.91</ymin>
      <xmax>281.82</xmax>
      <ymax>210.00</ymax>
    </bndbox>
  </object>
  <object>
    <name>sofa_1</name>
    <pose>Unspecified</pose>
    <truncated>0</truncated>
    <difficult>0</difficult>
    <bndbox>
      <xmin>460.00</xmin>
      <ymin>138.64</ymin>
      <xmax>565.91</xmax>
      <ymax>203.64</ymax>
    </bndbox>
  </object>
</annotation>