<?xml version="1.0" encoding="UTF-8" ?>
<annotation>
  <folder>RGB200W_010102104301114_116446967285698271.jpg</folder>
  <filename>RGB200W_010102104301114_116446967285698271.jpg</filename>
  <path>http://172.18.39.209:9000/aliimages1999999985/RGB200W_010102104301114_116446967285698271.jpg</path>
  <source>
    <database>Unknown</database>
  </source>
  <size>
    <width>642</width>
    <height>362</height>
    <depth>0</depth>
  </size>
  <segmented>0</segmented>
  <object>
    <name>washing_machine</name>
    <pose>Unspecified</pose>
    <truncated>0</truncated>
    <difficult>0</difficult>
    <bndbox>
      <xmin>90.00</xmin>
      <ymin>0.91</ymin>
      <xmax>240.91</xmax>
      <ymax>220.91</ymax>
    </bndbox>
  </object>
  <object>
    <name>cupboard</name>
    <pose>Unspecified</pose>
    <truncated>0</truncated>
    <difficult>0</difficult>
    <bndbox>
      <xmin>0.91</xmin>
      <ymin>0.91</ymin>
      <xmax>137.73</xmax>
      <ymax>222.73</ymax>
    </bndbox>
  </object>
  <object>
    <name>dining_table</name>
    <pose>Unspecified</pose>
    <truncated>0</truncated>
    <difficult>0</difficult>
    <bndbox>
      <xmin>455.91</xmin>
      <ymin>0.91</ymin>
      <xmax>641.82</xmax>
      <ymax>225.00</ymax>
    </bndbox>
  </object>
</annotation>