<?xml version="1.0" encoding="UTF-8" ?>
<annotation>
  <folder>RGB200W_29984_99999941_116449140100094709-227.179_227.230_327.607_190.117_0.288_0.098_-0.107_0.027.jpg</folder>
  <filename>RGB200W_29984_99999941_116449140100094709-227.179_227.230_327.607_190.117_0.288_0.098_-0.107_0.027.jpg</filename>
  <path>http://172.18.39.209:9000/aliimages1999999998/RGB200W_29984_99999941_116449140100094709-227.179_227.230_327.607_190.117_0.288_0.098_-0.107_0.027.jpg</path>
  <source>
    <database>Unknown</database>
  </source>
  <size>
    <width>642</width>
    <height>362</height>
    <depth>0</depth>
  </size>
  <segmented>0</segmented>
  <object>
    <name>dining_table</name>
    <pose>Unspecified</pose>
    <truncated>0</truncated>
    <difficult>0</difficult>
    <bndbox>
      <xmin>293.64</xmin>
      <ymin>78.64</ymin>
      <xmax>497.73</xmax>
      <ymax>225.91</ymax>
    </bndbox>
  </object>
  <object>
    <name>door_anno</name>
    <pose>Unspecified</pose>
    <truncated>0</truncated>
    <difficult>0</difficult>
    <bndbox>
      <xmin>230.91</xmin>
      <ymin>73.64</ymin>
      <xmax>271.82</xmax>
      <ymax>215.91</ymax>
    </bndbox>
  </object>
</annotation>