<?xml version="1.0" encoding="UTF-8" ?>
<annotation>
  <folder>RGB200W_202006292031_116444828074386910.jpg</folder>
  <filename>RGB200W_202006292031_116444828074386910.jpg</filename>
  <path>http://172.18.39.209:9000/aliimages1999999990/RGB200W_202006292031_116444828074386910.jpg</path>
  <source>
    <database>Unknown</database>
  </source>
  <size>
    <width>642</width>
    <height>361</height>
    <depth>0</depth>
  </size>
  <segmented>0</segmented>
  <object>
    <name>wire</name>
    <pose>Unspecified</pose>
    <truncated>0</truncated>
    <difficult>0</difficult>
    <bndbox>
      <xmin>8.64</xmin>
      <ymin>33.64</ymin>
      <xmax>539.55</xmax>
      <ymax>205.00</ymax>
    </bndbox>
  </object>
  <object>
    <name>dining_table</name>
    <pose>Unspecified</pose>
    <truncated>0</truncated>
    <difficult>0</difficult>
    <bndbox>
      <xmin>94.55</xmin>
      <ymin>59.09</ymin>
      <xmax>206.82</xmax>
      <ymax>188.18</ymax>
    </bndbox>
  </object>
  <object>
    <name>wire</name>
    <pose>Unspecified</pose>
    <truncated>0</truncated>
    <difficult>0</difficult>
    <bndbox>
      <xmin>161.82</xmin>
      <ymin>155.91</ymin>
      <xmax>172.27</xmax>
      <ymax>181.36</ymax>
    </bndbox>
  </object>
  <object>
    <name>wire</name>
    <pose>Unspecified</pose>
    <truncated>0</truncated>
    <difficult>0</difficult>
    <bndbox>
      <xmin>515.91</xmin>
      <ymin>0.91</ymin>
      <xmax>535.45</xmax>
      <ymax>39.09</ymax>
    </bndbox>
  </object>
  <object>
    <name>door_anno</name>
    <pose>Unspecified</pose>
    <truncated>0</truncated>
    <difficult>0</difficult>
    <bndbox>
      <xmin>357.73</xmin>
      <ymin>0.00</ymin>
      <xmax>490.45</xmax>
      <ymax>194.55</ymax>
    </bndbox>
  </object>
  <object>
    <name>door_anno</name>
    <pose>Unspecified</pose>
    <truncated>0</truncated>
    <difficult>0</difficult>
    <bndbox>
      <xmin>203.18</xmin>
      <ymin>87.27</ymin>
      <xmax>255.00</xmax>
      <ymax>184.55</ymax>
    </bndbox>
  </object>
  <object>
    <name>refrigerator</name>
    <pose>Unspecified</pose>
    <truncated>0</truncated>
    <difficult>0</difficult>
    <bndbox>
      <xmin>256.82</xmin>
      <ymin>83.64</ymin>
      <xmax>295.45</xmax>
      <ymax>182.73</ymax>
    </bndbox>
  </object>
</annotation>