<?xml version="1.0" encoding="UTF-8" ?>
<annotation>
  <folder>RGB200W_29984_99999954_116449794716967756.jpg</folder>
  <filename>RGB200W_29984_99999954_116449794716967756.jpg</filename>
  <path>http://172.18.39.209:9000/aliimages1999999997/RGB200W_29984_99999954_116449794716967756.jpg</path>
  <source>
    <database>Unknown</database>
  </source>
  <size>
    <width>642</width>
    <height>362</height>
    <depth>0</depth>
  </size>
  <segmented>0</segmented>
  <object>
    <name>refrigerator</name>
    <pose>Unspecified</pose>
    <truncated>0</truncated>
    <difficult>0</difficult>
    <bndbox>
      <xmin>371.82</xmin>
      <ymin>83.64</ymin>
      <xmax>420.91</xmax>
      <ymax>213.64</ymax>
    </bndbox>
  </object>
  <object>
    <name>dining_table</name>
    <pose>Unspecified</pose>
    <truncated>0</truncated>
    <difficult>0</difficult>
    <bndbox>
      <xmin>197.73</xmin>
      <ymin>125.00</ymin>
      <xmax>332.73</xmax>
      <ymax>215.91</ymax>
    </bndbox>
  </object>
</annotation>