<?xml version="1.0" encoding="UTF-8" ?>
<annotation>
  <folder>RGB200W_29984_99999250_116444738986852377.jpg</folder>
  <filename>RGB200W_29984_99999250_116444738986852377.jpg</filename>
  <path>http://172.18.39.209:9000/aliimages1999999990/RGB200W_29984_99999250_116444738986852377.jpg</path>
  <source>
    <database>Unknown</database>
  </source>
  <size>
    <width>642</width>
    <height>362</height>
    <depth>0</depth>
  </size>
  <segmented>0</segmented>
  <object>
    <name>dining_table</name>
    <pose>Unspecified</pose>
    <truncated>0</truncated>
    <difficult>0</difficult>
    <bndbox>
      <xmin>337.73</xmin>
      <ymin>16.82</ymin>
      <xmax>621.82</xmax>
      <ymax>220.91</ymax>
    </bndbox>
  </object>
  <object>
    <name>refrigerator</name>
    <pose>Unspecified</pose>
    <truncated>0</truncated>
    <difficult>0</difficult>
    <bndbox>
      <xmin>228.64</xmin>
      <ymin>95.00</ymin>
      <xmax>285.91</xmax>
      <ymax>211.82</ymax>
    </bndbox>
  </object>
  <object>
    <name>cupboard</name>
    <pose>Unspecified</pose>
    <truncated>0</truncated>
    <difficult>0</difficult>
    <bndbox>
      <xmin>88.64</xmin>
      <ymin>148.64</ymin>
      <xmax>170.91</xmax>
      <ymax>210.00</ymax>
    </bndbox>
  </object>
</annotation>