<?xml version="1.0" encoding="UTF-8" ?>
<annotation>
  <folder>RGB200W_CRL9993I202006069999_1594645502122429.jpg</folder>
  <filename>RGB200W_CRL9993I202006069999_1594645502122429.jpg</filename>
  <path>http://172.18.39.209:9000/aliimages2021122805/RGB200W_CRL9993I202006069999_1594645502122429.jpg</path>
  <source>
    <database>Unknown</database>
  </source>
  <size>
    <width>1920</width>
    <height>1079</height>
    <depth>0</depth>
  </size>
  <segmented>0</segmented>
  <object>
    <name>person_leg</name>
    <pose>Unspecified</pose>
    <truncated>0</truncated>
    <difficult>0</difficult>
    <bndbox>
      <xmin>1260.15</xmin>
      <ymin>0.00</ymin>
      <xmax>1918.10</xmax>
      <ymax>780.29</ymax>
    </bndbox>
  </object>
  <object>
    <name>slipper</name>
    <pose>Unspecified</pose>
    <truncated>0</truncated>
    <difficult>0</difficult>
    <bndbox>
      <xmin>1268.31</xmin>
      <ymin>520.65</ymin>
      <xmax>1719.63</xmax>
      <ymax>751.74</ymax>
    </bndbox>
  </object>
  <object>
    <name>dining_table</name>
    <pose>Unspecified</pose>
    <truncated>0</truncated>
    <difficult>0</difficult>
    <bndbox>
      <xmin>662.02</xmin>
      <ymin>0.00</ymin>
      <xmax>1625.83</xmax>
      <ymax>662.02</ymax>
    </bndbox>
  </object>
  <object>
    <name>trash_can</name>
    <pose>Unspecified</pose>
    <truncated>0</truncated>
    <difficult>0</difficult>
    <bndbox>
      <xmin>1352.59</xmin>
      <ymin>463.55</ymin>
      <xmax>1548.34</xmax>
      <ymax>623.96</ymax>
    </bndbox>
  </object>
</annotation>