<?xml version="1.0" encoding="UTF-8" ?>
<annotation>
  <folder>RGB200W_29984CRL30V00000162_116444793095385000.jpg</folder>
  <filename>RGB200W_29984CRL30V00000162_116444793095385000.jpg</filename>
  <path>http://172.18.39.209:9000/aliimages1999999996/RGB200W_29984CRL30V00000162_116444793095385000.jpg</path>
  <source>
    <database>Unknown</database>
  </source>
  <size>
    <width>642</width>
    <height>362</height>
    <depth>0</depth>
  </size>
  <segmented>0</segmented>
  <object>
    <name>dining_table</name>
    <pose>Unspecified</pose>
    <truncated>0</truncated>
    <difficult>0</difficult>
    <bndbox>
      <xmin>252.73</xmin>
      <ymin>155.00</ymin>
      <xmax>340.00</xmax>
      <ymax>215.00</ymax>
    </bndbox>
  </object>
  <object>
    <name>sofa_1</name>
    <pose>Unspecified</pose>
    <truncated>0</truncated>
    <difficult>0</difficult>
    <bndbox>
      <xmin>352.73</xmin>
      <ymin>0.91</ymin>
      <xmax>641.82</xmax>
      <ymax>203.64</ymax>
    </bndbox>
  </object>
  <object>
    <name>wire</name>
    <pose>Unspecified</pose>
    <truncated>0</truncated>
    <difficult>0</difficult>
    <bndbox>
      <xmin>46.82</xmin>
      <ymin>175.00</ymin>
      <xmax>75.91</xmax>
      <ymax>206.82</ymax>
    </bndbox>
  </object>
  <object>
    <name>wire</name>
    <pose>Unspecified</pose>
    <truncated>0</truncated>
    <difficult>0</difficult>
    <bndbox>
      <xmin>25.00</xmin>
      <ymin>180.91</ymin>
      <xmax>36.82</xmax>
      <ymax>207.73</ymax>
    </bndbox>
  </object>
  <object>
    <name>wire</name>
    <pose>Unspecified</pose>
    <truncated>0</truncated>
    <difficult>0</difficult>
    <bndbox>
      <xmin>0.91</xmin>
      <ymin>180.91</ymin>
      <xmax>16.82</xmax>
      <ymax>207.73</ymax>
    </bndbox>
  </object>
  <object>
    <name>cabinet</name>
    <pose>Unspecified</pose>
    <truncated>0</truncated>
    <difficult>0</difficult>
    <bndbox>
      <xmin>87.73</xmin>
      <ymin>120.00</ymin>
      <xmax>160.00</xmax>
      <ymax>216.82</ymax>
    </bndbox>
  </object>
</annotation>