<?xml version="1.0" encoding="UTF-8" ?>
<annotation>
  <folder>2021122702</folder>
  <filename>RGB200W_29984CRL30V00066807_1637379498_450.jpg</filename>
  <path>http://172.18.39.209:9000/aliimages/2021122702/RGB200W_29984CRL30V00066807_1637379498_450.jpg</path>
  <source>
    <database>Unknown</database>
  </source>
  <size>
    <width>642</width>
    <height>362</height>
    <depth>0</depth>
  </size>
  <segmented>0</segmented>
  <object>
    <name>sofa1</name>
    <pose>Unspecified</pose>
    <truncated>0</truncated>
    <difficult>0</difficult>
    <bndbox>
      <xmin>414.55</xmin>
      <ymin>133.64</ymin>
      <xmax>631.36</xmax>
      <ymax>211.36</ymax>
    </bndbox>
  </object>
  <object>
    <name>sofa1</name>
    <pose>Unspecified</pose>
    <truncated>0</truncated>
    <difficult>0</difficult>
    <bndbox>
      <xmin>323.64</xmin>
      <ymin>142.73</ymin>
      <xmax>399.55</xmax>
      <ymax>208.18</ymax>
    </bndbox>
  </object>
  <object>
    <name>dining_table</name>
    <pose>Unspecified</pose>
    <truncated>0</truncated>
    <difficult>0</difficult>
    <bndbox>
      <xmin>240.45</xmin>
      <ymin>157.73</ymin>
      <xmax>305.00</xmax>
      <ymax>205.45</ymax>
    </bndbox>
  </object>
  <object>
    <name>TV_stand</name>
    <pose>Unspecified</pose>
    <truncated>0</truncated>
    <difficult>0</difficult>
    <bndbox>
      <xmin>75.91</xmin>
      <ymin>58.18</ymin>
      <xmax>224.09</xmax>
      <ymax>216.82</ymax>
    </bndbox>
  </object>
  <object>
    <name>wire</name>
    <pose>Unspecified</pose>
    <truncated>0</truncated>
    <difficult>0</difficult>
    <bndbox>
      <xmin>71.36</xmin>
      <ymin>171.82</ymin>
      <xmax>140.00</xmax>
      <ymax>225.45</ymax>
    </bndbox>
  </object>
  <object>
    <name>tea_table1</name>
    <pose>Unspecified</pose>
    <truncated>0</truncated>
    <difficult>0</difficult>
    <bndbox>
      <xmin>389.09</xmin>
      <ymin>-0.91</ymin>
      <xmax>640.45</xmax>
      <ymax>275.91</ymax>
    </bndbox>
  </object>
</annotation>