<?xml version="1.0" encoding="UTF-8" ?>
<annotation>
  <folder>2021122703</folder>
  <filename>RGB200W_29984CRL30V00067442_1637387402_714.jpg</filename>
  <path>http://172.18.39.209:9000/aliimages/2021122703/RGB200W_29984CRL30V00067442_1637387402_714.jpg</path>
  <source>
    <database>Unknown</database>
  </source>
  <size>
    <width>642</width>
    <height>362</height>
    <depth>0</depth>
  </size>
  <segmented>0</segmented>
  <object>
    <name>wire</name>
    <pose>Unspecified</pose>
    <truncated>0</truncated>
    <difficult>0</difficult>
    <bndbox>
      <xmin>365.00</xmin>
      <ymin>113.64</ymin>
      <xmax>389.09</xmax>
      <ymax>209.09</ymax>
    </bndbox>
  </object>
  <object>
    <name>trash_can</name>
    <pose>Unspecified</pose>
    <truncated>0</truncated>
    <difficult>0</difficult>
    <bndbox>
      <xmin>121.82</xmin>
      <ymin>165.91</ymin>
      <xmax>171.82</xmax>
      <ymax>221.82</ymax>
    </bndbox>
  </object>
  <object>
    <name>sofa</name>
    <pose>Unspecified</pose>
    <truncated>0</truncated>
    <difficult>0</difficult>
    <bndbox>
      <xmin>107.27</xmin>
      <ymin>145.00</ymin>
      <xmax>208.18</xmax>
      <ymax>213.18</ymax>
    </bndbox>
  </object>
  <object>
    <name>dining_table</name>
    <pose>Unspecified</pose>
    <truncated>0</truncated>
    <difficult>0</difficult>
    <bndbox>
      <xmin>0.45</xmin>
      <ymin>75.00</ymin>
      <xmax>154.55</xmax>
      <ymax>220.45</ymax>
    </bndbox>
  </object>
</annotation>