<?xml version="1.0" encoding="UTF-8" ?>
<annotation>
  <folder>RGB200W_29984_99999949_116446083704839820-228.007_228.039_324.240_194.538_0.286_0.126_-0.169_0.072.jpg</folder>
  <filename>RGB200W_29984_99999949_116446083704839820-228.007_228.039_324.240_194.538_0.286_0.126_-0.169_0.072.jpg</filename>
  <path>http://172.18.39.209:9000/aliimages1999999996/RGB200W_29984_99999949_116446083704839820-228.007_228.039_324.240_194.538_0.286_0.126_-0.169_0.072.jpg</path>
  <source>
    <database>Unknown</database>
  </source>
  <size>
    <width>642</width>
    <height>362</height>
    <depth>0</depth>
  </size>
  <segmented>0</segmented>
  <object>
    <name>dining_table</name>
    <pose>Unspecified</pose>
    <truncated>0</truncated>
    <difficult>0</difficult>
    <bndbox>
      <xmin>315.00</xmin>
      <ymin>70.00</ymin>
      <xmax>641.82</xmax>
      <ymax>231.82</ymax>
    </bndbox>
  </object>
  <object>
    <name>blanket</name>
    <pose>Unspecified</pose>
    <truncated>0</truncated>
    <difficult>0</difficult>
    <bndbox>
      <xmin>0.91</xmin>
      <ymin>221.82</ymin>
      <xmax>195.91</xmax>
      <ymax>248.64</ymax>
    </bndbox>
  </object>
  <object>
    <name>sofa_1</name>
    <pose>Unspecified</pose>
    <truncated>0</truncated>
    <difficult>0</difficult>
    <bndbox>
      <xmin>332.73</xmin>
      <ymin>185.00</ymin>
      <xmax>370.91</xmax>
      <ymax>220.91</ymax>
    </bndbox>
  </object>
</annotation>