<?xml version="1.0" encoding="UTF-8" ?>
<annotation>
  <folder>20210921</folder>
  <filename>RGB200W_29984CRL30V00005304_1632179783_1948.jpg</filename>
  <path>http://172.18.39.209:9000/aliimages/20210921/RGB200W_29984CRL30V00005304_1632179783_1948.jpg</path>
  <source>
    <database>Unknown</database>
  </source>
  <size>
    <width>642</width>
    <height>362</height>
    <depth>0</depth>
  </size>
  <segmented>0</segmented>
  <object>
    <name>dining_table</name>
    <pose>Unspecified</pose>
    <truncated>0</truncated>
    <difficult>0</difficult>
    <bndbox>
      <xmin>495.00</xmin>
      <ymin>50.00</ymin>
      <xmax>640.91</xmax>
      <ymax>220.45</ymax>
    </bndbox>
  </object>
  <object>
    <name>dining_table</name>
    <pose>Unspecified</pose>
    <truncated>0</truncated>
    <difficult>0</difficult>
    <bndbox>
      <xmin>567.27</xmin>
      <ymin>104.55</ymin>
      <xmax>569.09</xmax>
      <ymax>107.27</ymax>
    </bndbox>
  </object>
  <object>
    <name>door_anno</name>
    <pose>Unspecified</pose>
    <truncated>0</truncated>
    <difficult>0</difficult>
    <bndbox>
      <xmin>314.55</xmin>
      <ymin>32.73</ymin>
      <xmax>325.00</xmax>
      <ymax>220.45</ymax>
    </bndbox>
  </object>
</annotation>