<?xml version="1.0" encoding="UTF-8" ?>
<annotation>
  <folder>RGB200W_CRL9993I202006069999_1594645560846268.jpg</folder>
  <filename>RGB200W_CRL9993I202006069999_1594645560846268.jpg</filename>
  <path>http://172.18.39.209:9000/aliimages1999999999/RGB200W_CRL9993I202006069999_1594645560846268.jpg</path>
  <source>
    <database>Unknown</database>
  </source>
  <size>
    <width>642</width>
    <height>361</height>
    <depth>0</depth>
  </size>
  <segmented>0</segmented>
  <object>
    <name>dining_table</name>
    <pose>Unspecified</pose>
    <truncated>0</truncated>
    <difficult>0</difficult>
    <bndbox>
      <xmin>362.27</xmin>
      <ymin>92.73</ymin>
      <xmax>498.18</xmax>
      <ymax>195.00</ymax>
    </bndbox>
  </object>
  <object>
    <name>refrigerator _1</name>
    <pose>Unspecified</pose>
    <truncated>0</truncated>
    <difficult>0</difficult>
    <bndbox>
      <xmin>343.18</xmin>
      <ymin>110.45</ymin>
      <xmax>360.45</xmax>
      <ymax>193.18</ymax>
    </bndbox>
  </object>
</annotation>