<?xml version="1.0" encoding="UTF-8" ?>
<annotation>
  <folder>RGB200W_29984_99999275_116444766138465026.jpg</folder>
  <filename>RGB200W_29984_99999275_116444766138465026.jpg</filename>
  <path>http://172.18.39.209:9000/aliimages1999999990/RGB200W_29984_99999275_116444766138465026.jpg</path>
  <source>
    <database>Unknown</database>
  </source>
  <size>
    <width>642</width>
    <height>362</height>
    <depth>0</depth>
  </size>
  <segmented>0</segmented>
  <object>
    <name>shoe</name>
    <pose>Unspecified</pose>
    <truncated>0</truncated>
    <difficult>0</difficult>
    <bndbox>
      <xmin>461.82</xmin>
      <ymin>190.00</ymin>
      <xmax>521.82</xmax>
      <ymax>233.64</ymax>
    </bndbox>
  </object>
  <object>
    <name>dining_table</name>
    <pose>Unspecified</pose>
    <truncated>0</truncated>
    <difficult>0</difficult>
    <bndbox>
      <xmin>87.73</xmin>
      <ymin>92.73</ymin>
      <xmax>281.82</xmax>
      <ymax>225.00</ymax>
    </bndbox>
  </object>
  <object>
    <name>cupboard</name>
    <pose>Unspecified</pose>
    <truncated>0</truncated>
    <difficult>0</difficult>
    <bndbox>
      <xmin>311.82</xmin>
      <ymin>165.91</ymin>
      <xmax>347.73</xmax>
      <ymax>207.73</ymax>
    </bndbox>
  </object>
  <object>
    <name>door_anno</name>
    <pose>Unspecified</pose>
    <truncated>0</truncated>
    <difficult>0</difficult>
    <bndbox>
      <xmin>550.00</xmin>
      <ymin>21.82</ymin>
      <xmax>591.82</xmax>
      <ymax>223.64</ymax>
    </bndbox>
  </object>
</annotation>