<?xml version="1.0" encoding="UTF-8" ?>
<annotation>
  <folder>20210918</folder>
  <filename>RGB200W_29984CRL30V00005304_1631967547_33893.jpg</filename>
  <path>http://172.18.39.209:9000/aliimages/20210918/RGB200W_29984CRL30V00005304_1631967547_33893.jpg</path>
  <source>
    <database>Unknown</database>
  </source>
  <size>
    <width>642</width>
    <height>362</height>
    <depth>0</depth>
  </size>
  <segmented>0</segmented>
  <object>
    <name>door_anno</name>
    <pose>Unspecified</pose>
    <truncated>0</truncated>
    <difficult>0</difficult>
    <bndbox>
      <xmin>133.18</xmin>
      <ymin>3.18</ymin>
      <xmax>177.27</xmax>
      <ymax>218.18</ymax>
    </bndbox>
  </object>
  <object>
    <name>dining_table</name>
    <pose>Unspecified</pose>
    <truncated>0</truncated>
    <difficult>0</difficult>
    <bndbox>
      <xmin>317.27</xmin>
      <ymin>61.36</ymin>
      <xmax>529.09</xmax>
      <ymax>221.82</ymax>
    </bndbox>
  </object>
</annotation>