<?xml version="1.0" encoding="UTF-8" ?>
<annotation>
  <folder>RGB200W_202006292031_116444817321131780.jpg</folder>
  <filename>RGB200W_202006292031_116444817321131780.jpg</filename>
  <path>http://172.18.39.209:9000/aliimages1999999996/RGB200W_202006292031_116444817321131780.jpg</path>
  <source>
    <database>Unknown</database>
  </source>
  <size>
    <width>642</width>
    <height>361</height>
    <depth>0</depth>
  </size>
  <segmented>0</segmented>
  <object>
    <name>refrigerator_1</name>
    <pose>Unspecified</pose>
    <truncated>0</truncated>
    <difficult>0</difficult>
    <bndbox>
      <xmin>459.55</xmin>
      <ymin>0.00</ymin>
      <xmax>626.82</xmax>
      <ymax>187.73</ymax>
    </bndbox>
  </object>
  <object>
    <name>door_anno</name>
    <pose>Unspecified</pose>
    <truncated>0</truncated>
    <difficult>0</difficult>
    <bndbox>
      <xmin>396.82</xmin>
      <ymin>0.45</ymin>
      <xmax>481.82</xmax>
      <ymax>176.36</ymax>
    </bndbox>
  </object>
  <object>
    <name>dining_table</name>
    <pose>Unspecified</pose>
    <truncated>0</truncated>
    <difficult>0</difficult>
    <bndbox>
      <xmin>0.00</xmin>
      <ymin>0.00</ymin>
      <xmax>255.45</xmax>
      <ymax>189.55</ymax>
    </bndbox>
  </object>
</annotation>