<?xml version="1.0" encoding="UTF-8" ?>
<annotation>
  <folder>RGB200W_CRL9993I202006069999_1594646656951906.jpg</folder>
  <filename>RGB200W_CRL9993I202006069999_1594646656951906.jpg</filename>
  <path>http://172.18.39.209:9000/aliimages1999999999/RGB200W_CRL9993I202006069999_1594646656951906.jpg</path>
  <source>
    <database>Unknown</database>
  </source>
  <size>
    <width>642</width>
    <height>361</height>
    <depth>0</depth>
  </size>
  <segmented>0</segmented>
  <object>
    <name>sofa_1</name>
    <pose>Unspecified</pose>
    <truncated>0</truncated>
    <difficult>0</difficult>
    <bndbox>
      <xmin>487.27</xmin>
      <ymin>66.36</ymin>
      <xmax>641.82</xmax>
      <ymax>208.64</ymax>
    </bndbox>
  </object>
  <object>
    <name>dining_table</name>
    <pose>Unspecified</pose>
    <truncated>0</truncated>
    <difficult>0</difficult>
    <bndbox>
      <xmin>210.91</xmin>
      <ymin>69.55</ymin>
      <xmax>312.27</xmax>
      <ymax>205.91</ymax>
    </bndbox>
  </object>
  <object>
    <name>refrigerator</name>
    <pose>Unspecified</pose>
    <truncated>0</truncated>
    <difficult>0</difficult>
    <bndbox>
      <xmin>355.00</xmin>
      <ymin>27.27</ymin>
      <xmax>437.27</xmax>
      <ymax>203.64</ymax>
    </bndbox>
  </object>
</annotation>