<?xml version="1.0" encoding="UTF-8" ?>
<annotation>
  <folder>RGB200W_29984_99999566_116445617164119334.jpg</folder>
  <filename>RGB200W_29984_99999566_116445617164119334.jpg</filename>
  <path>http://172.18.39.209:9000/aliimages1999999996/RGB200W_29984_99999566_116445617164119334.jpg</path>
  <source>
    <database>Unknown</database>
  </source>
  <size>
    <width>642</width>
    <height>362</height>
    <depth>0</depth>
  </size>
  <segmented>0</segmented>
  <object>
    <name>blanket</name>
    <pose>Unspecified</pose>
    <truncated>0</truncated>
    <difficult>0</difficult>
    <bndbox>
      <xmin>352.73</xmin>
      <ymin>200.00</ymin>
      <xmax>456.82</xmax>
      <ymax>218.64</ymax>
    </bndbox>
  </object>
  <object>
    <name>refrigerator</name>
    <pose>Unspecified</pose>
    <truncated>0</truncated>
    <difficult>0</difficult>
    <bndbox>
      <xmin>283.64</xmin>
      <ymin>82.73</ymin>
      <xmax>332.73</xmax>
      <ymax>205.91</ymax>
    </bndbox>
  </object>
  <object>
    <name>dining_table</name>
    <pose>Unspecified</pose>
    <truncated>0</truncated>
    <difficult>0</difficult>
    <bndbox>
      <xmin>80.00</xmin>
      <ymin>100.91</ymin>
      <xmax>245.91</xmax>
      <ymax>207.73</ymax>
    </bndbox>
  </object>
</annotation>