<?xml version="1.0" encoding="UTF-8" ?>
<annotation>
  <folder>RGB200W_29984_99999882_116444867876632829-231.400_231.336_330.948_186.389_0.283_0.150_-0.191_0.071.jpg</folder>
  <filename>RGB200W_29984_99999882_116444867876632829-231.400_231.336_330.948_186.389_0.283_0.150_-0.191_0.071.jpg</filename>
  <path>http://172.18.39.209:9000/aliimages1999999990/RGB200W_29984_99999882_116444867876632829-231.400_231.336_330.948_186.389_0.283_0.150_-0.191_0.071.jpg</path>
  <source>
    <database>Unknown</database>
  </source>
  <size>
    <width>642</width>
    <height>362</height>
    <depth>0</depth>
  </size>
  <segmented>0</segmented>
  <object>
    <name>dining_table</name>
    <pose>Unspecified</pose>
    <truncated>0</truncated>
    <difficult>0</difficult>
    <bndbox>
      <xmin>10.91</xmin>
      <ymin>28.64</ymin>
      <xmax>266.82</xmax>
      <ymax>211.82</ymax>
    </bndbox>
  </object>
  <object>
    <name>TV_stand</name>
    <pose>Unspecified</pose>
    <truncated>0</truncated>
    <difficult>0</difficult>
    <bndbox>
      <xmin>496.82</xmin>
      <ymin>143.64</ymin>
      <xmax>635.91</xmax>
      <ymax>221.82</ymax>
    </bndbox>
  </object>
</annotation>