<?xml version="1.0" encoding="UTF-8" ?>
<annotation>
  <folder>RGB200W_29984_99999438_116445479386685950.jpg</folder>
  <filename>RGB200W_29984_99999438_116445479386685950.jpg</filename>
  <path>http://172.18.39.209:9000/aliimages1999999996/RGB200W_29984_99999438_116445479386685950.jpg</path>
  <source>
    <database>Unknown</database>
  </source>
  <size>
    <width>642</width>
    <height>362</height>
    <depth>0</depth>
  </size>
  <segmented>0</segmented>
  <object>
    <name>blanket</name>
    <pose>Unspecified</pose>
    <truncated>0</truncated>
    <difficult>0</difficult>
    <bndbox>
      <xmin>232.73</xmin>
      <ymin>226.82</ymin>
      <xmax>641.82</xmax>
      <ymax>302.73</ymax>
    </bndbox>
  </object>
  <object>
    <name>wire</name>
    <pose>Unspecified</pose>
    <truncated>0</truncated>
    <difficult>0</difficult>
    <bndbox>
      <xmin>320.00</xmin>
      <ymin>180.00</ymin>
      <xmax>338.64</xmax>
      <ymax>216.82</ymax>
    </bndbox>
  </object>
  <object>
    <name>dining_table</name>
    <pose>Unspecified</pose>
    <truncated>0</truncated>
    <difficult>0</difficult>
    <bndbox>
      <xmin>237.73</xmin>
      <ymin>158.64</ymin>
      <xmax>298.64</xmax>
      <ymax>221.82</ymax>
    </bndbox>
  </object>
  <object>
    <name>door_anno</name>
    <pose>Unspecified</pose>
    <truncated>0</truncated>
    <difficult>0</difficult>
    <bndbox>
      <xmin>37.73</xmin>
      <ymin>0.91</ymin>
      <xmax>243.64</xmax>
      <ymax>230.00</ymax>
    </bndbox>
  </object>
</annotation>