<?xml version="1.0" encoding="UTF-8" ?>
<annotation>
  <folder>RGB200W_CRL9993I202006069999_1594645912130810.jpg</folder>
  <filename>RGB200W_CRL9993I202006069999_1594645912130810.jpg</filename>
  <path>http://172.18.39.209:9000/aliimages1999999996/RGB200W_CRL9993I202006069999_1594645912130810.jpg</path>
  <source>
    <database>Unknown</database>
  </source>
  <size>
    <width>642</width>
    <height>361</height>
    <depth>0</depth>
  </size>
  <segmented>0</segmented>
  <object>
    <name>dining_table</name>
    <pose>Unspecified</pose>
    <truncated>0</truncated>
    <difficult>0</difficult>
    <bndbox>
      <xmin>1.36</xmin>
      <ymin>58.18</ymin>
      <xmax>234.09</xmax>
      <ymax>190.91</ymax>
    </bndbox>
  </object>
  <object>
    <name>refrigerator</name>
    <pose>Unspecified</pose>
    <truncated>0</truncated>
    <difficult>0</difficult>
    <bndbox>
      <xmin>247.27</xmin>
      <ymin>93.64</ymin>
      <xmax>281.82</xmax>
      <ymax>186.82</ymax>
    </bndbox>
  </object>
</annotation>