<?xml version="1.0" encoding="UTF-8" ?>
<annotation>
  <folder>RGB200W_CRL9993I202006069999_1594645478096173.jpg</folder>
  <filename>RGB200W_CRL9993I202006069999_1594645478096173.jpg</filename>
  <path>http://172.18.39.209:9000/aliimages1999999990/RGB200W_CRL9993I202006069999_1594645478096173.jpg</path>
  <source>
    <database>Unknown</database>
  </source>
  <size>
    <width>642</width>
    <height>361</height>
    <depth>0</depth>
  </size>
  <segmented>0</segmented>
  <object>
    <name>dining_table</name>
    <pose>Unspecified</pose>
    <truncated>0</truncated>
    <difficult>0</difficult>
    <bndbox>
      <xmin>1.36</xmin>
      <ymin>0.91</ymin>
      <xmax>369.09</xmax>
      <ymax>230.00</ymax>
    </bndbox>
  </object>
  <object>
    <name>wire</name>
    <pose>Unspecified</pose>
    <truncated>0</truncated>
    <difficult>0</difficult>
    <bndbox>
      <xmin>364.55</xmin>
      <ymin>24.55</ymin>
      <xmax>389.55</xmax>
      <ymax>104.55</ymax>
    </bndbox>
  </object>
  <object>
    <name>wire</name>
    <pose>Unspecified</pose>
    <truncated>0</truncated>
    <difficult>0</difficult>
    <bndbox>
      <xmin>252.73</xmin>
      <ymin>44.09</ymin>
      <xmax>275.91</xmax>
      <ymax>102.73</ymax>
    </bndbox>
  </object>
  <object>
    <name>wire</name>
    <pose>Unspecified</pose>
    <truncated>0</truncated>
    <difficult>0</difficult>
    <bndbox>
      <xmin>276.82</xmin>
      <ymin>51.36</ymin>
      <xmax>290.00</xmax>
      <ymax>103.64</ymax>
    </bndbox>
  </object>
  <object>
    <name>wire</name>
    <pose>Unspecified</pose>
    <truncated>0</truncated>
    <difficult>0</difficult>
    <bndbox>
      <xmin>293.18</xmin>
      <ymin>69.09</ymin>
      <xmax>333.64</xmax>
      <ymax>132.27</ymax>
    </bndbox>
  </object>
  <object>
    <name>door_anno</name>
    <pose>Unspecified</pose>
    <truncated>0</truncated>
    <difficult>0</difficult>
    <bndbox>
      <xmin>394.55</xmin>
      <ymin>23.64</ymin>
      <xmax>477.73</xmax>
      <ymax>211.36</ymax>
    </bndbox>
  </object>
  <object>
    <name>cupboard</name>
    <pose>Unspecified</pose>
    <truncated>0</truncated>
    <difficult>0</difficult>
    <bndbox>
      <xmin>346.82</xmin>
      <ymin>130.91</ymin>
      <xmax>467.73</xmax>
      <ymax>208.64</ymax>
    </bndbox>
  </object>
</annotation>