<?xml version="1.0" encoding="UTF-8" ?>
<annotation>
  <folder>RGB200W_29984_99999816_116444821264474211.jpg</folder>
  <filename>RGB200W_29984_99999816_116444821264474211.jpg</filename>
  <path>http://172.18.39.209:9000/aliimages1999999996/RGB200W_29984_99999816_116444821264474211.jpg</path>
  <source>
    <database>Unknown</database>
  </source>
  <size>
    <width>642</width>
    <height>362</height>
    <depth>0</depth>
  </size>
  <segmented>0</segmented>
  <object>
    <name>metal_chair_foot</name>
    <pose>Unspecified</pose>
    <truncated>0</truncated>
    <difficult>0</difficult>
    <bndbox>
      <xmin>72.73</xmin>
      <ymin>260.00</ymin>
      <xmax>563.64</xmax>
      <ymax>361.82</ymax>
    </bndbox>
  </object>
  <object>
    <name>dining_table</name>
    <pose>Unspecified</pose>
    <truncated>0</truncated>
    <difficult>0</difficult>
    <bndbox>
      <xmin>407.73</xmin>
      <ymin>185.00</ymin>
      <xmax>512.73</xmax>
      <ymax>251.82</ymax>
    </bndbox>
  </object>
  <object>
    <name>wire</name>
    <pose>Unspecified</pose>
    <truncated>0</truncated>
    <difficult>0</difficult>
    <bndbox>
      <xmin>303.64</xmin>
      <ymin>215.91</ymin>
      <xmax>325.00</xmax>
      <ymax>240.91</ymax>
    </bndbox>
  </object>
  <object>
    <name>wire</name>
    <pose>Unspecified</pose>
    <truncated>0</truncated>
    <difficult>0</difficult>
    <bndbox>
      <xmin>31.82</xmin>
      <ymin>8.64</ymin>
      <xmax>98.64</xmax>
      <ymax>153.64</ymax>
    </bndbox>
  </object>
  <object>
    <name>wire</name>
    <pose>Unspecified</pose>
    <truncated>0</truncated>
    <difficult>0</difficult>
    <bndbox>
      <xmin>43.64</xmin>
      <ymin>20.00</ymin>
      <xmax>113.64</xmax>
      <ymax>160.00</ymax>
    </bndbox>
  </object>
  <object>
    <name>TV_stand</name>
    <pose>Unspecified</pose>
    <truncated>0</truncated>
    <difficult>0</difficult>
    <bndbox>
      <xmin>0.91</xmin>
      <ymin>137.73</ymin>
      <xmax>255.00</xmax>
      <ymax>250.91</ymax>
    </bndbox>
  </object>
  <object>
    <name>door_anno</name>
    <pose>Unspecified</pose>
    <truncated>0</truncated>
    <difficult>0</difficult>
    <bndbox>
      <xmin>367.73</xmin>
      <ymin>140.00</ymin>
      <xmax>412.73</xmax>
      <ymax>245.00</ymax>
    </bndbox>
  </object>
</annotation>