<?xml version="1.0" encoding="UTF-8" ?>
<annotation>
  <folder>RGB200W_2998499999415_116445578670799091.jpg</folder>
  <filename>RGB200W_2998499999415_116445578670799091.jpg</filename>
  <path>http://172.18.39.209:9000/aliimages1999999982/RGB200W_2998499999415_116445578670799091.jpg</path>
  <source>
    <database>Unknown</database>
  </source>
  <size>
    <width>642</width>
    <height>362</height>
    <depth>0</depth>
  </size>
  <segmented>0</segmented>
  <object>
    <name>dining_table</name>
    <pose>Unspecified</pose>
    <truncated>0</truncated>
    <difficult>0</difficult>
    <bndbox>
      <xmin>266.82</xmin>
      <ymin>126.82</ymin>
      <xmax>450.00</xmax>
      <ymax>218.64</ymax>
    </bndbox>
  </object>
</annotation>