<?xml version="1.0" encoding="UTF-8" ?>
<annotation>
  <folder>RGB200W_29984_99999875_116444783475923244.jpg</folder>
  <filename>RGB200W_29984_99999875_116444783475923244.jpg</filename>
  <path>http://172.18.39.209:9000/aliimages1999999982/RGB200W_29984_99999875_116444783475923244.jpg</path>
  <source>
    <database>Unknown</database>
  </source>
  <size>
    <width>642</width>
    <height>362</height>
    <depth>0</depth>
  </size>
  <segmented>0</segmented>
  <object>
    <name>dining_table</name>
    <pose>Unspecified</pose>
    <truncated>0</truncated>
    <difficult>0</difficult>
    <bndbox>
      <xmin>125.91</xmin>
      <ymin>108.64</ymin>
      <xmax>321.82</xmax>
      <ymax>223.64</ymax>
    </bndbox>
  </object>
</annotation>