<?xml version="1.0" encoding="UTF-8" ?>
<annotation>
  <folder>RGB200W_CRL9993I202006069999_1594645901254635.jpg</folder>
  <filename>RGB200W_CRL9993I202006069999_1594645901254635.jpg</filename>
  <path>http://172.18.39.209:9000/aliimages2021122805/RGB200W_CRL9993I202006069999_1594645901254635.jpg</path>
  <source>
    <database>Unknown</database>
  </source>
  <size>
    <width>1920</width>
    <height>1079</height>
    <depth>0</depth>
  </size>
  <segmented>0</segmented>
  <object>
    <name>person_leg</name>
    <pose>Unspecified</pose>
    <truncated>0</truncated>
    <difficult>0</difficult>
    <bndbox>
      <xmin>976.04</xmin>
      <ymin>489.38</ymin>
      <xmax>1031.78</xmax>
      <ymax>600.85</ymax>
    </bndbox>
  </object>
  <object>
    <name>refrigerator</name>
    <pose>Unspecified</pose>
    <truncated>0</truncated>
    <difficult>0</difficult>
    <bndbox>
      <xmin>337.13</xmin>
      <ymin>0.00</ymin>
      <xmax>668.82</xmax>
      <ymax>626.68</ymax>
    </bndbox>
  </object>
  <object>
    <name>dining_table</name>
    <pose>Unspecified</pose>
    <truncated>0</truncated>
    <difficult>0</difficult>
    <bndbox>
      <xmin>811.55</xmin>
      <ymin>361.60</ymin>
      <xmax>1167.71</xmax>
      <ymax>613.08</ymax>
    </bndbox>
  </object>
  <object>
    <name>chair_base</name>
    <pose>Unspecified</pose>
    <truncated>0</truncated>
    <difficult>0</difficult>
    <bndbox>
      <xmin>717.76</xmin>
      <ymin>573.66</ymin>
      <xmax>845.54</xmax>
      <ymax>622.60</ymax>
    </bndbox>
  </object>
  <object>
    <name>person</name>
    <pose>Unspecified</pose>
    <truncated>0</truncated>
    <difficult>0</difficult>
    <bndbox>
      <xmin>844.18</xmin>
      <ymin>288.19</ymin>
      <xmax>1044.01</xmax>
      <ymax>623.96</ymax>
    </bndbox>
  </object>
  <object>
    <name>plastic_stool</name>
    <pose>Unspecified</pose>
    <truncated>0</truncated>
    <difficult>0</difficult>
    <bndbox>
      <xmin>1416.48</xmin>
      <ymin>1.36</ymin>
      <xmax>1918.10</xmax>
      <ymax>678.33</ymax>
    </bndbox>
  </object>
</annotation>