<?xml version="1.0" encoding="UTF-8" ?>
<annotation>
  <folder>RGB200W_CRL9993I202006069999_1594646065482887.jpg</folder>
  <filename>RGB200W_CRL9993I202006069999_1594646065482887.jpg</filename>
  <path>http://172.18.39.209:9000/aliimages1999999983/RGB200W_CRL9993I202006069999_1594646065482887.jpg</path>
  <source>
    <database>Unknown</database>
  </source>
  <size>
    <width>642</width>
    <height>361</height>
    <depth>0</depth>
  </size>
  <segmented>0</segmented>
  <object>
    <name>dining_table</name>
    <pose>Unspecified</pose>
    <truncated>0</truncated>
    <difficult>0</difficult>
    <bndbox>
      <xmin>125.00</xmin>
      <ymin>35.91</ymin>
      <xmax>380.91</xmax>
      <ymax>206.82</ymax>
    </bndbox>
  </object>
  <object>
    <name>refrigerator</name>
    <pose>Unspecified</pose>
    <truncated>0</truncated>
    <difficult>0</difficult>
    <bndbox>
      <xmin>367.27</xmin>
      <ymin>24.55</ymin>
      <xmax>435.00</xmax>
      <ymax>202.73</ymax>
    </bndbox>
  </object>
  <object>
    <name>bed</name>
    <pose>Unspecified</pose>
    <truncated>0</truncated>
    <difficult>0</difficult>
    <bndbox>
      <xmin>59.09</xmin>
      <ymin>163.64</ymin>
      <xmax>110.00</xmax>
      <ymax>199.09</ymax>
    </bndbox>
  </object>
</annotation>