<?xml version="1.0" encoding="UTF-8" ?>
<annotation>
  <folder>RGB200W_010102104301118_116446223363554564.jpg</folder>
  <filename>RGB200W_010102104301118_116446223363554564.jpg</filename>
  <path>http://172.18.39.209:9000/aliimages1999999985/RGB200W_010102104301118_116446223363554564.jpg</path>
  <source>
    <database>Unknown</database>
  </source>
  <size>
    <width>642</width>
    <height>362</height>
    <depth>0</depth>
  </size>
  <segmented>0</segmented>
  <object>
    <name>sofa</name>
    <pose>Unspecified</pose>
    <truncated>0</truncated>
    <difficult>0</difficult>
    <bndbox>
      <xmin>175.91</xmin>
      <ymin>100.00</ymin>
      <xmax>325.91</xmax>
      <ymax>220.91</ymax>
    </bndbox>
  </object>
  <object>
    <name>dining_table</name>
    <pose>Unspecified</pose>
    <truncated>0</truncated>
    <difficult>0</difficult>
    <bndbox>
      <xmin>327.73</xmin>
      <ymin>75.91</ymin>
      <xmax>510.91</xmax>
      <ymax>220.00</ymax>
    </bndbox>
  </object>
  <object>
    <name>blanket</name>
    <pose>Unspecified</pose>
    <truncated>0</truncated>
    <difficult>0</difficult>
    <bndbox>
      <xmin>1.82</xmin>
      <ymin>143.64</ymin>
      <xmax>118.64</xmax>
      <ymax>266.82</ymax>
    </bndbox>
  </object>
  <object>
    <name>blanket</name>
    <pose>Unspecified</pose>
    <truncated>0</truncated>
    <difficult>0</difficult>
    <bndbox>
      <xmin>115.00</xmin>
      <ymin>190.00</ymin>
      <xmax>190.91</xmax>
      <ymax>216.82</ymax>
    </bndbox>
  </object>
</annotation>