<?xml version="1.0" encoding="UTF-8" ?>
<annotation>
  <folder>RGB200W_CRL9993I202006069999_1591690887130075.jpg</folder>
  <filename>RGB200W_CRL9993I202006069999_1591690887130075.jpg</filename>
  <path>http://172.18.39.209:9000/aliimages1999999965/RGB200W_CRL9993I202006069999_1591690887130075.jpg</path>
  <source>
    <database>Unknown</database>
  </source>
  <size>
    <width>642</width>
    <height>361</height>
    <depth>0</depth>
  </size>
  <segmented>0</segmented>
  <object>
    <name>slipper</name>
    <pose>Unspecified</pose>
    <truncated>0</truncated>
    <difficult>0</difficult>
    <bndbox>
      <xmin>80.91</xmin>
      <ymin>147.73</ymin>
      <xmax>255.45</xmax>
      <ymax>265.45</ymax>
    </bndbox>
  </object>
  <object>
    <name>dining_table</name>
    <pose>Unspecified</pose>
    <truncated>0</truncated>
    <difficult>0</difficult>
    <bndbox>
      <xmin>342.73</xmin>
      <ymin>74.09</ymin>
      <xmax>497.27</xmax>
      <ymax>185.91</ymax>
    </bndbox>
  </object>
  <object>
    <name>unknown</name>
    <pose>Unspecified</pose>
    <truncated>0</truncated>
    <difficult>0</difficult>
    <bndbox>
      <xmin>30.45</xmin>
      <ymin>0.00</ymin>
      <xmax>166.36</xmax>
      <ymax>147.27</ymax>
    </bndbox>
  </object>
</annotation>