<?xml version="1.0" encoding="UTF-8" ?>
<annotation>
  <folder>RGB200W_010102104221029_116448891838202035.jpg</folder>
  <filename>RGB200W_010102104221029_116448891838202035.jpg</filename>
  <path>http://172.18.39.209:9000/aliimages1999999985/RGB200W_010102104221029_116448891838202035.jpg</path>
  <source>
    <database>Unknown</database>
  </source>
  <size>
    <width>642</width>
    <height>362</height>
    <depth>0</depth>
  </size>
  <segmented>0</segmented>
  <object>
    <name>door_anno</name>
    <pose>Unspecified</pose>
    <truncated>0</truncated>
    <difficult>0</difficult>
    <bndbox>
      <xmin>63.64</xmin>
      <ymin>0.91</ymin>
      <xmax>273.64</xmax>
      <ymax>221.82</ymax>
    </bndbox>
  </object>
  <object>
    <name>refrigerator</name>
    <pose>Unspecified</pose>
    <truncated>0</truncated>
    <difficult>0</difficult>
    <bndbox>
      <xmin>20.00</xmin>
      <ymin>0.91</ymin>
      <xmax>98.64</xmax>
      <ymax>215.00</ymax>
    </bndbox>
  </object>
  <object>
    <name>dining_table</name>
    <pose>Unspecified</pose>
    <truncated>0</truncated>
    <difficult>0</difficult>
    <bndbox>
      <xmin>330.91</xmin>
      <ymin>0.91</ymin>
      <xmax>641.82</xmax>
      <ymax>235.00</ymax>
    </bndbox>
  </object>
</annotation>