<?xml version="1.0" encoding="UTF-8" ?>
<annotation>
  <folder>RGB200W_010102104301114_116446196613987064.jpg</folder>
  <filename>RGB200W_010102104301114_116446196613987064.jpg</filename>
  <path>http://172.18.39.209:9000/aliimages1999999985/RGB200W_010102104301114_116446196613987064.jpg</path>
  <source>
    <database>Unknown</database>
  </source>
  <size>
    <width>642</width>
    <height>362</height>
    <depth>0</depth>
  </size>
  <segmented>0</segmented>
  <object>
    <name>sofa</name>
    <pose>Unspecified</pose>
    <truncated>0</truncated>
    <difficult>0</difficult>
    <bndbox>
      <xmin>0.91</xmin>
      <ymin>18.64</ymin>
      <xmax>120.00</xmax>
      <ymax>221.82</ymax>
    </bndbox>
  </object>
  <object>
    <name>dining_table</name>
    <pose>Unspecified</pose>
    <truncated>0</truncated>
    <difficult>0</difficult>
    <bndbox>
      <xmin>185.91</xmin>
      <ymin>155.91</ymin>
      <xmax>265.91</xmax>
      <ymax>215.00</ymax>
    </bndbox>
  </object>
  <object>
    <name>door_anno</name>
    <pose>Unspecified</pose>
    <truncated>0</truncated>
    <difficult>0</difficult>
    <bndbox>
      <xmin>396.82</xmin>
      <ymin>70.91</ymin>
      <xmax>465.00</xmax>
      <ymax>210.00</ymax>
    </bndbox>
  </object>
  <object>
    <name>door_anno</name>
    <pose>Unspecified</pose>
    <truncated>0</truncated>
    <difficult>0</difficult>
    <bndbox>
      <xmin>471.82</xmin>
      <ymin>21.82</ymin>
      <xmax>561.82</xmax>
      <ymax>207.73</ymax>
    </bndbox>
  </object>
</annotation>