<?xml version="1.0" encoding="UTF-8" ?>
<annotation>
  <folder>20210918</folder>
  <filename>RGB200W_29984CRL30V00005304_1631947171_27044.jpg</filename>
  <path>http://172.18.39.209:9000/aliimages/20210918/RGB200W_29984CRL30V00005304_1631947171_27044.jpg</path>
  <source>
    <database>Unknown</database>
  </source>
  <size>
    <width>642</width>
    <height>362</height>
    <depth>0</depth>
  </size>
  <segmented>0</segmented>
  <object>
    <name>door_anno</name>
    <pose>Unspecified</pose>
    <truncated>0</truncated>
    <difficult>0</difficult>
    <bndbox>
      <xmin>615.00</xmin>
      <ymin>8.64</ymin>
      <xmax>616.36</xmax>
      <ymax>8.64</ymax>
    </bndbox>
  </object>
  <object>
    <name>door_anno</name>
    <pose>Unspecified</pose>
    <truncated>0</truncated>
    <difficult>0</difficult>
    <bndbox>
      <xmin>363.64</xmin>
      <ymin>-1.36</ymin>
      <xmax>641.82</xmax>
      <ymax>299.09</ymax>
    </bndbox>
  </object>
  <object>
    <name>dining_table</name>
    <pose>Unspecified</pose>
    <truncated>0</truncated>
    <difficult>0</difficult>
    <bndbox>
      <xmin>2.27</xmin>
      <ymin>90.00</ymin>
      <xmax>206.82</xmax>
      <ymax>216.82</ymax>
    </bndbox>
  </object>
</annotation>