<?xml version="1.0" encoding="UTF-8" ?>
<annotation>
  <folder>RGB200W_202006292027_116444768104806477.jpg</folder>
  <filename>RGB200W_202006292027_116444768104806477.jpg</filename>
  <path>http://172.18.39.209:9000/aliimages1999999990/RGB200W_202006292027_116444768104806477.jpg</path>
  <source>
    <database>Unknown</database>
  </source>
  <size>
    <width>642</width>
    <height>361</height>
    <depth>0</depth>
  </size>
  <segmented>0</segmented>
  <object>
    <name>dining_table</name>
    <pose>Unspecified</pose>
    <truncated>0</truncated>
    <difficult>0</difficult>
    <bndbox>
      <xmin>246.36</xmin>
      <ymin>81.36</ymin>
      <xmax>336.36</xmax>
      <ymax>198.18</ymax>
    </bndbox>
  </object>
  <object>
    <name>door_anno</name>
    <pose>Unspecified</pose>
    <truncated>0</truncated>
    <difficult>0</difficult>
    <bndbox>
      <xmin>337.27</xmin>
      <ymin>0.00</ymin>
      <xmax>641.82</xmax>
      <ymax>284.55</ymax>
    </bndbox>
  </object>
</annotation>