<?xml version="1.0" encoding="UTF-8" ?>
<annotation>
  <folder>RGB200W_277985927_116445978358151818.jpg</folder>
  <filename>RGB200W_277985927_116445978358151818.jpg</filename>
  <path>http://172.18.39.209:9000/aliimages1999999990/RGB200W_277985927_116445978358151818.jpg</path>
  <source>
    <database>Unknown</database>
  </source>
  <size>
    <width>642</width>
    <height>361</height>
    <depth>0</depth>
  </size>
  <segmented>0</segmented>
  <object>
    <name>dining_table</name>
    <pose>Unspecified</pose>
    <truncated>0</truncated>
    <difficult>0</difficult>
    <bndbox>
      <xmin>10.00</xmin>
      <ymin>54.09</ymin>
      <xmax>191.82</xmax>
      <ymax>197.27</ymax>
    </bndbox>
  </object>
  <object>
    <name>wire</name>
    <pose>Unspecified</pose>
    <truncated>0</truncated>
    <difficult>0</difficult>
    <bndbox>
      <xmin>296.36</xmin>
      <ymin>172.73</ymin>
      <xmax>311.36</xmax>
      <ymax>194.55</ymax>
    </bndbox>
  </object>
</annotation>