<?xml version="1.0" encoding="UTF-8" ?>
<annotation>
  <folder>RGB200W_277985943_116449806115558140.jpg</folder>
  <filename>RGB200W_277985943_116449806115558140.jpg</filename>
  <path>http://172.18.39.209:9000/aliimages1999999999/RGB200W_277985943_116449806115558140.jpg</path>
  <source>
    <database>Unknown</database>
  </source>
  <size>
    <width>642</width>
    <height>361</height>
    <depth>0</depth>
  </size>
  <segmented>0</segmented>
  <object>
    <name>dining_table</name>
    <pose>Unspecified</pose>
    <truncated>0</truncated>
    <difficult>0</difficult>
    <bndbox>
      <xmin>0.00</xmin>
      <ymin>98.64</ymin>
      <xmax>202.73</xmax>
      <ymax>252.27</ymax>
    </bndbox>
  </object>
  <object>
    <name>chair_base</name>
    <pose>Unspecified</pose>
    <truncated>0</truncated>
    <difficult>0</difficult>
    <bndbox>
      <xmin>404.55</xmin>
      <ymin>274.09</ymin>
      <xmax>582.27</xmax>
      <ymax>360.45</ymax>
    </bndbox>
  </object>
</annotation>