<?xml version="1.0" encoding="UTF-8" ?>
<annotation>
  <folder>RGB200W_CRL9993I202006069999_1594645403324581.jpg</folder>
  <filename>RGB200W_CRL9993I202006069999_1594645403324581.jpg</filename>
  <path>http://172.18.39.209:9000/aliimages2021122805/RGB200W_CRL9993I202006069999_1594645403324581.jpg</path>
  <source>
    <database>Unknown</database>
  </source>
  <size>
    <width>1920</width>
    <height>1079</height>
    <depth>0</depth>
  </size>
  <segmented>0</segmented>
  <object>
    <name>person_leg</name>
    <pose>Unspecified</pose>
    <truncated>0</truncated>
    <difficult>0</difficult>
    <bndbox>
      <xmin>0.00</xmin>
      <ymin>0.00</ymin>
      <xmax>324.89</xmax>
      <ymax>511.13</ymax>
    </bndbox>
  </object>
  <object>
    <name>shoe</name>
    <pose>Unspecified</pose>
    <truncated>0</truncated>
    <difficult>0</difficult>
    <bndbox>
      <xmin>886.32</xmin>
      <ymin>516.57</ymin>
      <xmax>1094.31</xmax>
      <ymax>660.66</ymax>
    </bndbox>
  </object>
  <object>
    <name>slipper</name>
    <pose>Unspecified</pose>
    <truncated>0</truncated>
    <difficult>0</difficult>
    <bndbox>
      <xmin>0.00</xmin>
      <ymin>515.21</ymin>
      <xmax>294.99</xmax>
      <ymax>649.79</ymax>
    </bndbox>
  </object>
  <object>
    <name>sofa</name>
    <pose>Unspecified</pose>
    <truncated>0</truncated>
    <difficult>0</difficult>
    <bndbox>
      <xmin>210.71</xmin>
      <ymin>176.72</ymin>
      <xmax>944.77</xmax>
      <ymax>603.57</ymax>
    </bndbox>
  </object>
  <object>
    <name>dining_table</name>
    <pose>Unspecified</pose>
    <truncated>0</truncated>
    <difficult>0</difficult>
    <bndbox>
      <xmin>1302.29</xmin>
      <ymin>403.74</ymin>
      <xmax>1647.58</xmax>
      <ymax>662.02</ymax>
    </bndbox>
  </object>
</annotation>