<?xml version="1.0" encoding="UTF-8" ?>
<annotation>
  <folder>RGB200W_29984_99999855_116444788316128116.jpg</folder>
  <filename>RGB200W_29984_99999855_116444788316128116.jpg</filename>
  <path>http://172.18.39.209:9000/aliimages1999999990/RGB200W_29984_99999855_116444788316128116.jpg</path>
  <source>
    <database>Unknown</database>
  </source>
  <size>
    <width>642</width>
    <height>362</height>
    <depth>0</depth>
  </size>
  <segmented>0</segmented>
  <object>
    <name>dining_table</name>
    <pose>Unspecified</pose>
    <truncated>0</truncated>
    <difficult>0</difficult>
    <bndbox>
      <xmin>288.64</xmin>
      <ymin>141.82</ymin>
      <xmax>350.00</xmax>
      <ymax>212.73</ymax>
    </bndbox>
  </object>
  <object>
    <name>sofa1</name>
    <pose>Unspecified</pose>
    <truncated>0</truncated>
    <difficult>0</difficult>
    <bndbox>
      <xmin>470.00</xmin>
      <ymin>0.91</ymin>
      <xmax>641.82</xmax>
      <ymax>232.73</ymax>
    </bndbox>
  </object>
  <object>
    <name>wire</name>
    <pose>Unspecified</pose>
    <truncated>0</truncated>
    <difficult>0</difficult>
    <bndbox>
      <xmin>457.73</xmin>
      <ymin>186.82</ymin>
      <xmax>487.73</xmax>
      <ymax>218.64</ymax>
    </bndbox>
  </object>
</annotation>