<?xml version="1.0" encoding="UTF-8" ?>
<annotation>
  <folder>RGB200W_277985933_116444885957411906.jpg</folder>
  <filename>RGB200W_277985933_116444885957411906.jpg</filename>
  <path>http://172.18.39.209:9000/aliimages1999999990/RGB200W_277985933_116444885957411906.jpg</path>
  <source>
    <database>Unknown</database>
  </source>
  <size>
    <width>642</width>
    <height>361</height>
    <depth>0</depth>
  </size>
  <segmented>0</segmented>
  <object>
    <name>blanket</name>
    <pose>Unspecified</pose>
    <truncated>0</truncated>
    <difficult>0</difficult>
    <bndbox>
      <xmin>310.91</xmin>
      <ymin>220.00</ymin>
      <xmax>467.73</xmax>
      <ymax>236.36</ymax>
    </bndbox>
  </object>
  <object>
    <name>door_anno</name>
    <pose>Unspecified</pose>
    <truncated>0</truncated>
    <difficult>0</difficult>
    <bndbox>
      <xmin>327.73</xmin>
      <ymin>0.00</ymin>
      <xmax>481.82</xmax>
      <ymax>238.64</ymax>
    </bndbox>
  </object>
  <object>
    <name>refrigerator</name>
    <pose>Unspecified</pose>
    <truncated>0</truncated>
    <difficult>0</difficult>
    <bndbox>
      <xmin>227.73</xmin>
      <ymin>85.00</ymin>
      <xmax>279.09</xmax>
      <ymax>219.09</ymax>
    </bndbox>
  </object>
  <object>
    <name>dining_table</name>
    <pose>Unspecified</pose>
    <truncated>0</truncated>
    <difficult>0</difficult>
    <bndbox>
      <xmin>0.00</xmin>
      <ymin>0.00</ymin>
      <xmax>237.73</xmax>
      <ymax>231.36</ymax>
    </bndbox>
  </object>
  <object>
    <name>chair_base</name>
    <pose>Unspecified</pose>
    <truncated>0</truncated>
    <difficult>0</difficult>
    <bndbox>
      <xmin>352.73</xmin>
      <ymin>162.73</ymin>
      <xmax>641.82</xmax>
      <ymax>328.64</ymax>
    </bndbox>
  </object>
</annotation>