<?xml version="1.0" encoding="UTF-8" ?>
<annotation>
  <folder>RGB200W_29984_99999607_116447326983661038-229.639_229.711_323.279_197.559_0.296_0.112_-0.146_0.054.jpg</folder>
  <filename>RGB200W_29984_99999607_116447326983661038-229.639_229.711_323.279_197.559_0.296_0.112_-0.146_0.054.jpg</filename>
  <path>http://172.18.39.209:9000/aliimages1999999982/RGB200W_29984_99999607_116447326983661038-229.639_229.711_323.279_197.559_0.296_0.112_-0.146_0.054.jpg</path>
  <source>
    <database>Unknown</database>
  </source>
  <size>
    <width>642</width>
    <height>362</height>
    <depth>0</depth>
  </size>
  <segmented>0</segmented>
  <object>
    <name>door_anno</name>
    <pose>Unspecified</pose>
    <truncated>0</truncated>
    <difficult>0</difficult>
    <bndbox>
      <xmin>390.91</xmin>
      <ymin>66.82</ymin>
      <xmax>455.91</xmax>
      <ymax>225.91</ymax>
    </bndbox>
  </object>
  <object>
    <name>door_anno</name>
    <pose>Unspecified</pose>
    <truncated>0</truncated>
    <difficult>0</difficult>
    <bndbox>
      <xmin>520.00</xmin>
      <ymin>7.73</ymin>
      <xmax>607.73</xmax>
      <ymax>226.82</ymax>
    </bndbox>
  </object>
  <object>
    <name>dining_table</name>
    <pose>Unspecified</pose>
    <truncated>0</truncated>
    <difficult>0</difficult>
    <bndbox>
      <xmin>95.91</xmin>
      <ymin>0.91</ymin>
      <xmax>635.00</xmax>
      <ymax>340.91</ymax>
    </bndbox>
  </object>
</annotation>