<?xml version="1.0" encoding="UTF-8" ?>
<annotation>
  <folder>RGB200W_CRL9993I202006069999_1594646487529622.jpg</folder>
  <filename>RGB200W_CRL9993I202006069999_1594646487529622.jpg</filename>
  <path>http://172.18.39.209:9000/aliimages1999999999/RGB200W_CRL9993I202006069999_1594646487529622.jpg</path>
  <source>
    <database>Unknown</database>
  </source>
  <size>
    <width>642</width>
    <height>361</height>
    <depth>0</depth>
  </size>
  <segmented>0</segmented>
  <object>
    <name>dining_table</name>
    <pose>Unspecified</pose>
    <truncated>0</truncated>
    <difficult>0</difficult>
    <bndbox>
      <xmin>27.73</xmin>
      <ymin>104.55</ymin>
      <xmax>196.82</xmax>
      <ymax>200.45</ymax>
    </bndbox>
  </object>
  <object>
    <name>TV_stand</name>
    <pose>Unspecified</pose>
    <truncated>0</truncated>
    <difficult>0</difficult>
    <bndbox>
      <xmin>258.64</xmin>
      <ymin>31.82</ymin>
      <xmax>641.82</xmax>
      <ymax>208.64</ymax>
    </bndbox>
  </object>
</annotation>