<?xml version="1.0" encoding="UTF-8" ?>
<annotation>
  <folder>RGB200W_202006292029_116444762473578938.jpg</folder>
  <filename>RGB200W_202006292029_116444762473578938.jpg</filename>
  <path>http://172.18.39.209:9000/aliimages1999999996/RGB200W_202006292029_116444762473578938.jpg</path>
  <source>
    <database>Unknown</database>
  </source>
  <size>
    <width>642</width>
    <height>361</height>
    <depth>0</depth>
  </size>
  <segmented>0</segmented>
  <object>
    <name>slipper</name>
    <pose>Unspecified</pose>
    <truncated>0</truncated>
    <difficult>0</difficult>
    <bndbox>
      <xmin>87.27</xmin>
      <ymin>201.36</ymin>
      <xmax>130.91</xmax>
      <ymax>219.55</ymax>
    </bndbox>
  </object>
  <object>
    <name>dining_table</name>
    <pose>Unspecified</pose>
    <truncated>0</truncated>
    <difficult>0</difficult>
    <bndbox>
      <xmin>330.00</xmin>
      <ymin>98.18</ymin>
      <xmax>495.91</xmax>
      <ymax>221.82</ymax>
    </bndbox>
  </object>
  <object>
    <name>sofa</name>
    <pose>Unspecified</pose>
    <truncated>0</truncated>
    <difficult>0</difficult>
    <bndbox>
      <xmin>0.00</xmin>
      <ymin>123.18</ymin>
      <xmax>179.55</xmax>
      <ymax>218.64</ymax>
    </bndbox>
  </object>
  <object>
    <name>refrigerator</name>
    <pose>Unspecified</pose>
    <truncated>0</truncated>
    <difficult>0</difficult>
    <bndbox>
      <xmin>518.18</xmin>
      <ymin>84.09</ymin>
      <xmax>579.09</xmax>
      <ymax>217.27</ymax>
    </bndbox>
  </object>
</annotation>