<?xml version="1.0" encoding="UTF-8" ?>
<annotation>
  <folder>RGB200W_29984_99999605_116445569669552392-229.257_229.400_329.021_183.950_0.297_0.110_-0.143_0.052.jpg</folder>
  <filename>RGB200W_29984_99999605_116445569669552392-229.257_229.400_329.021_183.950_0.297_0.110_-0.143_0.052.jpg</filename>
  <path>http://172.18.39.209:9000/aliimages1999999990/RGB200W_29984_99999605_116445569669552392-229.257_229.400_329.021_183.950_0.297_0.110_-0.143_0.052.jpg</path>
  <source>
    <database>Unknown</database>
  </source>
  <size>
    <width>642</width>
    <height>362</height>
    <depth>0</depth>
  </size>
  <segmented>0</segmented>
  <object>
    <name>dining_table</name>
    <pose>Unspecified</pose>
    <truncated>0</truncated>
    <difficult>0</difficult>
    <bndbox>
      <xmin>61.82</xmin>
      <ymin>68.64</ymin>
      <xmax>282.73</xmax>
      <ymax>213.64</ymax>
    </bndbox>
  </object>
</annotation>