<?xml version="1.0" encoding="UTF-8" ?>
<annotation>
  <folder>RGB200W_010102104301129_116445400363713878.jpg</folder>
  <filename>RGB200W_010102104301129_116445400363713878.jpg</filename>
  <path>http://172.18.39.209:9000/aliimages1999999985/RGB200W_010102104301129_116445400363713878.jpg</path>
  <source>
    <database>Unknown</database>
  </source>
  <size>
    <width>642</width>
    <height>362</height>
    <depth>0</depth>
  </size>
  <segmented>0</segmented>
  <object>
    <name>slipper</name>
    <pose>Unspecified</pose>
    <truncated>0</truncated>
    <difficult>0</difficult>
    <bndbox>
      <xmin>0.91</xmin>
      <ymin>178.64</ymin>
      <xmax>182.73</xmax>
      <ymax>263.64</ymax>
    </bndbox>
  </object>
  <object>
    <name>slipper</name>
    <pose>Unspecified</pose>
    <truncated>0</truncated>
    <difficult>0</difficult>
    <bndbox>
      <xmin>97.73</xmin>
      <ymin>177.73</ymin>
      <xmax>271.82</xmax>
      <ymax>246.82</ymax>
    </bndbox>
  </object>
  <object>
    <name>dining_table</name>
    <pose>Unspecified</pose>
    <truncated>0</truncated>
    <difficult>0</difficult>
    <bndbox>
      <xmin>321.82</xmin>
      <ymin>110.91</ymin>
      <xmax>463.64</xmax>
      <ymax>203.64</ymax>
    </bndbox>
  </object>
</annotation>