<?xml version="1.0" encoding="UTF-8" ?>
<annotation>
  <folder>RGB200W_29984_99999941_116446834642503041.jpg</folder>
  <filename>RGB200W_29984_99999941_116446834642503041.jpg</filename>
  <path>http://172.18.39.209:9000/aliimages1999999990/RGB200W_29984_99999941_116446834642503041.jpg</path>
  <source>
    <database>Unknown</database>
  </source>
  <size>
    <width>642</width>
    <height>362</height>
    <depth>0</depth>
  </size>
  <segmented>0</segmented>
  <object>
    <name>weight_scale</name>
    <pose>Unspecified</pose>
    <truncated>0</truncated>
    <difficult>0</difficult>
    <bndbox>
      <xmin>353.64</xmin>
      <ymin>200.91</ymin>
      <xmax>638.64</xmax>
      <ymax>337.73</ymax>
    </bndbox>
  </object>
  <object>
    <name>dining_table</name>
    <pose>Unspecified</pose>
    <truncated>0</truncated>
    <difficult>0</difficult>
    <bndbox>
      <xmin>12.73</xmin>
      <ymin>42.73</ymin>
      <xmax>265.91</xmax>
      <ymax>222.73</ymax>
    </bndbox>
  </object>
  <object>
    <name>wire</name>
    <pose>Unspecified</pose>
    <truncated>0</truncated>
    <difficult>0</difficult>
    <bndbox>
      <xmin>383.64</xmin>
      <ymin>137.73</ymin>
      <xmax>453.64</xmax>
      <ymax>221.82</ymax>
    </bndbox>
  </object>
</annotation>