<?xml version="1.0" encoding="UTF-8" ?>
<annotation>
  <folder>2021122703</folder>
  <filename>RGB200W_29984CRL30V00067442_1637387354_495.jpg</filename>
  <path>http://172.18.39.209:9000/aliimages/2021122703/RGB200W_29984CRL30V00067442_1637387354_495.jpg</path>
  <source>
    <database>Unknown</database>
  </source>
  <size>
    <width>642</width>
    <height>362</height>
    <depth>0</depth>
  </size>
  <segmented>0</segmented>
  <object>
    <name>refrigerator</name>
    <pose>Unspecified</pose>
    <truncated>0</truncated>
    <difficult>0</difficult>
    <bndbox>
      <xmin>281.36</xmin>
      <ymin>86.82</ymin>
      <xmax>352.73</xmax>
      <ymax>215.45</ymax>
    </bndbox>
  </object>
  <object>
    <name>trash_can</name>
    <pose>Unspecified</pose>
    <truncated>0</truncated>
    <difficult>0</difficult>
    <bndbox>
      <xmin>506.82</xmin>
      <ymin>172.27</ymin>
      <xmax>548.18</xmax>
      <ymax>213.18</ymax>
    </bndbox>
  </object>
  <object>
    <name>dining_table</name>
    <pose>Unspecified</pose>
    <truncated>0</truncated>
    <difficult>0</difficult>
    <bndbox>
      <xmin>384.55</xmin>
      <ymin>127.27</ymin>
      <xmax>551.82</xmax>
      <ymax>213.64</ymax>
    </bndbox>
  </object>
</annotation>