<?xml version="1.0" encoding="UTF-8" ?>
<annotation>
  <folder>2021122703</folder>
  <filename>RGB200W_29984CRL30V00067442_1637391164_7295.jpg</filename>
  <path>http://172.18.39.209:9000/aliimages/2021122703/RGB200W_29984CRL30V00067442_1637391164_7295.jpg</path>
  <source>
    <database>Unknown</database>
  </source>
  <size>
    <width>642</width>
    <height>362</height>
    <depth>0</depth>
  </size>
  <segmented>0</segmented>
  <object>
    <name>trash_can</name>
    <pose>Unspecified</pose>
    <truncated>0</truncated>
    <difficult>0</difficult>
    <bndbox>
      <xmin>421.36</xmin>
      <ymin>181.82</ymin>
      <xmax>461.36</xmax>
      <ymax>220.00</ymax>
    </bndbox>
  </object>
  <object>
    <name>refrigerator</name>
    <pose>Unspecified</pose>
    <truncated>0</truncated>
    <difficult>0</difficult>
    <bndbox>
      <xmin>106.82</xmin>
      <ymin>50.00</ymin>
      <xmax>223.18</xmax>
      <ymax>220.45</ymax>
    </bndbox>
  </object>
  <object>
    <name>dining_table</name>
    <pose>Unspecified</pose>
    <truncated>0</truncated>
    <difficult>0</difficult>
    <bndbox>
      <xmin>288.18</xmin>
      <ymin>130.45</ymin>
      <xmax>456.82</xmax>
      <ymax>215.45</ymax>
    </bndbox>
  </object>
  <object>
    <name>sofa</name>
    <pose>Unspecified</pose>
    <truncated>0</truncated>
    <difficult>0</difficult>
    <bndbox>
      <xmin>412.73</xmin>
      <ymin>159.09</ymin>
      <xmax>505.00</xmax>
      <ymax>218.18</ymax>
    </bndbox>
  </object>
</annotation>