<?xml version="1.0" encoding="UTF-8" ?>
<annotation>
  <folder>RGB200W_010102104221019_116453464653856444.jpg</folder>
  <filename>RGB200W_010102104221019_116453464653856444.jpg</filename>
  <path>http://172.18.39.209:9000/aliimages1999999985/RGB200W_010102104221019_116453464653856444.jpg</path>
  <source>
    <database>Unknown</database>
  </source>
  <size>
    <width>642</width>
    <height>362</height>
    <depth>0</depth>
  </size>
  <segmented>0</segmented>
  <object>
    <name>door_anno</name>
    <pose>Unspecified</pose>
    <truncated>0</truncated>
    <difficult>0</difficult>
    <bndbox>
      <xmin>260.91</xmin>
      <ymin>0.91</ymin>
      <xmax>445.00</xmax>
      <ymax>230.91</ymax>
    </bndbox>
  </object>
  <object>
    <name>dining_table</name>
    <pose>Unspecified</pose>
    <truncated>0</truncated>
    <difficult>0</difficult>
    <bndbox>
      <xmin>287.73</xmin>
      <ymin>137.73</ymin>
      <xmax>357.73</xmax>
      <ymax>212.73</ymax>
    </bndbox>
  </object>
  <object>
    <name>blanket</name>
    <pose>Unspecified</pose>
    <truncated>0</truncated>
    <difficult>0</difficult>
    <bndbox>
      <xmin>286.82</xmin>
      <ymin>211.82</ymin>
      <xmax>375.00</xmax>
      <ymax>220.00</ymax>
    </bndbox>
  </object>
</annotation>