<?xml version="1.0" encoding="UTF-8" ?>
<annotation>
  <folder>RGB200W_010102104221011_116445303483284411.jpg</folder>
  <filename>RGB200W_010102104221011_116445303483284411.jpg</filename>
  <path>http://172.18.39.209:9000/aliimages1999999985/RGB200W_010102104221011_116445303483284411.jpg</path>
  <source>
    <database>Unknown</database>
  </source>
  <size>
    <width>642</width>
    <height>362</height>
    <depth>0</depth>
  </size>
  <segmented>0</segmented>
  <object>
    <name>wire</name>
    <pose>Unspecified</pose>
    <truncated>0</truncated>
    <difficult>0</difficult>
    <bndbox>
      <xmin>390.00</xmin>
      <ymin>176.82</ymin>
      <xmax>468.64</xmax>
      <ymax>222.73</ymax>
    </bndbox>
  </object>
  <object>
    <name>charger</name>
    <pose>Unspecified</pose>
    <truncated>0</truncated>
    <difficult>0</difficult>
    <bndbox>
      <xmin>381.82</xmin>
      <ymin>202.73</ymin>
      <xmax>413.64</xmax>
      <ymax>221.82</ymax>
    </bndbox>
  </object>
  <object>
    <name>dining_table</name>
    <pose>Unspecified</pose>
    <truncated>0</truncated>
    <difficult>0</difficult>
    <bndbox>
      <xmin>452.73</xmin>
      <ymin>0.91</ymin>
      <xmax>641.82</xmax>
      <ymax>225.91</ymax>
    </bndbox>
  </object>
  <object>
    <name>slipper</name>
    <pose>Unspecified</pose>
    <truncated>0</truncated>
    <difficult>0</difficult>
    <bndbox>
      <xmin>248.64</xmin>
      <ymin>203.64</ymin>
      <xmax>282.73</xmax>
      <ymax>216.82</ymax>
    </bndbox>
  </object>
  <object>
    <name>door_anno</name>
    <pose>Unspecified</pose>
    <truncated>0</truncated>
    <difficult>0</difficult>
    <bndbox>
      <xmin>258.64</xmin>
      <ymin>85.91</ymin>
      <xmax>331.82</xmax>
      <ymax>215.00</ymax>
    </bndbox>
  </object>
</annotation>