<?xml version="1.0" encoding="UTF-8" ?>
<annotation>
  <folder>RGB200W_29984_99999913_116444854160103738.jpg</folder>
  <filename>RGB200W_29984_99999913_116444854160103738.jpg</filename>
  <path>http://172.18.39.209:9000/aliimages1999999990/RGB200W_29984_99999913_116444854160103738.jpg</path>
  <source>
    <database>Unknown</database>
  </source>
  <size>
    <width>642</width>
    <height>362</height>
    <depth>0</depth>
  </size>
  <segmented>0</segmented>
  <object>
    <name>refrigerator1</name>
    <pose>Unspecified</pose>
    <truncated>0</truncated>
    <difficult>0</difficult>
    <bndbox>
      <xmin>0.91</xmin>
      <ymin>0.91</ymin>
      <xmax>75.00</xmax>
      <ymax>207.73</ymax>
    </bndbox>
  </object>
  <object>
    <name>dining_table</name>
    <pose>Unspecified</pose>
    <truncated>0</truncated>
    <difficult>0</difficult>
    <bndbox>
      <xmin>417.73</xmin>
      <ymin>10.91</ymin>
      <xmax>641.82</xmax>
      <ymax>225.00</ymax>
    </bndbox>
  </object>
  <object>
    <name>slipper</name>
    <pose>Unspecified</pose>
    <truncated>0</truncated>
    <difficult>0</difficult>
    <bndbox>
      <xmin>341.82</xmin>
      <ymin>202.73</ymin>
      <xmax>351.82</xmax>
      <ymax>211.82</ymax>
    </bndbox>
  </object>
  <object>
    <name>slipper</name>
    <pose>Unspecified</pose>
    <truncated>0</truncated>
    <difficult>0</difficult>
    <bndbox>
      <xmin>325.91</xmin>
      <ymin>201.82</ymin>
      <xmax>341.82</xmax>
      <ymax>212.73</ymax>
    </bndbox>
  </object>
  <object>
    <name>shoe</name>
    <pose>Unspecified</pose>
    <truncated>0</truncated>
    <difficult>0</difficult>
    <bndbox>
      <xmin>316.82</xmin>
      <ymin>197.73</ymin>
      <xmax>328.64</xmax>
      <ymax>211.82</ymax>
    </bndbox>
  </object>
</annotation>