<?xml version="1.0" encoding="UTF-8" ?>
<annotation>
  <folder>RGB200W_277985947_116444746071329174.jpg</folder>
  <filename>RGB200W_277985947_116444746071329174.jpg</filename>
  <path>http://172.18.39.209:9000/aliimages1999999999/RGB200W_277985947_116444746071329174.jpg</path>
  <source>
    <database>Unknown</database>
  </source>
  <size>
    <width>642</width>
    <height>361</height>
    <depth>0</depth>
  </size>
  <segmented>0</segmented>
  <object>
    <name>sofa</name>
    <pose>Unspecified</pose>
    <truncated>0</truncated>
    <difficult>0</difficult>
    <bndbox>
      <xmin>0.00</xmin>
      <ymin>0.00</ymin>
      <xmax>258.64</xmax>
      <ymax>225.00</ymax>
    </bndbox>
  </object>
  <object>
    <name>dining_table</name>
    <pose>Unspecified</pose>
    <truncated>0</truncated>
    <difficult>0</difficult>
    <bndbox>
      <xmin>294.55</xmin>
      <ymin>127.73</ymin>
      <xmax>390.00</xmax>
      <ymax>210.45</ymax>
    </bndbox>
  </object>
</annotation>