<?xml version="1.0" encoding="UTF-8" ?>
<annotation>
  <folder>RGB200W_29984_99999468_116446166206121248.jpg</folder>
  <filename>RGB200W_29984_99999468_116446166206121248.jpg</filename>
  <path>http://172.18.39.209:9000/aliimages1999999999/RGB200W_29984_99999468_116446166206121248.jpg</path>
  <source>
    <database>Unknown</database>
  </source>
  <size>
    <width>642</width>
    <height>362</height>
    <depth>0</depth>
  </size>
  <segmented>0</segmented>
  <object>
    <name>dining_table</name>
    <pose>Unspecified</pose>
    <truncated>0</truncated>
    <difficult>0</difficult>
    <bndbox>
      <xmin>277.73</xmin>
      <ymin>130.00</ymin>
      <xmax>382.73</xmax>
      <ymax>220.91</ymax>
    </bndbox>
  </object>
  <object>
    <name>sofa</name>
    <pose>Unspecified</pose>
    <truncated>0</truncated>
    <difficult>0</difficult>
    <bndbox>
      <xmin>435.91</xmin>
      <ymin>146.82</ymin>
      <xmax>586.82</xmax>
      <ymax>220.91</ymax>
    </bndbox>
  </object>
  <object>
    <name>cupboard</name>
    <pose>Unspecified</pose>
    <truncated>0</truncated>
    <difficult>0</difficult>
    <bndbox>
      <xmin>100.91</xmin>
      <ymin>117.73</ymin>
      <xmax>221.82</xmax>
      <ymax>218.64</ymax>
    </bndbox>
  </object>
</annotation>