<?xml version="1.0" encoding="UTF-8" ?>
<annotation>
  <folder>RGB200W_CRL9993I202006069999_1594645541516262.jpg</folder>
  <filename>RGB200W_CRL9993I202006069999_1594645541516262.jpg</filename>
  <path>http://172.18.39.209:9000/aliimages1999999996/RGB200W_CRL9993I202006069999_1594645541516262.jpg</path>
  <source>
    <database>Unknown</database>
  </source>
  <size>
    <width>642</width>
    <height>361</height>
    <depth>0</depth>
  </size>
  <segmented>0</segmented>
  <object>
    <name>dining_table</name>
    <pose>Unspecified</pose>
    <truncated>0</truncated>
    <difficult>0</difficult>
    <bndbox>
      <xmin>324.09</xmin>
      <ymin>119.55</ymin>
      <xmax>450.45</xmax>
      <ymax>200.45</ymax>
    </bndbox>
  </object>
  <object>
    <name>sofa</name>
    <pose>Unspecified</pose>
    <truncated>0</truncated>
    <difficult>0</difficult>
    <bndbox>
      <xmin>0.00</xmin>
      <ymin>0.00</ymin>
      <xmax>200.91</xmax>
      <ymax>207.27</ymax>
    </bndbox>
  </object>
  <object>
    <name>refrigerator</name>
    <pose>Unspecified</pose>
    <truncated>0</truncated>
    <difficult>0</difficult>
    <bndbox>
      <xmin>201.82</xmin>
      <ymin>106.36</ymin>
      <xmax>244.09</xmax>
      <ymax>201.36</ymax>
    </bndbox>
  </object>
</annotation>