<?xml version="1.0" encoding="UTF-8" ?>
<annotation>
  <folder>RGB200W_202006292030_116444749139697868.jpg</folder>
  <filename>RGB200W_202006292030_116444749139697868.jpg</filename>
  <path>http://172.18.39.209:9000/aliimages1999999996/RGB200W_202006292030_116444749139697868.jpg</path>
  <source>
    <database>Unknown</database>
  </source>
  <size>
    <width>642</width>
    <height>361</height>
    <depth>0</depth>
  </size>
  <segmented>0</segmented>
  <object>
    <name>refrigerator</name>
    <pose>Unspecified</pose>
    <truncated>0</truncated>
    <difficult>0</difficult>
    <bndbox>
      <xmin>502.27</xmin>
      <ymin>0.00</ymin>
      <xmax>599.09</xmax>
      <ymax>194.55</ymax>
    </bndbox>
  </object>
  <object>
    <name>dining_table</name>
    <pose>Unspecified</pose>
    <truncated>0</truncated>
    <difficult>0</difficult>
    <bndbox>
      <xmin>280.45</xmin>
      <ymin>69.09</ymin>
      <xmax>432.73</xmax>
      <ymax>198.18</ymax>
    </bndbox>
  </object>
</annotation>