<?xml version="1.0" encoding="UTF-8" ?>
<annotation>
  <folder>RGB200W_29984_99999875_116444758321205630.jpg</folder>
  <filename>RGB200W_29984_99999875_116444758321205630.jpg</filename>
  <path>http://172.18.39.209:9000/aliimages1999999982/RGB200W_29984_99999875_116444758321205630.jpg</path>
  <source>
    <database>Unknown</database>
  </source>
  <size>
    <width>642</width>
    <height>362</height>
    <depth>0</depth>
  </size>
  <segmented>0</segmented>
  <object>
    <name>metal_chair_foot</name>
    <pose>Unspecified</pose>
    <truncated>0</truncated>
    <difficult>0</difficult>
    <bndbox>
      <xmin>410.00</xmin>
      <ymin>216.82</ymin>
      <xmax>570.91</xmax>
      <ymax>240.91</ymax>
    </bndbox>
  </object>
  <object>
    <name>metal_chair_foot</name>
    <pose>Unspecified</pose>
    <truncated>0</truncated>
    <difficult>0</difficult>
    <bndbox>
      <xmin>422.73</xmin>
      <ymin>213.64</ymin>
      <xmax>472.73</xmax>
      <ymax>232.73</ymax>
    </bndbox>
  </object>
  <object>
    <name>metal_chair_foot</name>
    <pose>Unspecified</pose>
    <truncated>0</truncated>
    <difficult>0</difficult>
    <bndbox>
      <xmin>416.82</xmin>
      <ymin>215.91</ymin>
      <xmax>443.64</xmax>
      <ymax>227.73</ymax>
    </bndbox>
  </object>
  <object>
    <name>metal_chair_foot</name>
    <pose>Unspecified</pose>
    <truncated>0</truncated>
    <difficult>0</difficult>
    <bndbox>
      <xmin>70.00</xmin>
      <ymin>215.91</ymin>
      <xmax>145.91</xmax>
      <ymax>238.64</ymax>
    </bndbox>
  </object>
  <object>
    <name>dining_table</name>
    <pose>Unspecified</pose>
    <truncated>0</truncated>
    <difficult>0</difficult>
    <bndbox>
      <xmin>67.73</xmin>
      <ymin>0.91</ymin>
      <xmax>568.64</xmax>
      <ymax>240.00</ymax>
    </bndbox>
  </object>
</annotation>