<?xml version="1.0" encoding="UTF-8" ?>
<annotation>
  <folder>RGB200W_202006292030_116444738853386088.jpg</folder>
  <filename>RGB200W_202006292030_116444738853386088.jpg</filename>
  <path>http://172.18.39.209:9000/aliimages2021122805/RGB200W_202006292030_116444738853386088.jpg</path>
  <source>
    <database>Unknown</database>
  </source>
  <size>
    <width>1920</width>
    <height>1079</height>
    <depth>0</depth>
  </size>
  <segmented>0</segmented>
  <object>
    <name>cupboard</name>
    <pose>Unspecified</pose>
    <truncated>0</truncated>
    <difficult>0</difficult>
    <bndbox>
      <xmin>0.00</xmin>
      <ymin>0.00</ymin>
      <xmax>855.06</xmax>
      <ymax>628.04</ymax>
    </bndbox>
  </object>
  <object>
    <name>dining_table</name>
    <pose>Unspecified</pose>
    <truncated>0</truncated>
    <difficult>0</difficult>
    <bndbox>
      <xmin>893.12</xmin>
      <ymin>373.83</ymin>
      <xmax>1111.98</xmax>
      <ymax>592.69</ymax>
    </bndbox>
  </object>
</annotation>