<?xml version="1.0" encoding="UTF-8" ?>
<annotation>
  <folder>RGB200W_CRL9993I202006069999_1594646605698666.jpg</folder>
  <filename>RGB200W_CRL9993I202006069999_1594646605698666.jpg</filename>
  <path>http://172.18.39.209:9000/aliimages1999999990/RGB200W_CRL9993I202006069999_1594646605698666.jpg</path>
  <source>
    <database>Unknown</database>
  </source>
  <size>
    <width>642</width>
    <height>361</height>
    <depth>0</depth>
  </size>
  <segmented>0</segmented>
  <object>
    <name>dining_table</name>
    <pose>Unspecified</pose>
    <truncated>0</truncated>
    <difficult>0</difficult>
    <bndbox>
      <xmin>139.09</xmin>
      <ymin>96.82</ymin>
      <xmax>318.64</xmax>
      <ymax>213.64</ymax>
    </bndbox>
  </object>
  <object>
    <name>cupboard</name>
    <pose>Unspecified</pose>
    <truncated>0</truncated>
    <difficult>0</difficult>
    <bndbox>
      <xmin>322.27</xmin>
      <ymin>152.27</ymin>
      <xmax>400.00</xmax>
      <ymax>207.27</ymax>
    </bndbox>
  </object>
  <object>
    <name>wire</name>
    <pose>Unspecified</pose>
    <truncated>0</truncated>
    <difficult>0</difficult>
    <bndbox>
      <xmin>303.64</xmin>
      <ymin>160.91</ymin>
      <xmax>314.09</xmax>
      <ymax>179.09</ymax>
    </bndbox>
  </object>
</annotation>