<?xml version="1.0" encoding="UTF-8" ?>
<annotation>
  <folder>RGB200W_010102104221028_116446875400299055.jpg</folder>
  <filename>RGB200W_010102104221028_116446875400299055.jpg</filename>
  <path>http://172.18.39.209:9000/aliimages1999999985/RGB200W_010102104221028_116446875400299055.jpg</path>
  <source>
    <database>Unknown</database>
  </source>
  <size>
    <width>642</width>
    <height>362</height>
    <depth>0</depth>
  </size>
  <segmented>0</segmented>
  <object>
    <name>blanket</name>
    <pose>Unspecified</pose>
    <truncated>0</truncated>
    <difficult>0</difficult>
    <bndbox>
      <xmin>233.64</xmin>
      <ymin>223.64</ymin>
      <xmax>641.82</xmax>
      <ymax>286.82</ymax>
    </bndbox>
  </object>
  <object>
    <name>dining_table</name>
    <pose>Unspecified</pose>
    <truncated>0</truncated>
    <difficult>0</difficult>
    <bndbox>
      <xmin>206.82</xmin>
      <ymin>60.00</ymin>
      <xmax>435.00</xmax>
      <ymax>230.91</ymax>
    </bndbox>
  </object>
</annotation>