<?xml version="1.0" encoding="UTF-8" ?>
<annotation>
  <folder>RGB200W_CRL9993I202006069999_1594645598127607.jpg</folder>
  <filename>RGB200W_CRL9993I202006069999_1594645598127607.jpg</filename>
  <path>http://172.18.39.209:9000/aliimages1999999990/RGB200W_CRL9993I202006069999_1594645598127607.jpg</path>
  <source>
    <database>Unknown</database>
  </source>
  <size>
    <width>642</width>
    <height>361</height>
    <depth>0</depth>
  </size>
  <segmented>0</segmented>
  <object>
    <name>dining_table</name>
    <pose>Unspecified</pose>
    <truncated>0</truncated>
    <difficult>0</difficult>
    <bndbox>
      <xmin>258.18</xmin>
      <ymin>105.45</ymin>
      <xmax>348.64</xmax>
      <ymax>183.18</ymax>
    </bndbox>
  </object>
</annotation>