<?xml version="1.0" encoding="UTF-8" ?>
<annotation>
  <folder>RGB200W_29984_99999941_116450940715398726-227.179_227.230_327.607_190.117_0.288_0.098_-0.107_0.027.jpg</folder>
  <filename>RGB200W_29984_99999941_116450940715398726-227.179_227.230_327.607_190.117_0.288_0.098_-0.107_0.027.jpg</filename>
  <path>http://172.18.39.209:9000/aliimages1999999990/RGB200W_29984_99999941_116450940715398726-227.179_227.230_327.607_190.117_0.288_0.098_-0.107_0.027.jpg</path>
  <source>
    <database>Unknown</database>
  </source>
  <size>
    <width>642</width>
    <height>362</height>
    <depth>0</depth>
  </size>
  <segmented>0</segmented>
  <object>
    <name>weight_scale</name>
    <pose>Unspecified</pose>
    <truncated>0</truncated>
    <difficult>0</difficult>
    <bndbox>
      <xmin>185.00</xmin>
      <ymin>218.64</ymin>
      <xmax>468.64</xmax>
      <ymax>282.73</ymax>
    </bndbox>
  </object>
  <object>
    <name>dining_table</name>
    <pose>Unspecified</pose>
    <truncated>0</truncated>
    <difficult>0</difficult>
    <bndbox>
      <xmin>1.82</xmin>
      <ymin>25.91</ymin>
      <xmax>290.00</xmax>
      <ymax>222.73</ymax>
    </bndbox>
  </object>
  <object>
    <name>wire</name>
    <pose>Unspecified</pose>
    <truncated>0</truncated>
    <difficult>0</difficult>
    <bndbox>
      <xmin>406.82</xmin>
      <ymin>170.00</ymin>
      <xmax>435.91</xmax>
      <ymax>215.91</ymax>
    </bndbox>
  </object>
</annotation>