<?xml version="1.0" encoding="UTF-8" ?>
<annotation>
  <folder>RGB200W_29984_99999875_116444940576270374.jpg</folder>
  <filename>RGB200W_29984_99999875_116444940576270374.jpg</filename>
  <path>http://172.18.39.209:9000/aliimages1999999982/RGB200W_29984_99999875_116444940576270374.jpg</path>
  <source>
    <database>Unknown</database>
  </source>
  <size>
    <width>642</width>
    <height>362</height>
    <depth>0</depth>
  </size>
  <segmented>0</segmented>
  <object>
    <name>metal_chair_foot</name>
    <pose>Unspecified</pose>
    <truncated>0</truncated>
    <difficult>0</difficult>
    <bndbox>
      <xmin>382.73</xmin>
      <ymin>205.00</ymin>
      <xmax>470.00</xmax>
      <ymax>236.82</ymax>
    </bndbox>
  </object>
  <object>
    <name>metal_chair_foot</name>
    <pose>Unspecified</pose>
    <truncated>0</truncated>
    <difficult>0</difficult>
    <bndbox>
      <xmin>382.73</xmin>
      <ymin>205.91</ymin>
      <xmax>540.91</xmax>
      <ymax>256.82</ymax>
    </bndbox>
  </object>
  <object>
    <name>metal_chair_foot</name>
    <pose>Unspecified</pose>
    <truncated>0</truncated>
    <difficult>0</difficult>
    <bndbox>
      <xmin>412.73</xmin>
      <ymin>211.82</ymin>
      <xmax>570.00</xmax>
      <ymax>238.64</ymax>
    </bndbox>
  </object>
  <object>
    <name>dining_table</name>
    <pose>Unspecified</pose>
    <truncated>0</truncated>
    <difficult>0</difficult>
    <bndbox>
      <xmin>0.91</xmin>
      <ymin>0.91</ymin>
      <xmax>568.64</xmax>
      <ymax>262.73</ymax>
    </bndbox>
  </object>
</annotation>