<?xml version="1.0" encoding="UTF-8" ?>
<annotation>
  <folder>RGB200W_010102104221014_116446277764793782.jpg</folder>
  <filename>RGB200W_010102104221014_116446277764793782.jpg</filename>
  <path>http://172.18.39.209:9000/aliimages1999999985/RGB200W_010102104221014_116446277764793782.jpg</path>
  <source>
    <database>Unknown</database>
  </source>
  <size>
    <width>642</width>
    <height>362</height>
    <depth>0</depth>
  </size>
  <segmented>0</segmented>
  <object>
    <name>TV_stand</name>
    <pose>Unspecified</pose>
    <truncated>0</truncated>
    <difficult>0</difficult>
    <bndbox>
      <xmin>400.91</xmin>
      <ymin>45.00</ymin>
      <xmax>641.82</xmax>
      <ymax>230.00</ymax>
    </bndbox>
  </object>
  <object>
    <name>dining_table</name>
    <pose>Unspecified</pose>
    <truncated>0</truncated>
    <difficult>0</difficult>
    <bndbox>
      <xmin>60.00</xmin>
      <ymin>130.91</ymin>
      <xmax>221.82</xmax>
      <ymax>220.00</ymax>
    </bndbox>
  </object>
</annotation>