<?xml version="1.0" encoding="UTF-8" ?>
<annotation>
  <folder>RGB200W_29984_99999875_116444825666783077.jpg</folder>
  <filename>RGB200W_29984_99999875_116444825666783077.jpg</filename>
  <path>http://172.18.39.209:9000/aliimages1999999982/RGB200W_29984_99999875_116444825666783077.jpg</path>
  <source>
    <database>Unknown</database>
  </source>
  <size>
    <width>642</width>
    <height>362</height>
    <depth>0</depth>
  </size>
  <segmented>0</segmented>
  <object>
    <name>metal_chair_foot</name>
    <pose>Unspecified</pose>
    <truncated>0</truncated>
    <difficult>0</difficult>
    <bndbox>
      <xmin>552.73</xmin>
      <ymin>211.82</ymin>
      <xmax>607.73</xmax>
      <ymax>232.73</ymax>
    </bndbox>
  </object>
  <object>
    <name>metal_chair_foot</name>
    <pose>Unspecified</pose>
    <truncated>0</truncated>
    <difficult>0</difficult>
    <bndbox>
      <xmin>483.64</xmin>
      <ymin>208.64</ymin>
      <xmax>548.64</xmax>
      <ymax>232.73</ymax>
    </bndbox>
  </object>
  <object>
    <name>dining_table</name>
    <pose>Unspecified</pose>
    <truncated>0</truncated>
    <difficult>0</difficult>
    <bndbox>
      <xmin>286.82</xmin>
      <ymin>27.73</ymin>
      <xmax>608.64</xmax>
      <ymax>233.64</ymax>
    </bndbox>
  </object>
  <object>
    <name>door_anno</name>
    <pose>Unspecified</pose>
    <truncated>0</truncated>
    <difficult>0</difficult>
    <bndbox>
      <xmin>71.82</xmin>
      <ymin>41.82</ymin>
      <xmax>168.64</xmax>
      <ymax>230.00</ymax>
    </bndbox>
  </object>
</annotation>