<?xml version="1.0" encoding="UTF-8" ?>
<annotation>
  <folder>RGB200W_CRL9993I202006069999_1594645345870763.jpg</folder>
  <filename>RGB200W_CRL9993I202006069999_1594645345870763.jpg</filename>
  <path>http://172.18.39.209:9000/aliimages1999999999/RGB200W_CRL9993I202006069999_1594645345870763.jpg</path>
  <source>
    <database>Unknown</database>
  </source>
  <size>
    <width>642</width>
    <height>361</height>
    <depth>0</depth>
  </size>
  <segmented>0</segmented>
  <object>
    <name>refrigerator</name>
    <pose>Unspecified</pose>
    <truncated>0</truncated>
    <difficult>0</difficult>
    <bndbox>
      <xmin>184.55</xmin>
      <ymin>60.91</ymin>
      <xmax>284.55</xmax>
      <ymax>223.18</ymax>
    </bndbox>
  </object>
  <object>
    <name>dining_table</name>
    <pose>Unspecified</pose>
    <truncated>0</truncated>
    <difficult>0</difficult>
    <bndbox>
      <xmin>137.27</xmin>
      <ymin>0.00</ymin>
      <xmax>641.82</xmax>
      <ymax>300.00</ymax>
    </bndbox>
  </object>
  <object>
    <name>slipper</name>
    <pose>Unspecified</pose>
    <truncated>0</truncated>
    <difficult>0</difficult>
    <bndbox>
      <xmin>588.18</xmin>
      <ymin>185.00</ymin>
      <xmax>641.82</xmax>
      <ymax>292.27</ymax>
    </bndbox>
  </object>
</annotation>