<?xml version="1.0" encoding="UTF-8" ?>
<annotation>
  <folder>2021122702</folder>
  <filename>RGB200W_29984CRL30V00066807_1637377736_1358.jpg</filename>
  <path>http://172.18.39.209:9000/aliimages/2021122702/RGB200W_29984CRL30V00066807_1637377736_1358.jpg</path>
  <source>
    <database>Unknown</database>
  </source>
  <size>
    <width>642</width>
    <height>362</height>
    <depth>0</depth>
  </size>
  <segmented>0</segmented>
  <object>
    <name>dining_table</name>
    <pose>Unspecified</pose>
    <truncated>0</truncated>
    <difficult>0</difficult>
    <bndbox>
      <xmin>250.00</xmin>
      <ymin>70.91</ymin>
      <xmax>555.00</xmax>
      <ymax>218.18</ymax>
    </bndbox>
  </object>
  <object>
    <name>wire</name>
    <pose>Unspecified</pose>
    <truncated>0</truncated>
    <difficult>0</difficult>
    <bndbox>
      <xmin>210.91</xmin>
      <ymin>132.27</ymin>
      <xmax>266.82</xmax>
      <ymax>177.73</ymax>
    </bndbox>
  </object>
  <object>
    <name>charger</name>
    <pose>Unspecified</pose>
    <truncated>0</truncated>
    <difficult>0</difficult>
    <bndbox>
      <xmin>166.82</xmin>
      <ymin>186.36</ymin>
      <xmax>210.91</xmax>
      <ymax>214.09</ymax>
    </bndbox>
  </object>
  <object>
    <name>door_anno</name>
    <pose>Unspecified</pose>
    <truncated>0</truncated>
    <difficult>0</difficult>
    <bndbox>
      <xmin>2.73</xmin>
      <ymin>-0.91</ymin>
      <xmax>73.64</xmax>
      <ymax>200.45</ymax>
    </bndbox>
  </object>
  <object>
    <name>refrigerator</name>
    <pose>Unspecified</pose>
    <truncated>0</truncated>
    <difficult>0</difficult>
    <bndbox>
      <xmin>464.55</xmin>
      <ymin>80.00</ymin>
      <xmax>525.45</xmax>
      <ymax>214.55</ymax>
    </bndbox>
  </object>
</annotation>