<?xml version="1.0" encoding="UTF-8" ?>
<annotation>
  <folder>RGB200W_202006292031_116444755224336937.jpg</folder>
  <filename>RGB200W_202006292031_116444755224336937.jpg</filename>
  <path>http://172.18.39.209:9000/aliimages1999999999/RGB200W_202006292031_116444755224336937.jpg</path>
  <source>
    <database>Unknown</database>
  </source>
  <size>
    <width>642</width>
    <height>361</height>
    <depth>0</depth>
  </size>
  <segmented>0</segmented>
  <object>
    <name>dining_table</name>
    <pose>Unspecified</pose>
    <truncated>0</truncated>
    <difficult>0</difficult>
    <bndbox>
      <xmin>203.18</xmin>
      <ymin>53.18</ymin>
      <xmax>320.91</xmax>
      <ymax>187.73</ymax>
    </bndbox>
  </object>
</annotation>