<?xml version="1.0" encoding="UTF-8" ?>
<annotation>
  <folder>RGB200W_CRL9993I202006069999_1594646380817923.jpg</folder>
  <filename>RGB200W_CRL9993I202006069999_1594646380817923.jpg</filename>
  <path>http://172.18.39.209:9000/aliimages1999999983/RGB200W_CRL9993I202006069999_1594646380817923.jpg</path>
  <source>
    <database>Unknown</database>
  </source>
  <size>
    <width>642</width>
    <height>361</height>
    <depth>0</depth>
  </size>
  <segmented>0</segmented>
  <object>
    <name>chair_base</name>
    <pose>Unspecified</pose>
    <truncated>0</truncated>
    <difficult>0</difficult>
    <bndbox>
      <xmin>259.09</xmin>
      <ymin>185.91</ymin>
      <xmax>333.64</xmax>
      <ymax>207.27</ymax>
    </bndbox>
  </object>
  <object>
    <name>dining_table</name>
    <pose>Unspecified</pose>
    <truncated>0</truncated>
    <difficult>0</difficult>
    <bndbox>
      <xmin>309.55</xmin>
      <ymin>10.00</ymin>
      <xmax>641.82</xmax>
      <ymax>209.55</ymax>
    </bndbox>
  </object>
</annotation>