<?xml version="1.0" encoding="UTF-8" ?>
<annotation>
  <folder>RGB200W_29984_99999415_116445175127750407.jpg</folder>
  <filename>RGB200W_29984_99999415_116445175127750407.jpg</filename>
  <path>http://172.18.39.209:9000/aliimages1999999990/RGB200W_29984_99999415_116445175127750407.jpg</path>
  <source>
    <database>Unknown</database>
  </source>
  <size>
    <width>642</width>
    <height>362</height>
    <depth>0</depth>
  </size>
  <segmented>0</segmented>
  <object>
    <name>dining_table</name>
    <pose>Unspecified</pose>
    <truncated>0</truncated>
    <difficult>0</difficult>
    <bndbox>
      <xmin>120.91</xmin>
      <ymin>0.91</ymin>
      <xmax>560.00</xmax>
      <ymax>235.00</ymax>
    </bndbox>
  </object>
  <object>
    <name>TV_stand</name>
    <pose>Unspecified</pose>
    <truncated>0</truncated>
    <difficult>0</difficult>
    <bndbox>
      <xmin>70.91</xmin>
      <ymin>182.73</ymin>
      <xmax>177.73</xmax>
      <ymax>221.82</ymax>
    </bndbox>
  </object>
</annotation>