<?xml version="1.0" encoding="UTF-8" ?>
<annotation>
  <folder>RGB200W_CRL9993I202006069999_1591691608116116.jpg</folder>
  <filename>RGB200W_CRL9993I202006069999_1591691608116116.jpg</filename>
  <path>http://172.18.39.209:9000/aliimages1999999990/RGB200W_CRL9993I202006069999_1591691608116116.jpg</path>
  <source>
    <database>Unknown</database>
  </source>
  <size>
    <width>642</width>
    <height>361</height>
    <depth>0</depth>
  </size>
  <segmented>0</segmented>
  <object>
    <name>dining_table</name>
    <pose>Unspecified</pose>
    <truncated>0</truncated>
    <difficult>0</difficult>
    <bndbox>
      <xmin>170.00</xmin>
      <ymin>125.45</ymin>
      <xmax>256.36</xmax>
      <ymax>185.00</ymax>
    </bndbox>
  </object>
  <object>
    <name>slipper</name>
    <pose>Unspecified</pose>
    <truncated>0</truncated>
    <difficult>0</difficult>
    <bndbox>
      <xmin>260.45</xmin>
      <ymin>45.45</ymin>
      <xmax>317.73</xmax>
      <ymax>96.36</ymax>
    </bndbox>
  </object>
</annotation>