<?xml version="1.0" encoding="UTF-8" ?>
<annotation>
  <folder>19700101-102721right_calibration_UP20210809.jpg</folder>
  <filename>19700101-102721right_calibration_UP20210809.jpg</filename>
  <path>http://172.18.39.209:9000/aliimages1999999975/19700101-102721right_calibration_UP20210809.jpg</path>
  <source>
    <database>Unknown</database>
  </source>
  <size>
    <width>642</width>
    <height>362</height>
    <depth>0</depth>
  </size>
  <segmented>0</segmented>
  <object>
    <name>plastic_toy</name>
    <pose>Unspecified</pose>
    <truncated>0</truncated>
    <difficult>0</difficult>
    <bndbox>
      <xmin>217.73</xmin>
      <ymin>102.73</ymin>
      <xmax>373.64</xmax>
      <ymax>242.73</ymax>
    </bndbox>
  </object>
  <object>
    <name>unknown</name>
    <pose>Unspecified</pose>
    <truncated>0</truncated>
    <difficult>0</difficult>
    <bndbox>
      <xmin>475.00</xmin>
      <ymin>0.00</ymin>
      <xmax>640.91</xmax>
      <ymax>222.73</ymax>
    </bndbox>
  </object>
  <object>
    <name>cupboard</name>
    <pose>Unspecified</pose>
    <truncated>0</truncated>
    <difficult>0</difficult>
    <bndbox>
      <xmin>0.00</xmin>
      <ymin>0.00</ymin>
      <xmax>440.00</xmax>
      <ymax>235.00</ymax>
    </bndbox>
  </object>
</annotation>