<?xml version="1.0" encoding="UTF-8" ?>
<annotation>
  <folder>2021080601</folder>
  <filename>19700101-101008right_calibration_UP20210809.jpg</filename>
  <path>http://172.18.39.209:9000/aliimages/2021080601/19700101-101008right_calibration_UP20210809.jpg</path>
  <source>
    <database>Unknown</database>
  </source>
  <size>
    <width>642</width>
    <height>362</height>
    <depth>0</depth>
  </size>
  <segmented>0</segmented>
  <object>
    <name>plastic_toy</name>
    <pose>Unspecified</pose>
    <truncated>0</truncated>
    <difficult>0</difficult>
    <bndbox>
      <xmin>567.27</xmin>
      <ymin>143.18</ymin>
      <xmax>642.73</xmax>
      <ymax>192.27</ymax>
    </bndbox>
  </object>
  <object>
    <name>plastic_toy</name>
    <pose>Unspecified</pose>
    <truncated>0</truncated>
    <difficult>0</difficult>
    <bndbox>
      <xmin>188.18</xmin>
      <ymin>126.36</ymin>
      <xmax>466.82</xmax>
      <ymax>298.18</ymax>
    </bndbox>
  </object>
  <object>
    <name>TV_stand</name>
    <pose>Unspecified</pose>
    <truncated>0</truncated>
    <difficult>0</difficult>
    <bndbox>
      <xmin>454.55</xmin>
      <ymin>176.36</ymin>
      <xmax>554.09</xmax>
      <ymax>200.00</ymax>
    </bndbox>
  </object>
  <object>
    <name>cupboard1</name>
    <pose>Unspecified</pose>
    <truncated>0</truncated>
    <difficult>0</difficult>
    <bndbox>
      <xmin>0.00</xmin>
      <ymin>1.36</ymin>
      <xmax>97.27</xmax>
      <ymax>228.64</ymax>
    </bndbox>
  </object>
</annotation>