<?xml version="1.0" encoding="UTF-8" ?>
<annotation>
  <folder>19700101-104324right_calibration_UP20210809.jpg</folder>
  <filename>19700101-104324right_calibration_UP20210809.jpg</filename>
  <path>http://172.18.39.209:9000/aliimages1999999975/19700101-104324right_calibration_UP20210809.jpg</path>
  <source>
    <database>Unknown</database>
  </source>
  <size>
    <width>642</width>
    <height>362</height>
    <depth>0</depth>
  </size>
  <segmented>0</segmented>
  <object>
    <name>plastic_toy</name>
    <pose>Unspecified</pose>
    <truncated>0</truncated>
    <difficult>0</difficult>
    <bndbox>
      <xmin>351.82</xmin>
      <ymin>1.82</ymin>
      <xmax>540.00</xmax>
      <ymax>303.64</ymax>
    </bndbox>
  </object>
  <object>
    <name>cupboard</name>
    <pose>Unspecified</pose>
    <truncated>0</truncated>
    <difficult>0</difficult>
    <bndbox>
      <xmin>300.91</xmin>
      <ymin>-0.91</ymin>
      <xmax>641.82</xmax>
      <ymax>271.82</ymax>
    </bndbox>
  </object>
  <object>
    <name>wire</name>
    <pose>Unspecified</pose>
    <truncated>0</truncated>
    <difficult>0</difficult>
    <bndbox>
      <xmin>276.82</xmin>
      <ymin>7.73</ymin>
      <xmax>312.73</xmax>
      <ymax>31.82</ymax>
    </bndbox>
  </object>
</annotation>