<?xml version="1.0" encoding="UTF-8" ?>
<annotation>
  <folder>19700101-101651right_calibration_UP20210809.jpg</folder>
  <filename>19700101-101651right_calibration_UP20210809.jpg</filename>
  <path>http://172.18.39.209:9000/aliimages1999999975/19700101-101651right_calibration_UP20210809.jpg</path>
  <source>
    <database>Unknown</database>
  </source>
  <size>
    <width>642</width>
    <height>362</height>
    <depth>0</depth>
  </size>
  <segmented>0</segmented>
  <object>
    <name>plastic_toy</name>
    <pose>Unspecified</pose>
    <truncated>0</truncated>
    <difficult>0</difficult>
    <bndbox>
      <xmin>317.73</xmin>
      <ymin>164.55</ymin>
      <xmax>416.82</xmax>
      <ymax>228.64</ymax>
    </bndbox>
  </object>
  <object>
    <name>unknown</name>
    <pose>Unspecified</pose>
    <truncated>0</truncated>
    <difficult>0</difficult>
    <bndbox>
      <xmin>323.64</xmin>
      <ymin>0.00</ymin>
      <xmax>420.00</xmax>
      <ymax>215.00</ymax>
    </bndbox>
  </object>
  <object>
    <name>cupboard</name>
    <pose>Unspecified</pose>
    <truncated>0</truncated>
    <difficult>0</difficult>
    <bndbox>
      <xmin>0.00</xmin>
      <ymin>0.00</ymin>
      <xmax>247.73</xmax>
      <ymax>271.82</ymax>
    </bndbox>
  </object>
  <object>
    <name>TV_stand</name>
    <pose>Unspecified</pose>
    <truncated>0</truncated>
    <difficult>0</difficult>
    <bndbox>
      <xmin>452.73</xmin>
      <ymin>180.91</ymin>
      <xmax>532.73</xmax>
      <ymax>203.64</ymax>
    </bndbox>
  </object>
</annotation>