<?xml version="1.0" encoding="UTF-8" ?>
<annotation>
  <folder>19700101-111338right_calibration_UP20210809.jpg</folder>
  <filename>19700101-111338right_calibration_UP20210809.jpg</filename>
  <path>http://172.18.39.209:9000/aliimages1999999975/19700101-111338right_calibration_UP20210809.jpg</path>
  <source>
    <database>Unknown</database>
  </source>
  <size>
    <width>642</width>
    <height>362</height>
    <depth>0</depth>
  </size>
  <segmented>0</segmented>
  <object>
    <name>plastic_toy</name>
    <pose>Unspecified</pose>
    <truncated>0</truncated>
    <difficult>0</difficult>
    <bndbox>
      <xmin>340.91</xmin>
      <ymin>157.73</ymin>
      <xmax>435.91</xmax>
      <ymax>238.64</ymax>
    </bndbox>
  </object>
  <object>
    <name>plastic_toy</name>
    <pose>Unspecified</pose>
    <truncated>0</truncated>
    <difficult>0</difficult>
    <bndbox>
      <xmin>526.82</xmin>
      <ymin>15.00</ymin>
      <xmax>641.82</xmax>
      <ymax>230.91</ymax>
    </bndbox>
  </object>
  <object>
    <name>unknown</name>
    <pose>Unspecified</pose>
    <truncated>0</truncated>
    <difficult>0</difficult>
    <bndbox>
      <xmin>372.73</xmin>
      <ymin>-0.91</ymin>
      <xmax>507.73</xmax>
      <ymax>220.91</ymax>
    </bndbox>
  </object>
  <object>
    <name>cupboard</name>
    <pose>Unspecified</pose>
    <truncated>0</truncated>
    <difficult>0</difficult>
    <bndbox>
      <xmin>0.00</xmin>
      <ymin>0.00</ymin>
      <xmax>326.82</xmax>
      <ymax>242.73</ymax>
    </bndbox>
  </object>
</annotation>