<?xml version="1.0" encoding="UTF-8" ?>
<annotation>
  <folder>2021080601</folder>
  <filename>19700101-111247right_calibration_UP20210809.jpg</filename>
  <path>http://172.18.39.209:9000/aliimages/2021080601/19700101-111247right_calibration_UP20210809.jpg</path>
  <source>
    <database>Unknown</database>
  </source>
  <size>
    <width>642</width>
    <height>362</height>
    <depth>0</depth>
  </size>
  <segmented>0</segmented>
  <object>
    <name>refrigerator1</name>
    <pose>Unspecified</pose>
    <truncated>0</truncated>
    <difficult>0</difficult>
    <bndbox>
      <xmin>565.45</xmin>
      <ymin>0.45</ymin>
      <xmax>641.36</xmax>
      <ymax>218.18</ymax>
    </bndbox>
  </object>
  <object>
    <name>cupboard</name>
    <pose>Unspecified</pose>
    <truncated>0</truncated>
    <difficult>0</difficult>
    <bndbox>
      <xmin>0.45</xmin>
      <ymin>0.91</ymin>
      <xmax>511.82</xmax>
      <ymax>251.36</ymax>
    </bndbox>
  </object>
  <object>
    <name>plastic_toy</name>
    <pose>Unspecified</pose>
    <truncated>0</truncated>
    <difficult>0</difficult>
    <bndbox>
      <xmin>73.64</xmin>
      <ymin>143.18</ymin>
      <xmax>294.09</xmax>
      <ymax>282.73</ymax>
    </bndbox>
  </object>
</annotation>