<?xml version="1.0" encoding="UTF-8" ?>
<annotation>
  <folder>2021080601</folder>
  <filename>19700101-105825right_calibration_UP20210809.jpg</filename>
  <path>http://172.18.39.209:9000/aliimages/2021080601/19700101-105825right_calibration_UP20210809.jpg</path>
  <source>
    <database>Unknown</database>
  </source>
  <size>
    <width>642</width>
    <height>362</height>
    <depth>0</depth>
  </size>
  <segmented>0</segmented>
  <object>
    <name>plastic_toy</name>
    <pose>Unspecified</pose>
    <truncated>0</truncated>
    <difficult>0</difficult>
    <bndbox>
      <xmin>334.55</xmin>
      <ymin>97.73</ymin>
      <xmax>465.00</xmax>
      <ymax>240.45</ymax>
    </bndbox>
  </object>
  <object>
    <name>cupboard</name>
    <pose>Unspecified</pose>
    <truncated>0</truncated>
    <difficult>0</difficult>
    <bndbox>
      <xmin>-0.91</xmin>
      <ymin>0.45</ymin>
      <xmax>423.64</xmax>
      <ymax>275.91</ymax>
    </bndbox>
  </object>
  <object>
    <name>refrigerator1</name>
    <pose>Unspecified</pose>
    <truncated>0</truncated>
    <difficult>0</difficult>
    <bndbox>
      <xmin>499.55</xmin>
      <ymin>0.00</ymin>
      <xmax>641.82</xmax>
      <ymax>227.27</ymax>
    </bndbox>
  </object>
</annotation>