<?xml version="1.0" encoding="UTF-8" ?>
<annotation>
  <folder>2021080601</folder>
  <filename>19700101-102914right_calibration_UP20210809.jpg</filename>
  <path>http://172.18.39.209:9000/aliimages/2021080601/19700101-102914right_calibration_UP20210809.jpg</path>
  <source>
    <database>Unknown</database>
  </source>
  <size>
    <width>642</width>
    <height>362</height>
    <depth>0</depth>
  </size>
  <segmented>0</segmented>
  <object>
    <name>plastic_toy</name>
    <pose>Unspecified</pose>
    <truncated>0</truncated>
    <difficult>0</difficult>
    <bndbox>
      <xmin>305.91</xmin>
      <ymin>92.27</ymin>
      <xmax>640.91</xmax>
      <ymax>284.55</ymax>
    </bndbox>
  </object>
  <object>
    <name>cupboard1</name>
    <pose>Unspecified</pose>
    <truncated>0</truncated>
    <difficult>0</difficult>
    <bndbox>
      <xmin>0.45</xmin>
      <ymin>0.00</ymin>
      <xmax>641.36</xmax>
      <ymax>234.09</ymax>
    </bndbox>
  </object>
</annotation>