<?xml version="1.0" encoding="UTF-8" ?>
<annotation>
  <folder>19700101-110747right_calibration_UP20210809.jpg</folder>
  <filename>19700101-110747right_calibration_UP20210809.jpg</filename>
  <path>http://172.18.39.209:9000/aliimages1999999975/19700101-110747right_calibration_UP20210809.jpg</path>
  <source>
    <database>Unknown</database>
  </source>
  <size>
    <width>642</width>
    <height>362</height>
    <depth>0</depth>
  </size>
  <segmented>0</segmented>
  <object>
    <name>cupboard</name>
    <pose>Unspecified</pose>
    <truncated>0</truncated>
    <difficult>0</difficult>
    <bndbox>
      <xmin>0.91</xmin>
      <ymin>0.00</ymin>
      <xmax>290.00</xmax>
      <ymax>267.73</ymax>
    </bndbox>
  </object>
  <object>
    <name>unknown</name>
    <pose>Unspecified</pose>
    <truncated>0</truncated>
    <difficult>0</difficult>
    <bndbox>
      <xmin>335.00</xmin>
      <ymin>10.00</ymin>
      <xmax>404.55</xmax>
      <ymax>215.91</ymax>
    </bndbox>
  </object>
</annotation>