<?xml version="1.0" encoding="UTF-8" ?>
<annotation>
  <folder>RGB100W_CRL9993I202006069999_1591692039486852.jpg</folder>
  <filename>RGB100W_CRL9993I202006069999_1591692039486852.jpg</filename>
  <path>http://172.18.39.209:9000/aliimages1999999990/RGB100W_CRL9993I202006069999_1591692039486852.jpg</path>
  <source>
    <database>Unknown</database>
  </source>
  <size>
    <width>642</width>
    <height>361</height>
    <depth>0</depth>
  </size>
  <segmented>0</segmented>
  <object>
    <name>shoe</name>
    <pose>Unspecified</pose>
    <truncated>0</truncated>
    <difficult>0</difficult>
    <bndbox>
      <xmin>147.73</xmin>
      <ymin>139.09</ymin>
      <xmax>317.73</xmax>
      <ymax>222.27</ymax>
    </bndbox>
  </object>
  <object>
    <name>dining_table</name>
    <pose>Unspecified</pose>
    <truncated>0</truncated>
    <difficult>0</difficult>
    <bndbox>
      <xmin>30.45</xmin>
      <ymin>0.45</ymin>
      <xmax>370.91</xmax>
      <ymax>197.27</ymax>
    </bndbox>
  </object>
  <object>
    <name>cupboard</name>
    <pose>Unspecified</pose>
    <truncated>0</truncated>
    <difficult>0</difficult>
    <bndbox>
      <xmin>351.36</xmin>
      <ymin>115.91</ymin>
      <xmax>418.18</xmax>
      <ymax>190.45</ymax>
    </bndbox>
  </object>
  <object>
    <name>refrigerator</name>
    <pose>Unspecified</pose>
    <truncated>0</truncated>
    <difficult>0</difficult>
    <bndbox>
      <xmin>507.73</xmin>
      <ymin>0.91</ymin>
      <xmax>610.00</xmax>
      <ymax>189.55</ymax>
    </bndbox>
  </object>
</annotation>