<?xml version="1.0" encoding="UTF-8" ?>
<annotation>
  <folder>RGB100W_202006292023_116446423921672118.jpg</folder>
  <filename>RGB100W_202006292023_116446423921672118.jpg</filename>
  <path>http://172.18.39.209:9000/aliimages2021122805/RGB100W_202006292023_116446423921672118.jpg</path>
  <source>
    <database>Unknown</database>
  </source>
  <size>
    <width>1280</width>
    <height>719</height>
    <depth>0</depth>
  </size>
  <segmented>0</segmented>
  <object>
    <name>person_leg</name>
    <pose>Unspecified</pose>
    <truncated>0</truncated>
    <difficult>0</difficult>
    <bndbox>
      <xmin>88.81</xmin>
      <ymin>0.91</ymin>
      <xmax>213.88</xmax>
      <ymax>422.32</ymax>
    </bndbox>
  </object>
  <object>
    <name>person_leg</name>
    <pose>Unspecified</pose>
    <truncated>0</truncated>
    <difficult>0</difficult>
    <bndbox>
      <xmin>201.19</xmin>
      <ymin>0.91</ymin>
      <xmax>339.85</xmax>
      <ymax>367.94</ymax>
    </bndbox>
  </object>
  <object>
    <name>slipper</name>
    <pose>Unspecified</pose>
    <truncated>0</truncated>
    <difficult>0</difficult>
    <bndbox>
      <xmin>235.63</xmin>
      <ymin>369.75</ymin>
      <xmax>373.38</xmax>
      <ymax>427.75</ymax>
    </bndbox>
  </object>
  <object>
    <name>cupboard</name>
    <pose>Unspecified</pose>
    <truncated>0</truncated>
    <difficult>0</difficult>
    <bndbox>
      <xmin>315.38</xmin>
      <ymin>0.91</ymin>
      <xmax>1279.64</xmax>
      <ymax>492.10</ymax>
    </bndbox>
  </object>
</annotation>