<?xml version="1.0" encoding="UTF-8" ?>
<annotation>
  <folder>20210501</folder>
  <filename>RGB100W_542500000127_116459249862484134.jpg</filename>
  <path>http://172.18.39.209:9000/aliimages/20210501/RGB100W_542500000127_116459249862484134.jpg</path>
  <source>
    <database>Unknown</database>
  </source>
  <size>
    <width>640</width>
    <height>360</height>
    <depth>0</depth>
  </size>
  <segmented>0</segmented>
  <object>
    <name>cupboard</name>
    <pose>Unspecified</pose>
    <truncated>0</truncated>
    <difficult>0</difficult>
    <bndbox>
      <xmin>178.64</xmin>
      <ymin>8.64</ymin>
      <xmax>459.09</xmax>
      <ymax>174.55</ymax>
    </bndbox>
  </object>
</annotation>