<?xml version="1.0" encoding="UTF-8" ?>
<annotation>
  <folder>RGB100W_CRL9993I202006069999_1591606884402949.jpg</folder>
  <filename>RGB100W_CRL9993I202006069999_1591606884402949.jpg</filename>
  <path>http://172.18.39.209:9000/aliimages1999999984/RGB100W_CRL9993I202006069999_1591606884402949.jpg</path>
  <source>
    <database>Unknown</database>
  </source>
  <size>
    <width>642</width>
    <height>361</height>
    <depth>0</depth>
  </size>
  <segmented>0</segmented>
  <object>
    <name>sofa</name>
    <pose>Unspecified</pose>
    <truncated>0</truncated>
    <difficult>0</difficult>
    <bndbox>
      <xmin>296.36</xmin>
      <ymin>0.45</ymin>
      <xmax>641.82</xmax>
      <ymax>206.36</ymax>
    </bndbox>
  </object>
  <object>
    <name>cat</name>
    <pose>Unspecified</pose>
    <truncated>0</truncated>
    <difficult>0</difficult>
    <bndbox>
      <xmin>27.27</xmin>
      <ymin>115.00</ymin>
      <xmax>180.00</xmax>
      <ymax>209.55</ymax>
    </bndbox>
  </object>
  <object>
    <name>cupboard</name>
    <pose>Unspecified</pose>
    <truncated>0</truncated>
    <difficult>0</difficult>
    <bndbox>
      <xmin>47.73</xmin>
      <ymin>0.45</ymin>
      <xmax>305.91</xmax>
      <ymax>205.45</ymax>
    </bndbox>
  </object>
</annotation>