<?xml version="1.0" encoding="UTF-8" ?>
<annotation>
  <folder>RGB100W_CRL9993I202006069999_1591607492185550.jpg</folder>
  <filename>RGB100W_CRL9993I202006069999_1591607492185550.jpg</filename>
  <path>http://172.18.39.209:9000/aliimages2021122805/RGB100W_CRL9993I202006069999_1591607492185550.jpg</path>
  <source>
    <database>Unknown</database>
  </source>
  <size>
    <width>1280</width>
    <height>719</height>
    <depth>0</depth>
  </size>
  <segmented>0</segmented>
  <object>
    <name>person_leg</name>
    <pose>Unspecified</pose>
    <truncated>0</truncated>
    <difficult>0</difficult>
    <bndbox>
      <xmin>778.48</xmin>
      <ymin>199.38</ymin>
      <xmax>818.35</xmax>
      <ymax>281.85</ymax>
    </bndbox>
  </object>
  <object>
    <name>person_leg</name>
    <pose>Unspecified</pose>
    <truncated>0</truncated>
    <difficult>0</difficult>
    <bndbox>
      <xmin>848.26</xmin>
      <ymin>214.78</ymin>
      <xmax>889.95</xmax>
      <ymax>302.69</ymax>
    </bndbox>
  </object>
  <object>
    <name>dining_table</name>
    <pose>Unspecified</pose>
    <truncated>0</truncated>
    <difficult>0</difficult>
    <bndbox>
      <xmin>971.51</xmin>
      <ymin>57.09</ymin>
      <xmax>1279.64</xmax>
      <ymax>328.97</ymax>
    </bndbox>
  </object>
  <object>
    <name>cupboard</name>
    <pose>Unspecified</pose>
    <truncated>0</truncated>
    <difficult>0</difficult>
    <bndbox>
      <xmin>883.60</xmin>
      <ymin>216.60</ymin>
      <xmax>962.45</xmax>
      <ymax>316.28</ymax>
    </bndbox>
  </object>
  <object>
    <name>person</name>
    <pose>Unspecified</pose>
    <truncated>0</truncated>
    <difficult>0</difficult>
    <bndbox>
      <xmin>751.29</xmin>
      <ymin>0.91</ymin>
      <xmax>922.57</xmax>
      <ymax>328.97</ymax>
    </bndbox>
  </object>
  <object>
    <name>tea_table1</name>
    <pose>Unspecified</pose>
    <truncated>0</truncated>
    <difficult>0</difficult>
    <bndbox>
      <xmin>5.44</xmin>
      <ymin>4.53</ymin>
      <xmax>548.29</xmax>
      <ymax>338.03</ymax>
    </bndbox>
  </object>
</annotation>