<?xml version="1.0" encoding="UTF-8" ?>
<annotation>
  <folder>RGB100W_CRL9993I202006069999_1591606889835846.jpg</folder>
  <filename>RGB100W_CRL9993I202006069999_1591606889835846.jpg</filename>
  <path>http://172.18.39.209:9000/aliimages1999999984/RGB100W_CRL9993I202006069999_1591606889835846.jpg</path>
  <source>
    <database>Unknown</database>
  </source>
  <size>
    <width>642</width>
    <height>361</height>
    <depth>0</depth>
  </size>
  <segmented>0</segmented>
  <object>
    <name>sofa</name>
    <pose>Unspecified</pose>
    <truncated>0</truncated>
    <difficult>0</difficult>
    <bndbox>
      <xmin>407.73</xmin>
      <ymin>27.73</ymin>
      <xmax>641.82</xmax>
      <ymax>168.64</ymax>
    </bndbox>
  </object>
  <object>
    <name>wire</name>
    <pose>Unspecified</pose>
    <truncated>0</truncated>
    <difficult>0</difficult>
    <bndbox>
      <xmin>470.91</xmin>
      <ymin>188.64</ymin>
      <xmax>545.91</xmax>
      <ymax>206.36</ymax>
    </bndbox>
  </object>
  <object>
    <name>cat</name>
    <pose>Unspecified</pose>
    <truncated>0</truncated>
    <difficult>0</difficult>
    <bndbox>
      <xmin>284.55</xmin>
      <ymin>52.27</ymin>
      <xmax>474.55</xmax>
      <ymax>215.00</ymax>
    </bndbox>
  </object>
  <object>
    <name>cupboard</name>
    <pose>Unspecified</pose>
    <truncated>0</truncated>
    <difficult>0</difficult>
    <bndbox>
      <xmin>187.27</xmin>
      <ymin>0.45</ymin>
      <xmax>395.45</xmax>
      <ymax>201.82</ymax>
    </bndbox>
  </object>
</annotation>