<?xml version="1.0" encoding="UTF-8" ?>
<annotation>
  <folder>RGB100W_CRL9993I202006069999_1591606882926876.jpg</folder>
  <filename>RGB100W_CRL9993I202006069999_1591606882926876.jpg</filename>
  <path>http://172.18.39.209:9000/aliimages1999999990/RGB100W_CRL9993I202006069999_1591606882926876.jpg</path>
  <source>
    <database>Unknown</database>
  </source>
  <size>
    <width>642</width>
    <height>361</height>
    <depth>0</depth>
  </size>
  <segmented>0</segmented>
  <object>
    <name>cat</name>
    <pose>Unspecified</pose>
    <truncated>0</truncated>
    <difficult>0</difficult>
    <bndbox>
      <xmin>327.27</xmin>
      <ymin>127.73</ymin>
      <xmax>471.36</xmax>
      <ymax>205.45</ymax>
    </bndbox>
  </object>
  <object>
    <name>cupboard</name>
    <pose>Unspecified</pose>
    <truncated>0</truncated>
    <difficult>0</difficult>
    <bndbox>
      <xmin>105.91</xmin>
      <ymin>7.27</ymin>
      <xmax>293.18</xmax>
      <ymax>201.36</ymax>
    </bndbox>
  </object>
  <object>
    <name>chair_base</name>
    <pose>Unspecified</pose>
    <truncated>0</truncated>
    <difficult>0</difficult>
    <bndbox>
      <xmin>44.09</xmin>
      <ymin>166.36</ymin>
      <xmax>187.73</xmax>
      <ymax>209.09</ymax>
    </bndbox>
  </object>
  <object>
    <name>wire</name>
    <pose>Unspecified</pose>
    <truncated>0</truncated>
    <difficult>0</difficult>
    <bndbox>
      <xmin>315.45</xmin>
      <ymin>194.55</ymin>
      <xmax>331.36</xmax>
      <ymax>200.91</ymax>
    </bndbox>
  </object>
  <object>
    <name>wire</name>
    <pose>Unspecified</pose>
    <truncated>0</truncated>
    <difficult>0</difficult>
    <bndbox>
      <xmin>304.09</xmin>
      <ymin>103.64</ymin>
      <xmax>312.73</xmax>
      <ymax>136.82</ymax>
    </bndbox>
  </object>
  <object>
    <name>wire</name>
    <pose>Unspecified</pose>
    <truncated>0</truncated>
    <difficult>0</difficult>
    <bndbox>
      <xmin>295.91</xmin>
      <ymin>107.27</ymin>
      <xmax>302.73</xmax>
      <ymax>143.64</ymax>
    </bndbox>
  </object>
  <object>
    <name>wire</name>
    <pose>Unspecified</pose>
    <truncated>0</truncated>
    <difficult>0</difficult>
    <bndbox>
      <xmin>298.18</xmin>
      <ymin>24.55</ymin>
      <xmax>313.18</xmax>
      <ymax>70.91</ymax>
    </bndbox>
  </object>
  <object>
    <name>sofa</name>
    <pose>Unspecified</pose>
    <truncated>0</truncated>
    <difficult>0</difficult>
    <bndbox>
      <xmin>296.82</xmin>
      <ymin>50.91</ymin>
      <xmax>558.64</xmax>
      <ymax>199.55</ymax>
    </bndbox>
  </object>
</annotation>