<?xml version="1.0" encoding="UTF-8" ?>
<annotation>
  <folder>RGB100W_CRL9993I202006069999_1591607491323196.jpg</folder>
  <filename>RGB100W_CRL9993I202006069999_1591607491323196.jpg</filename>
  <path>http://172.18.39.209:9000/aliimages1999999990/RGB100W_CRL9993I202006069999_1591607491323196.jpg</path>
  <source>
    <database>Unknown</database>
  </source>
  <size>
    <width>642</width>
    <height>361</height>
    <depth>0</depth>
  </size>
  <segmented>0</segmented>
  <object>
    <name>slipper</name>
    <pose>Unspecified</pose>
    <truncated>0</truncated>
    <difficult>0</difficult>
    <bndbox>
      <xmin>585.91</xmin>
      <ymin>163.18</ymin>
      <xmax>641.82</xmax>
      <ymax>198.18</ymax>
    </bndbox>
  </object>
  <object>
    <name>slipper</name>
    <pose>Unspecified</pose>
    <truncated>0</truncated>
    <difficult>0</difficult>
    <bndbox>
      <xmin>515.45</xmin>
      <ymin>161.82</ymin>
      <xmax>563.64</xmax>
      <ymax>197.27</ymax>
    </bndbox>
  </object>
  <object>
    <name>cat</name>
    <pose>Unspecified</pose>
    <truncated>0</truncated>
    <difficult>0</difficult>
    <bndbox>
      <xmin>348.64</xmin>
      <ymin>50.91</ymin>
      <xmax>590.00</xmax>
      <ymax>214.09</ymax>
    </bndbox>
  </object>
  <object>
    <name>sofa</name>
    <pose>Unspecified</pose>
    <truncated>0</truncated>
    <difficult>0</difficult>
    <bndbox>
      <xmin>405.45</xmin>
      <ymin>21.36</ymin>
      <xmax>641.82</xmax>
      <ymax>144.55</ymax>
    </bndbox>
  </object>
  <object>
    <name>cupboard1</name>
    <pose>Unspecified</pose>
    <truncated>0</truncated>
    <difficult>0</difficult>
    <bndbox>
      <xmin>185.91</xmin>
      <ymin>0.45</ymin>
      <xmax>416.36</xmax>
      <ymax>205.00</ymax>
    </bndbox>
  </object>
</annotation>