<?xml version="1.0" encoding="UTF-8" ?>
<annotation>
  <folder>RGB100W_CRL9993I202006069999_1591607489264607.jpg</folder>
  <filename>RGB100W_CRL9993I202006069999_1591607489264607.jpg</filename>
  <path>http://172.18.39.209:9000/aliimages1999999996/RGB100W_CRL9993I202006069999_1591607489264607.jpg</path>
  <source>
    <database>Unknown</database>
  </source>
  <size>
    <width>642</width>
    <height>361</height>
    <depth>0</depth>
  </size>
  <segmented>0</segmented>
  <object>
    <name>dog</name>
    <pose>Unspecified</pose>
    <truncated>0</truncated>
    <difficult>0</difficult>
    <bndbox>
      <xmin>207.73</xmin>
      <ymin>66.82</ymin>
      <xmax>296.36</xmax>
      <ymax>203.18</ymax>
    </bndbox>
  </object>
  <object>
    <name>chair_base</name>
    <pose>Unspecified</pose>
    <truncated>0</truncated>
    <difficult>0</difficult>
    <bndbox>
      <xmin>51.36</xmin>
      <ymin>167.73</ymin>
      <xmax>158.64</xmax>
      <ymax>197.73</ymax>
    </bndbox>
  </object>
  <object>
    <name>sofa</name>
    <pose>Unspecified</pose>
    <truncated>0</truncated>
    <difficult>0</difficult>
    <bndbox>
      <xmin>289.55</xmin>
      <ymin>49.09</ymin>
      <xmax>583.64</xmax>
      <ymax>197.27</ymax>
    </bndbox>
  </object>
  <object>
    <name>cupboard</name>
    <pose>Unspecified</pose>
    <truncated>0</truncated>
    <difficult>0</difficult>
    <bndbox>
      <xmin>137.73</xmin>
      <ymin>35.45</ymin>
      <xmax>286.36</xmax>
      <ymax>195.45</ymax>
    </bndbox>
  </object>
  <object>
    <name>wire</name>
    <pose>Unspecified</pose>
    <truncated>0</truncated>
    <difficult>0</difficult>
    <bndbox>
      <xmin>305.91</xmin>
      <ymin>37.27</ymin>
      <xmax>338.18</xmax>
      <ymax>86.82</ymax>
    </bndbox>
  </object>
</annotation>