<?xml version="1.0" encoding="UTF-8" ?>
<annotation>
  <folder>RGB100W_277985938_116445610878078080.jpg</folder>
  <filename>RGB100W_277985938_116445610878078080.jpg</filename>
  <path>http://172.18.39.209:9000/aliimages1999999996/RGB100W_277985938_116445610878078080.jpg</path>
  <source>
    <database>Unknown</database>
  </source>
  <size>
    <width>642</width>
    <height>361</height>
    <depth>0</depth>
  </size>
  <segmented>0</segmented>
  <object>
    <name>socks</name>
    <pose>Unspecified</pose>
    <truncated>0</truncated>
    <difficult>0</difficult>
    <bndbox>
      <xmin>148.18</xmin>
      <ymin>160.45</ymin>
      <xmax>390.91</xmax>
      <ymax>204.55</ymax>
    </bndbox>
  </object>
  <object>
    <name>refrigerator</name>
    <pose>Unspecified</pose>
    <truncated>0</truncated>
    <difficult>0</difficult>
    <bndbox>
      <xmin>34.55</xmin>
      <ymin>0.45</ymin>
      <xmax>119.09</xmax>
      <ymax>162.27</ymax>
    </bndbox>
  </object>
  <object>
    <name>cupboard</name>
    <pose>Unspecified</pose>
    <truncated>0</truncated>
    <difficult>0</difficult>
    <bndbox>
      <xmin>119.09</xmin>
      <ymin>35.45</ymin>
      <xmax>216.82</xmax>
      <ymax>155.45</ymax>
    </bndbox>
  </object>
  <object>
    <name>wire</name>
    <pose>Unspecified</pose>
    <truncated>0</truncated>
    <difficult>0</difficult>
    <bndbox>
      <xmin>344.55</xmin>
      <ymin>170.91</ymin>
      <xmax>454.55</xmax>
      <ymax>206.82</ymax>
    </bndbox>
  </object>
  <object>
    <name>shoe</name>
    <pose>Unspecified</pose>
    <truncated>0</truncated>
    <difficult>0</difficult>
    <bndbox>
      <xmin>270.91</xmin>
      <ymin>133.18</ymin>
      <xmax>305.91</xmax>
      <ymax>151.82</ymax>
    </bndbox>
  </object>
</annotation>