<?xml version="1.0" encoding="UTF-8" ?>
<annotation>
  <folder>RGB100W_CRL9993I202006069999_1591606885694916.jpg</folder>
  <filename>RGB100W_CRL9993I202006069999_1591606885694916.jpg</filename>
  <path>http://172.18.39.209:9000/aliimages1999999984/RGB100W_CRL9993I202006069999_1591606885694916.jpg</path>
  <source>
    <database>Unknown</database>
  </source>
  <size>
    <width>642</width>
    <height>361</height>
    <depth>0</depth>
  </size>
  <segmented>0</segmented>
  <object>
    <name>dog</name>
    <pose>Unspecified</pose>
    <truncated>0</truncated>
    <difficult>0</difficult>
    <bndbox>
      <xmin>215.00</xmin>
      <ymin>101.36</ymin>
      <xmax>282.73</xmax>
      <ymax>197.73</ymax>
    </bndbox>
  </object>
  <object>
    <name>wire</name>
    <pose>Unspecified</pose>
    <truncated>0</truncated>
    <difficult>0</difficult>
    <bndbox>
      <xmin>225.00</xmin>
      <ymin>195.00</ymin>
      <xmax>277.27</xmax>
      <ymax>202.73</ymax>
    </bndbox>
  </object>
  <object>
    <name>sofa</name>
    <pose>Unspecified</pose>
    <truncated>0</truncated>
    <difficult>0</difficult>
    <bndbox>
      <xmin>176.36</xmin>
      <ymin>43.18</ymin>
      <xmax>405.00</xmax>
      <ymax>196.82</ymax>
    </bndbox>
  </object>
  <object>
    <name>shoe</name>
    <pose>Unspecified</pose>
    <truncated>0</truncated>
    <difficult>0</difficult>
    <bndbox>
      <xmin>28.64</xmin>
      <ymin>95.00</ymin>
      <xmax>222.27</xmax>
      <ymax>230.00</ymax>
    </bndbox>
  </object>
  <object>
    <name>cupboard</name>
    <pose>Unspecified</pose>
    <truncated>0</truncated>
    <difficult>0</difficult>
    <bndbox>
      <xmin>0.45</xmin>
      <ymin>0.45</ymin>
      <xmax>76.36</xmax>
      <ymax>205.91</ymax>
    </bndbox>
  </object>
</annotation>