<?xml version="1.0" encoding="UTF-8" ?>
<annotation>
  <folder>RGB100W_CRL9993I202006069999_1591606888707248.jpg</folder>
  <filename>RGB100W_CRL9993I202006069999_1591606888707248.jpg</filename>
  <path>http://172.18.39.209:9000/aliimages1999999990/RGB100W_CRL9993I202006069999_1591606888707248.jpg</path>
  <source>
    <database>Unknown</database>
  </source>
  <size>
    <width>642</width>
    <height>361</height>
    <depth>0</depth>
  </size>
  <segmented>0</segmented>
  <object>
    <name>dog</name>
    <pose>Unspecified</pose>
    <truncated>0</truncated>
    <difficult>0</difficult>
    <bndbox>
      <xmin>214.55</xmin>
      <ymin>31.36</ymin>
      <xmax>355.45</xmax>
      <ymax>210.45</ymax>
    </bndbox>
  </object>
  <object>
    <name>cupboard</name>
    <pose>Unspecified</pose>
    <truncated>0</truncated>
    <difficult>0</difficult>
    <bndbox>
      <xmin>349.55</xmin>
      <ymin>0.45</ymin>
      <xmax>544.09</xmax>
      <ymax>198.18</ymax>
    </bndbox>
  </object>
  <object>
    <name>sofa</name>
    <pose>Unspecified</pose>
    <truncated>0</truncated>
    <difficult>0</difficult>
    <bndbox>
      <xmin>530.00</xmin>
      <ymin>0.45</ymin>
      <xmax>641.82</xmax>
      <ymax>195.91</ymax>
    </bndbox>
  </object>
</annotation>