<?xml version="1.0" encoding="UTF-8" ?>
<annotation>
  <folder>RGB100W_CRL9993I202006069999_1591694647062815.jpg</folder>
  <filename>RGB100W_CRL9993I202006069999_1591694647062815.jpg</filename>
  <path>http://172.18.39.209:9000/aliimages1999999996/RGB100W_CRL9993I202006069999_1591694647062815.jpg</path>
  <source>
    <database>Unknown</database>
  </source>
  <size>
    <width>642</width>
    <height>361</height>
    <depth>0</depth>
  </size>
  <segmented>0</segmented>
  <object>
    <name>dining_table</name>
    <pose>Unspecified</pose>
    <truncated>0</truncated>
    <difficult>0</difficult>
    <bndbox>
      <xmin>182.73</xmin>
      <ymin>0.45</ymin>
      <xmax>518.18</xmax>
      <ymax>197.73</ymax>
    </bndbox>
  </object>
  <object>
    <name>shoe</name>
    <pose>Unspecified</pose>
    <truncated>0</truncated>
    <difficult>0</difficult>
    <bndbox>
      <xmin>125.45</xmin>
      <ymin>131.82</ymin>
      <xmax>233.18</xmax>
      <ymax>229.09</ymax>
    </bndbox>
  </object>
  <object>
    <name>cupboard</name>
    <pose>Unspecified</pose>
    <truncated>0</truncated>
    <difficult>0</difficult>
    <bndbox>
      <xmin>515.45</xmin>
      <ymin>102.73</ymin>
      <xmax>617.27</xmax>
      <ymax>192.27</ymax>
    </bndbox>
  </object>
  <object>
    <name>slipper</name>
    <pose>Unspecified</pose>
    <truncated>0</truncated>
    <difficult>0</difficult>
    <bndbox>
      <xmin>571.36</xmin>
      <ymin>182.27</ymin>
      <xmax>598.64</xmax>
      <ymax>191.36</ymax>
    </bndbox>
  </object>
</annotation>