<?xml version="1.0" encoding="UTF-8" ?>
<annotation>
  <folder>RGB100W_CRL9993I202006069999_1591606885607160.jpg</folder>
  <filename>RGB100W_CRL9993I202006069999_1591606885607160.jpg</filename>
  <path>http://172.18.39.209:9000/aliimages1999999984/RGB100W_CRL9993I202006069999_1591606885607160.jpg</path>
  <source>
    <database>Unknown</database>
  </source>
  <size>
    <width>642</width>
    <height>361</height>
    <depth>0</depth>
  </size>
  <segmented>0</segmented>
  <object>
    <name>sofa</name>
    <pose>Unspecified</pose>
    <truncated>0</truncated>
    <difficult>0</difficult>
    <bndbox>
      <xmin>288.18</xmin>
      <ymin>50.45</ymin>
      <xmax>579.09</xmax>
      <ymax>198.18</ymax>
    </bndbox>
  </object>
  <object>
    <name>dog</name>
    <pose>Unspecified</pose>
    <truncated>0</truncated>
    <difficult>0</difficult>
    <bndbox>
      <xmin>190.00</xmin>
      <ymin>74.09</ymin>
      <xmax>272.27</xmax>
      <ymax>202.73</ymax>
    </bndbox>
  </object>
  <object>
    <name>chair_base</name>
    <pose>Unspecified</pose>
    <truncated>0</truncated>
    <difficult>0</difficult>
    <bndbox>
      <xmin>52.27</xmin>
      <ymin>170.91</ymin>
      <xmax>162.27</xmax>
      <ymax>197.27</ymax>
    </bndbox>
  </object>
  <object>
    <name>wire</name>
    <pose>Unspecified</pose>
    <truncated>0</truncated>
    <difficult>0</difficult>
    <bndbox>
      <xmin>297.27</xmin>
      <ymin>31.82</ymin>
      <xmax>326.82</xmax>
      <ymax>88.64</ymax>
    </bndbox>
  </object>
  <object>
    <name>cupboard</name>
    <pose>Unspecified</pose>
    <truncated>0</truncated>
    <difficult>0</difficult>
    <bndbox>
      <xmin>138.64</xmin>
      <ymin>35.91</ymin>
      <xmax>299.55</xmax>
      <ymax>195.45</ymax>
    </bndbox>
  </object>
</annotation>