<?xml version="1.0" encoding="UTF-8" ?>
<annotation>
  <folder>20210501</folder>
  <filename>RGB100W_542500000135_116479310478801668.jpg</filename>
  <path>http://172.18.39.209:9000/aliimages/20210501/RGB100W_542500000135_116479310478801668.jpg</path>
  <source>
    <database>Unknown</database>
  </source>
  <size>
    <width>640</width>
    <height>360</height>
    <depth>0</depth>
  </size>
  <segmented>0</segmented>
  <object>
    <name>metal_chair_foot</name>
    <pose>Unspecified</pose>
    <truncated>0</truncated>
    <difficult>0</difficult>
    <bndbox>
      <xmin>159.55</xmin>
      <ymin>13.64</ymin>
      <xmax>331.36</xmax>
      <ymax>156.82</ymax>
    </bndbox>
  </object>
  <object>
    <name>cupboard</name>
    <pose>Unspecified</pose>
    <truncated>0</truncated>
    <difficult>0</difficult>
    <bndbox>
      <xmin>316.36</xmin>
      <ymin>0.91</ymin>
      <xmax>448.64</xmax>
      <ymax>159.09</ymax>
    </bndbox>
  </object>
  <object>
    <name>floor_wood</name>
    <pose>Unspecified</pose>
    <truncated>0</truncated>
    <difficult>0</difficult>
    <bndbox>
      <xmin>285.45</xmin>
      <ymin>182.27</ymin>
      <xmax>455.00</xmax>
      <ymax>291.36</ymax>
    </bndbox>
  </object>
</annotation>