<?xml version="1.0" encoding="UTF-8" ?>
<annotation>
  <folder>20210501</folder>
  <filename>RGB100W_542500000127_116459280467935804.jpg</filename>
  <path>http://172.18.39.209:9000/aliimages/20210501/RGB100W_542500000127_116459280467935804.jpg</path>
  <source>
    <database>Unknown</database>
  </source>
  <size>
    <width>640</width>
    <height>360</height>
    <depth>0</depth>
  </size>
  <segmented>0</segmented>
  <object>
    <name>metal_chair_foot</name>
    <pose>Unspecified</pose>
    <truncated>0</truncated>
    <difficult>0</difficult>
    <bndbox>
      <xmin>201.82</xmin>
      <ymin>90.45</ymin>
      <xmax>396.36</xmax>
      <ymax>174.09</ymax>
    </bndbox>
  </object>
  <object>
    <name>cupboard</name>
    <pose>Unspecified</pose>
    <truncated>0</truncated>
    <difficult>0</difficult>
    <bndbox>
      <xmin>443.18</xmin>
      <ymin>40.91</ymin>
      <xmax>636.36</xmax>
      <ymax>149.55</ymax>
    </bndbox>
  </object>
</annotation>