<?xml version="1.0" encoding="UTF-8" ?>
<annotation>
  <folder>RGB100W_CRL30VDJ208Z2138_116444742905097871.jpg</folder>
  <filename>RGB100W_CRL30VDJ208Z2138_116444742905097871.jpg</filename>
  <path>http://172.18.39.209:9000/aliimages1999999990/RGB100W_CRL30VDJ208Z2138_116444742905097871.jpg</path>
  <source>
    <database>Unknown</database>
  </source>
  <size>
    <width>640</width>
    <height>360</height>
    <depth>0</depth>
  </size>
  <segmented>0</segmented>
  <object>
    <name>door_anno</name>
    <pose>Unspecified</pose>
    <truncated>0</truncated>
    <difficult>0</difficult>
    <bndbox>
      <xmin>298.64</xmin>
      <ymin>48.64</ymin>
      <xmax>348.64</xmax>
      <ymax>150.91</ymax>
    </bndbox>
  </object>
  <object>
    <name>sofa</name>
    <pose>Unspecified</pose>
    <truncated>0</truncated>
    <difficult>0</difficult>
    <bndbox>
      <xmin>382.73</xmin>
      <ymin>51.82</ymin>
      <xmax>640.00</xmax>
      <ymax>175.91</ymax>
    </bndbox>
  </object>
  <object>
    <name>cupboard</name>
    <pose>Unspecified</pose>
    <truncated>0</truncated>
    <difficult>0</difficult>
    <bndbox>
      <xmin>70.00</xmin>
      <ymin>85.91</ymin>
      <xmax>143.64</xmax>
      <ymax>171.82</ymax>
    </bndbox>
  </object>
  <object>
    <name>refrigerator1</name>
    <pose>Unspecified</pose>
    <truncated>0</truncated>
    <difficult>0</difficult>
    <bndbox>
      <xmin>132.73</xmin>
      <ymin>0.91</ymin>
      <xmax>172.73</xmax>
      <ymax>172.73</ymax>
    </bndbox>
  </object>
</annotation>