<?xml version="1.0" encoding="UTF-8" ?>
<annotation>
  <folder>RGB100W_277985938_116445637455999570.jpg</folder>
  <filename>RGB100W_277985938_116445637455999570.jpg</filename>
  <path>http://172.18.39.209:9000/aliimages1999999990/RGB100W_277985938_116445637455999570.jpg</path>
  <source>
    <database>Unknown</database>
  </source>
  <size>
    <width>642</width>
    <height>361</height>
    <depth>0</depth>
  </size>
  <segmented>0</segmented>
  <object>
    <name>socks</name>
    <pose>Unspecified</pose>
    <truncated>0</truncated>
    <difficult>0</difficult>
    <bndbox>
      <xmin>99.09</xmin>
      <ymin>151.36</ymin>
      <xmax>255.45</xmax>
      <ymax>186.82</ymax>
    </bndbox>
  </object>
  <object>
    <name>wire</name>
    <pose>Unspecified</pose>
    <truncated>0</truncated>
    <difficult>0</difficult>
    <bndbox>
      <xmin>254.55</xmin>
      <ymin>177.27</ymin>
      <xmax>317.73</xmax>
      <ymax>183.64</ymax>
    </bndbox>
  </object>
  <object>
    <name>sofa1</name>
    <pose>Unspecified</pose>
    <truncated>0</truncated>
    <difficult>0</difficult>
    <bndbox>
      <xmin>435.00</xmin>
      <ymin>0.91</ymin>
      <xmax>641.82</xmax>
      <ymax>176.82</ymax>
    </bndbox>
  </object>
  <object>
    <name>cupboard</name>
    <pose>Unspecified</pose>
    <truncated>0</truncated>
    <difficult>0</difficult>
    <bndbox>
      <xmin>113.64</xmin>
      <ymin>50.45</ymin>
      <xmax>210.45</xmax>
      <ymax>156.36</ymax>
    </bndbox>
  </object>
</annotation>