<?xml version="1.0" encoding="UTF-8" ?>
<annotation>
  <folder>RGB100W_CRL9993I202006069999_1591606883442066.jpg</folder>
  <filename>RGB100W_CRL9993I202006069999_1591606883442066.jpg</filename>
  <path>http://172.18.39.209:9000/aliimages2021122805/RGB100W_CRL9993I202006069999_1591606883442066.jpg</path>
  <source>
    <database>Unknown</database>
  </source>
  <size>
    <width>1280</width>
    <height>719</height>
    <depth>0</depth>
  </size>
  <segmented>0</segmented>
  <object>
    <name>person_leg</name>
    <pose>Unspecified</pose>
    <truncated>0</truncated>
    <difficult>0</difficult>
    <bndbox>
      <xmin>1031.32</xmin>
      <ymin>58.91</ymin>
      <xmax>1180.86</xmax>
      <ymax>345.28</ymax>
    </bndbox>
  </object>
  <object>
    <name>wire</name>
    <pose>Unspecified</pose>
    <truncated>0</truncated>
    <difficult>0</difficult>
    <bndbox>
      <xmin>886.32</xmin>
      <ymin>378.82</ymin>
      <xmax>923.48</xmax>
      <ymax>410.54</ymax>
    </bndbox>
  </object>
  <object>
    <name>wire</name>
    <pose>Unspecified</pose>
    <truncated>0</truncated>
    <difficult>0</difficult>
    <bndbox>
      <xmin>943.42</xmin>
      <ymin>392.41</ymin>
      <xmax>1012.29</xmax>
      <ymax>411.44</ymax>
    </bndbox>
  </object>
  <object>
    <name>shoe</name>
    <pose>Unspecified</pose>
    <truncated>0</truncated>
    <difficult>0</difficult>
    <bndbox>
      <xmin>1030.42</xmin>
      <ymin>330.78</ymin>
      <xmax>1209.86</xmax>
      <ymax>412.35</ymax>
    </bndbox>
  </object>
  <object>
    <name>sofa</name>
    <pose>Unspecified</pose>
    <truncated>0</truncated>
    <difficult>0</difficult>
    <bndbox>
      <xmin>760.35</xmin>
      <ymin>93.34</ymin>
      <xmax>1279.64</xmax>
      <ymax>407.82</ymax>
    </bndbox>
  </object>
  <object>
    <name>cupboard</name>
    <pose>Unspecified</pose>
    <truncated>0</truncated>
    <difficult>0</difficult>
    <bndbox>
      <xmin>384.25</xmin>
      <ymin>0.91</ymin>
      <xmax>806.57</xmax>
      <ymax>407.82</ymax>
    </bndbox>
  </object>
  <object>
    <name>cat</name>
    <pose>Unspecified</pose>
    <truncated>0</truncated>
    <difficult>0</difficult>
    <bndbox>
      <xmin>627.13</xmin>
      <ymin>165.85</ymin>
      <xmax>1010.48</xmax>
      <ymax>427.75</ymax>
    </bndbox>
  </object>
</annotation>