<?xml version="1.0" encoding="UTF-8" ?>
<annotation>
  <folder>RGB100W_CRL9993I202006069999_1591693818048750.jpg</folder>
  <filename>RGB100W_CRL9993I202006069999_1591693818048750.jpg</filename>
  <path>http://172.18.39.209:9000/aliimages1999999990/RGB100W_CRL9993I202006069999_1591693818048750.jpg</path>
  <source>
    <database>Unknown</database>
  </source>
  <size>
    <width>642</width>
    <height>361</height>
    <depth>0</depth>
  </size>
  <segmented>0</segmented>
  <object>
    <name>shoe</name>
    <pose>Unspecified</pose>
    <truncated>0</truncated>
    <difficult>0</difficult>
    <bndbox>
      <xmin>270.45</xmin>
      <ymin>168.64</ymin>
      <xmax>359.55</xmax>
      <ymax>213.64</ymax>
    </bndbox>
  </object>
  <object>
    <name>dining_table</name>
    <pose>Unspecified</pose>
    <truncated>0</truncated>
    <difficult>0</difficult>
    <bndbox>
      <xmin>206.82</xmin>
      <ymin>12.27</ymin>
      <xmax>466.82</xmax>
      <ymax>196.36</ymax>
    </bndbox>
  </object>
  <object>
    <name>wire</name>
    <pose>Unspecified</pose>
    <truncated>0</truncated>
    <difficult>0</difficult>
    <bndbox>
      <xmin>187.27</xmin>
      <ymin>156.36</ymin>
      <xmax>207.73</xmax>
      <ymax>180.45</ymax>
    </bndbox>
  </object>
  <object>
    <name>cupboard</name>
    <pose>Unspecified</pose>
    <truncated>0</truncated>
    <difficult>0</difficult>
    <bndbox>
      <xmin>529.55</xmin>
      <ymin>106.82</ymin>
      <xmax>588.18</xmax>
      <ymax>190.91</ymax>
    </bndbox>
  </object>
</annotation>