<?xml version="1.0" encoding="UTF-8" ?>
<annotation>
  <folder>RGB100W_CRL9993I202006069999_1591607491812436.jpg</folder>
  <filename>RGB100W_CRL9993I202006069999_1591607491812436.jpg</filename>
  <path>http://172.18.39.209:9000/aliimages1999999984/RGB100W_CRL9993I202006069999_1591607491812436.jpg</path>
  <source>
    <database>Unknown</database>
  </source>
  <size>
    <width>642</width>
    <height>361</height>
    <depth>0</depth>
  </size>
  <segmented>0</segmented>
  <object>
    <name>dog</name>
    <pose>Unspecified</pose>
    <truncated>0</truncated>
    <difficult>0</difficult>
    <bndbox>
      <xmin>195.45</xmin>
      <ymin>0.45</ymin>
      <xmax>445.00</xmax>
      <ymax>233.64</ymax>
    </bndbox>
  </object>
  <object>
    <name>cupboard</name>
    <pose>Unspecified</pose>
    <truncated>0</truncated>
    <difficult>0</difficult>
    <bndbox>
      <xmin>435.45</xmin>
      <ymin>0.45</ymin>
      <xmax>631.82</xmax>
      <ymax>207.73</ymax>
    </bndbox>
  </object>
</annotation>