<?xml version="1.0" encoding="UTF-8" ?>
<annotation>
  <folder>RGB100W_CRL9993I202006069999_1591607490566701.jpg</folder>
  <filename>RGB100W_CRL9993I202006069999_1591607490566701.jpg</filename>
  <path>http://172.18.39.209:9000/aliimages1999999984/RGB100W_CRL9993I202006069999_1591607490566701.jpg</path>
  <source>
    <database>Unknown</database>
  </source>
  <size>
    <width>642</width>
    <height>361</height>
    <depth>0</depth>
  </size>
  <segmented>0</segmented>
  <object>
    <name>cat</name>
    <pose>Unspecified</pose>
    <truncated>0</truncated>
    <difficult>0</difficult>
    <bndbox>
      <xmin>355.00</xmin>
      <ymin>0.45</ymin>
      <xmax>619.55</xmax>
      <ymax>231.36</ymax>
    </bndbox>
  </object>
  <object>
    <name>cupboard</name>
    <pose>Unspecified</pose>
    <truncated>0</truncated>
    <difficult>0</difficult>
    <bndbox>
      <xmin>170.91</xmin>
      <ymin>0.45</ymin>
      <xmax>445.00</xmax>
      <ymax>208.64</ymax>
    </bndbox>
  </object>
  <object>
    <name>sofa</name>
    <pose>Unspecified</pose>
    <truncated>0</truncated>
    <difficult>0</difficult>
    <bndbox>
      <xmin>443.64</xmin>
      <ymin>0.45</ymin>
      <xmax>641.82</xmax>
      <ymax>131.36</ymax>
    </bndbox>
  </object>
</annotation>