<?xml version="1.0" encoding="UTF-8" ?>
<annotation>
  <folder>RGB100W_277985926_116444959638677114.jpg</folder>
  <filename>RGB100W_277985926_116444959638677114.jpg</filename>
  <path>http://172.18.39.209:9000/aliimages1999999996/RGB100W_277985926_116444959638677114.jpg</path>
  <source>
    <database>Unknown</database>
  </source>
  <size>
    <width>642</width>
    <height>361</height>
    <depth>0</depth>
  </size>
  <segmented>0</segmented>
  <object>
    <name>cupboard</name>
    <pose>Unspecified</pose>
    <truncated>0</truncated>
    <difficult>0</difficult>
    <bndbox>
      <xmin>297.27</xmin>
      <ymin>35.45</ymin>
      <xmax>411.36</xmax>
      <ymax>169.09</ymax>
    </bndbox>
  </object>
  <object>
    <name>slipper</name>
    <pose>Unspecified</pose>
    <truncated>0</truncated>
    <difficult>0</difficult>
    <bndbox>
      <xmin>297.73</xmin>
      <ymin>168.64</ymin>
      <xmax>361.36</xmax>
      <ymax>187.27</ymax>
    </bndbox>
  </object>
  <object>
    <name>slipper</name>
    <pose>Unspecified</pose>
    <truncated>0</truncated>
    <difficult>0</difficult>
    <bndbox>
      <xmin>372.73</xmin>
      <ymin>168.18</ymin>
      <xmax>409.09</xmax>
      <ymax>187.27</ymax>
    </bndbox>
  </object>
  <object>
    <name>washing_machine_1</name>
    <pose>Unspecified</pose>
    <truncated>0</truncated>
    <difficult>0</difficult>
    <bndbox>
      <xmin>439.09</xmin>
      <ymin>0.45</ymin>
      <xmax>490.00</xmax>
      <ymax>183.64</ymax>
    </bndbox>
  </object>
</annotation>