<?xml version="1.0" encoding="UTF-8" ?>
<annotation>
  <folder>RGB100W_CRL9993I202006069999_1591606896587344.jpg</folder>
  <filename>RGB100W_CRL9993I202006069999_1591606896587344.jpg</filename>
  <path>http://172.18.39.209:9000/aliimages1999999965/RGB100W_CRL9993I202006069999_1591606896587344.jpg</path>
  <source>
    <database>Unknown</database>
  </source>
  <size>
    <width>642</width>
    <height>361</height>
    <depth>0</depth>
  </size>
  <segmented>0</segmented>
  <object>
    <name>refrigerator</name>
    <pose>Unspecified</pose>
    <truncated>0</truncated>
    <difficult>0</difficult>
    <bndbox>
      <xmin>10.91</xmin>
      <ymin>0.45</ymin>
      <xmax>210.00</xmax>
      <ymax>202.73</ymax>
    </bndbox>
  </object>
  <object>
    <name>cat</name>
    <pose>Unspecified</pose>
    <truncated>0</truncated>
    <difficult>0</difficult>
    <bndbox>
      <xmin>280.45</xmin>
      <ymin>102.27</ymin>
      <xmax>438.18</xmax>
      <ymax>209.09</ymax>
    </bndbox>
  </object>
  <object>
    <name>shoe</name>
    <pose>Unspecified</pose>
    <truncated>0</truncated>
    <difficult>0</difficult>
    <bndbox>
      <xmin>497.27</xmin>
      <ymin>145.00</ymin>
      <xmax>641.82</xmax>
      <ymax>235.91</ymax>
    </bndbox>
  </object>
  <object>
    <name>sofa</name>
    <pose>Unspecified</pose>
    <truncated>0</truncated>
    <difficult>0</difficult>
    <bndbox>
      <xmin>462.27</xmin>
      <ymin>18.64</ymin>
      <xmax>641.82</xmax>
      <ymax>202.27</ymax>
    </bndbox>
  </object>
  <object>
    <name>cupboard</name>
    <pose>Unspecified</pose>
    <truncated>0</truncated>
    <difficult>0</difficult>
    <bndbox>
      <xmin>274.55</xmin>
      <ymin>0.45</ymin>
      <xmax>468.18</xmax>
      <ymax>202.73</ymax>
    </bndbox>
  </object>
  <object>
    <name>unknown</name>
    <pose>Unspecified</pose>
    <truncated>0</truncated>
    <difficult>0</difficult>
    <bndbox>
      <xmin>577.27</xmin>
      <ymin>0.45</ymin>
      <xmax>641.82</xmax>
      <ymax>149.09</ymax>
    </bndbox>
  </object>
</annotation>