<?xml version="1.0" encoding="UTF-8" ?>
<annotation>
  <folder>20210501</folder>
  <filename>RGB100W_542500000127_116459254889159276.jpg</filename>
  <path>http://172.18.39.209:9000/aliimages/20210501/RGB100W_542500000127_116459254889159276.jpg</path>
  <source>
    <database>Unknown</database>
  </source>
  <size>
    <width>640</width>
    <height>360</height>
    <depth>0</depth>
  </size>
  <segmented>0</segmented>
  <object>
    <name>sofa</name>
    <pose>Unspecified</pose>
    <truncated>0</truncated>
    <difficult>0</difficult>
    <bndbox>
      <xmin>99.55</xmin>
      <ymin>75.00</ymin>
      <xmax>254.55</xmax>
      <ymax>161.36</ymax>
    </bndbox>
  </object>
  <object>
    <name>cupboard</name>
    <pose>Unspecified</pose>
    <truncated>0</truncated>
    <difficult>0</difficult>
    <bndbox>
      <xmin>245.91</xmin>
      <ymin>29.09</ymin>
      <xmax>321.82</xmax>
      <ymax>155.00</ymax>
    </bndbox>
  </object>
  <object>
    <name>tea_table</name>
    <pose>Unspecified</pose>
    <truncated>0</truncated>
    <difficult>0</difficult>
    <bndbox>
      <xmin>364.09</xmin>
      <ymin>24.55</ymin>
      <xmax>504.09</xmax>
      <ymax>156.82</ymax>
    </bndbox>
  </object>
</annotation>