<?xml version="1.0" encoding="UTF-8" ?>
<annotation>
  <folder>RGB100W_CRL9993I202006069999_1591606894457575.jpg</folder>
  <filename>RGB100W_CRL9993I202006069999_1591606894457575.jpg</filename>
  <path>http://172.18.39.209:9000/aliimages1999999984/RGB100W_CRL9993I202006069999_1591606894457575.jpg</path>
  <source>
    <database>Unknown</database>
  </source>
  <size>
    <width>642</width>
    <height>361</height>
    <depth>0</depth>
  </size>
  <segmented>0</segmented>
  <object>
    <name>chair_base</name>
    <pose>Unspecified</pose>
    <truncated>0</truncated>
    <difficult>0</difficult>
    <bndbox>
      <xmin>246.82</xmin>
      <ymin>165.00</ymin>
      <xmax>377.27</xmax>
      <ymax>209.09</ymax>
    </bndbox>
  </object>
  <object>
    <name>dog</name>
    <pose>Unspecified</pose>
    <truncated>0</truncated>
    <difficult>0</difficult>
    <bndbox>
      <xmin>392.27</xmin>
      <ymin>69.55</ymin>
      <xmax>575.91</xmax>
      <ymax>224.55</ymax>
    </bndbox>
  </object>
  <object>
    <name>sofa</name>
    <pose>Unspecified</pose>
    <truncated>0</truncated>
    <difficult>0</difficult>
    <bndbox>
      <xmin>564.09</xmin>
      <ymin>0.45</ymin>
      <xmax>641.82</xmax>
      <ymax>202.73</ymax>
    </bndbox>
  </object>
  <object>
    <name>cupboard</name>
    <pose>Unspecified</pose>
    <truncated>0</truncated>
    <difficult>0</difficult>
    <bndbox>
      <xmin>339.55</xmin>
      <ymin>0.45</ymin>
      <xmax>545.45</xmax>
      <ymax>202.27</ymax>
    </bndbox>
  </object>
  <object>
    <name>refrigerator</name>
    <pose>Unspecified</pose>
    <truncated>0</truncated>
    <difficult>0</difficult>
    <bndbox>
      <xmin>59.55</xmin>
      <ymin>0.45</ymin>
      <xmax>270.91</xmax>
      <ymax>203.18</ymax>
    </bndbox>
  </object>
</annotation>