<?xml version="1.0" encoding="UTF-8" ?>
<annotation>
  <folder>RGB100W_277985938_116445587986150538.jpg</folder>
  <filename>RGB100W_277985938_116445587986150538.jpg</filename>
  <path>http://172.18.39.209:9000/aliimages1999999990/RGB100W_277985938_116445587986150538.jpg</path>
  <source>
    <database>Unknown</database>
  </source>
  <size>
    <width>642</width>
    <height>361</height>
    <depth>0</depth>
  </size>
  <segmented>0</segmented>
  <object>
    <name>socks</name>
    <pose>Unspecified</pose>
    <truncated>0</truncated>
    <difficult>0</difficult>
    <bndbox>
      <xmin>281.82</xmin>
      <ymin>159.09</ymin>
      <xmax>433.18</xmax>
      <ymax>190.91</ymax>
    </bndbox>
  </object>
  <object>
    <name>cupboard</name>
    <pose>Unspecified</pose>
    <truncated>0</truncated>
    <difficult>0</difficult>
    <bndbox>
      <xmin>149.55</xmin>
      <ymin>47.73</ymin>
      <xmax>225.91</xmax>
      <ymax>162.27</ymax>
    </bndbox>
  </object>
  <object>
    <name>door_anno</name>
    <pose>Unspecified</pose>
    <truncated>0</truncated>
    <difficult>0</difficult>
    <bndbox>
      <xmin>268.64</xmin>
      <ymin>11.36</ymin>
      <xmax>316.36</xmax>
      <ymax>161.82</ymax>
    </bndbox>
  </object>
  <object>
    <name>refrigerator</name>
    <pose>Unspecified</pose>
    <truncated>0</truncated>
    <difficult>0</difficult>
    <bndbox>
      <xmin>94.09</xmin>
      <ymin>0.45</ymin>
      <xmax>152.27</xmax>
      <ymax>164.09</ymax>
    </bndbox>
  </object>
</annotation>