<?xml version="1.0" encoding="UTF-8" ?>
<annotation>
  <folder>20210501</folder>
  <filename>RGB100W_542500000995_116515447998265475.jpg</filename>
  <path>http://172.18.39.209:9000/aliimages/20210501/RGB100W_542500000995_116515447998265475.jpg</path>
  <source>
    <database>Unknown</database>
  </source>
  <size>
    <width>640</width>
    <height>360</height>
    <depth>0</depth>
  </size>
  <segmented>0</segmented>
  <object>
    <name>&#xd;
refrigerator1</name>
    <pose>Unspecified</pose>
    <truncated>0</truncated>
    <difficult>0</difficult>
    <bndbox>
      <xmin>217.73</xmin>
      <ymin>2.73</ymin>
      <xmax>324.09</xmax>
      <ymax>187.27</ymax>
    </bndbox>
  </object>
  <object>
    <name>cupboard</name>
    <pose>Unspecified</pose>
    <truncated>0</truncated>
    <difficult>0</difficult>
    <bndbox>
      <xmin>329.55</xmin>
      <ymin>43.64</ymin>
      <xmax>628.18</xmax>
      <ymax>158.18</ymax>
    </bndbox>
  </object>
  <object>
    <name>floor_wood</name>
    <pose>Unspecified</pose>
    <truncated>0</truncated>
    <difficult>0</difficult>
    <bndbox>
      <xmin>239.09</xmin>
      <ymin>227.27</ymin>
      <xmax>393.18</xmax>
      <ymax>295.00</ymax>
    </bndbox>
  </object>
</annotation>