<?xml version="1.0" encoding="UTF-8" ?>
<annotation>
  <folder>RGB100W_277985938_116445616573982457.jpg</folder>
  <filename>RGB100W_277985938_116445616573982457.jpg</filename>
  <path>http://172.18.39.209:9000/aliimages1999999990/RGB100W_277985938_116445616573982457.jpg</path>
  <source>
    <database>Unknown</database>
  </source>
  <size>
    <width>642</width>
    <height>361</height>
    <depth>0</depth>
  </size>
  <segmented>0</segmented>
  <object>
    <name>cupboard1</name>
    <pose>Unspecified</pose>
    <truncated>0</truncated>
    <difficult>0</difficult>
    <bndbox>
      <xmin>102.73</xmin>
      <ymin>0.45</ymin>
      <xmax>641.82</xmax>
      <ymax>200.91</ymax>
    </bndbox>
  </object>
  <object>
    <name>refrigerator1</name>
    <pose>Unspecified</pose>
    <truncated>0</truncated>
    <difficult>0</difficult>
    <bndbox>
      <xmin>63.18</xmin>
      <ymin>0.45</ymin>
      <xmax>111.82</xmax>
      <ymax>175.00</ymax>
    </bndbox>
  </object>
</annotation>