<?xml version="1.0" encoding="UTF-8" ?>
<annotation>
  <folder>RGB100W_CRL9993I202006069999_1591606882542570.jpg</folder>
  <filename>RGB100W_CRL9993I202006069999_1591606882542570.jpg</filename>
  <path>http://172.18.39.209:9000/aliimages1999999990/RGB100W_CRL9993I202006069999_1591606882542570.jpg</path>
  <source>
    <database>Unknown</database>
  </source>
  <size>
    <width>642</width>
    <height>361</height>
    <depth>0</depth>
  </size>
  <segmented>0</segmented>
  <object>
    <name>cat</name>
    <pose>Unspecified</pose>
    <truncated>0</truncated>
    <difficult>0</difficult>
    <bndbox>
      <xmin>301.82</xmin>
      <ymin>24.55</ymin>
      <xmax>419.09</xmax>
      <ymax>223.18</ymax>
    </bndbox>
  </object>
  <object>
    <name>cupboard1</name>
    <pose>Unspecified</pose>
    <truncated>0</truncated>
    <difficult>0</difficult>
    <bndbox>
      <xmin>188.18</xmin>
      <ymin>0.45</ymin>
      <xmax>414.55</xmax>
      <ymax>205.45</ymax>
    </bndbox>
  </object>
  <object>
    <name>sofa</name>
    <pose>Unspecified</pose>
    <truncated>0</truncated>
    <difficult>0</difficult>
    <bndbox>
      <xmin>416.36</xmin>
      <ymin>0.45</ymin>
      <xmax>641.82</xmax>
      <ymax>202.73</ymax>
    </bndbox>
  </object>
  <object>
    <name>wire</name>
    <pose>Unspecified</pose>
    <truncated>0</truncated>
    <difficult>0</difficult>
    <bndbox>
      <xmin>438.64</xmin>
      <ymin>188.64</ymin>
      <xmax>539.55</xmax>
      <ymax>209.09</ymax>
    </bndbox>
  </object>
</annotation>