<?xml version="1.0" encoding="UTF-8" ?>
<annotation>
  <folder>RGB100W_CRL9993I202006069999_1591606887824801.jpg</folder>
  <filename>RGB100W_CRL9993I202006069999_1591606887824801.jpg</filename>
  <path>http://172.18.39.209:9000/aliimages1999999984/RGB100W_CRL9993I202006069999_1591606887824801.jpg</path>
  <source>
    <database>Unknown</database>
  </source>
  <size>
    <width>642</width>
    <height>361</height>
    <depth>0</depth>
  </size>
  <segmented>0</segmented>
  <object>
    <name>cupboard</name>
    <pose>Unspecified</pose>
    <truncated>0</truncated>
    <difficult>0</difficult>
    <bndbox>
      <xmin>337.27</xmin>
      <ymin>8.18</ymin>
      <xmax>529.09</xmax>
      <ymax>196.36</ymax>
    </bndbox>
  </object>
  <object>
    <name>sofa</name>
    <pose>Unspecified</pose>
    <truncated>0</truncated>
    <difficult>0</difficult>
    <bndbox>
      <xmin>488.18</xmin>
      <ymin>4.09</ymin>
      <xmax>641.82</xmax>
      <ymax>200.45</ymax>
    </bndbox>
  </object>
  <object>
    <name>cat</name>
    <pose>Unspecified</pose>
    <truncated>0</truncated>
    <difficult>0</difficult>
    <bndbox>
      <xmin>277.27</xmin>
      <ymin>119.55</ymin>
      <xmax>420.00</xmax>
      <ymax>202.27</ymax>
    </bndbox>
  </object>
  <object>
    <name>chair_base</name>
    <pose>Unspecified</pose>
    <truncated>0</truncated>
    <difficult>0</difficult>
    <bndbox>
      <xmin>250.91</xmin>
      <ymin>170.45</ymin>
      <xmax>338.18</xmax>
      <ymax>197.73</ymax>
    </bndbox>
  </object>
  <object>
    <name>refrigerator</name>
    <pose>Unspecified</pose>
    <truncated>0</truncated>
    <difficult>0</difficult>
    <bndbox>
      <xmin>142.27</xmin>
      <ymin>0.91</ymin>
      <xmax>283.64</xmax>
      <ymax>194.55</ymax>
    </bndbox>
  </object>
</annotation>