<?xml version="1.0" encoding="UTF-8" ?>
<annotation>
  <folder>RGB100W_CRL9993I202006069999_1591692455661822.jpg</folder>
  <filename>RGB100W_CRL9993I202006069999_1591692455661822.jpg</filename>
  <path>http://172.18.39.209:9000/aliimages1999999996/RGB100W_CRL9993I202006069999_1591692455661822.jpg</path>
  <source>
    <database>Unknown</database>
  </source>
  <size>
    <width>642</width>
    <height>361</height>
    <depth>0</depth>
  </size>
  <segmented>0</segmented>
  <object>
    <name>dining_table</name>
    <pose>Unspecified</pose>
    <truncated>0</truncated>
    <difficult>0</difficult>
    <bndbox>
      <xmin>6.36</xmin>
      <ymin>0.45</ymin>
      <xmax>315.91</xmax>
      <ymax>200.45</ymax>
    </bndbox>
  </object>
  <object>
    <name>socks</name>
    <pose>Unspecified</pose>
    <truncated>0</truncated>
    <difficult>0</difficult>
    <bndbox>
      <xmin>207.73</xmin>
      <ymin>206.36</ymin>
      <xmax>303.18</xmax>
      <ymax>238.18</ymax>
    </bndbox>
  </object>
  <object>
    <name>refrigerator</name>
    <pose>Unspecified</pose>
    <truncated>0</truncated>
    <difficult>0</difficult>
    <bndbox>
      <xmin>515.45</xmin>
      <ymin>0.45</ymin>
      <xmax>621.82</xmax>
      <ymax>191.36</ymax>
    </bndbox>
  </object>
  <object>
    <name>cupboard</name>
    <pose>Unspecified</pose>
    <truncated>0</truncated>
    <difficult>0</difficult>
    <bndbox>
      <xmin>343.18</xmin>
      <ymin>119.09</ymin>
      <xmax>419.55</xmax>
      <ymax>191.82</ymax>
    </bndbox>
  </object>
</annotation>