<?xml version="1.0" encoding="UTF-8" ?>
<annotation>
  <folder>RGB100W_277985938_116445663450664881.jpg</folder>
  <filename>RGB100W_277985938_116445663450664881.jpg</filename>
  <path>http://172.18.39.209:9000/aliimages2021122805/RGB100W_277985938_116445663450664881.jpg</path>
  <source>
    <database>Unknown</database>
  </source>
  <size>
    <width>1280</width>
    <height>719</height>
    <depth>0</depth>
  </size>
  <segmented>0</segmented>
  <object>
    <name>person_leg</name>
    <pose>Unspecified</pose>
    <truncated>0</truncated>
    <difficult>0</difficult>
    <bndbox>
      <xmin>557.35</xmin>
      <ymin>29.91</ymin>
      <xmax>699.63</xmax>
      <ymax>336.22</ymax>
    </bndbox>
  </object>
  <object>
    <name>cupboard</name>
    <pose>Unspecified</pose>
    <truncated>0</truncated>
    <difficult>0</difficult>
    <bndbox>
      <xmin>1002.32</xmin>
      <ymin>69.78</ymin>
      <xmax>1146.42</xmax>
      <ymax>315.38</ymax>
    </bndbox>
  </object>
  <object>
    <name>plastic_stool</name>
    <pose>Unspecified</pose>
    <truncated>0</truncated>
    <difficult>0</difficult>
    <bndbox>
      <xmin>721.38</xmin>
      <ymin>61.63</ymin>
      <xmax>986.92</xmax>
      <ymax>338.94</ymax>
    </bndbox>
  </object>
  <object>
    <name>chair</name>
    <pose>Unspecified</pose>
    <truncated>0</truncated>
    <difficult>0</difficult>
    <bndbox>
      <xmin>32.63</xmin>
      <ymin>0.91</ymin>
      <xmax>685.13</xmax>
      <ymax>395.13</ymax>
    </bndbox>
  </object>
  <object>
    <name>socks</name>
    <pose>Unspecified</pose>
    <truncated>0</truncated>
    <difficult>0</difficult>
    <bndbox>
      <xmin>16.31</xmin>
      <ymin>369.75</ymin>
      <xmax>211.16</xmax>
      <ymax>562.79</ymax>
    </bndbox>
  </object>
  <object>
    <name>slipper</name>
    <pose>Unspecified</pose>
    <truncated>0</truncated>
    <difficult>0</difficult>
    <bndbox>
      <xmin>248.31</xmin>
      <ymin>309.03</ymin>
      <xmax>373.38</xmax>
      <ymax>357.07</ymax>
    </bndbox>
  </object>
</annotation>