<?xml version="1.0" encoding="UTF-8" ?>
<annotation>
  <folder>RGB100W_CRL9993I202006069999_1591606899798563.jpg</folder>
  <filename>RGB100W_CRL9993I202006069999_1591606899798563.jpg</filename>
  <path>http://172.18.39.209:9000/aliimages1999999990/RGB100W_CRL9993I202006069999_1591606899798563.jpg</path>
  <source>
    <database>Unknown</database>
  </source>
  <size>
    <width>642</width>
    <height>361</height>
    <depth>0</depth>
  </size>
  <segmented>0</segmented>
  <object>
    <name>metal_chair_foot</name>
    <pose>Unspecified</pose>
    <truncated>0</truncated>
    <difficult>0</difficult>
    <bndbox>
      <xmin>133.64</xmin>
      <ymin>171.82</ymin>
      <xmax>369.55</xmax>
      <ymax>210.91</ymax>
    </bndbox>
  </object>
  <object>
    <name>dining_table</name>
    <pose>Unspecified</pose>
    <truncated>0</truncated>
    <difficult>0</difficult>
    <bndbox>
      <xmin>66.36</xmin>
      <ymin>0.45</ymin>
      <xmax>641.36</xmax>
      <ymax>204.55</ymax>
    </bndbox>
  </object>
  <object>
    <name>cupboard</name>
    <pose>Unspecified</pose>
    <truncated>0</truncated>
    <difficult>0</difficult>
    <bndbox>
      <xmin>394.09</xmin>
      <ymin>132.27</ymin>
      <xmax>443.64</xmax>
      <ymax>187.73</ymax>
    </bndbox>
  </object>
</annotation>