<?xml version="1.0" encoding="UTF-8" ?>
<annotation>
  <folder>RGB100W_CRL30VDJ208Z2123_116445016398995480.jpg</folder>
  <filename>RGB100W_CRL30VDJ208Z2123_116445016398995480.jpg</filename>
  <path>http://172.18.39.209:9000/aliimages1999999990/RGB100W_CRL30VDJ208Z2123_116445016398995480.jpg</path>
  <source>
    <database>Unknown</database>
  </source>
  <size>
    <width>640</width>
    <height>360</height>
    <depth>0</depth>
  </size>
  <segmented>0</segmented>
  <object>
    <name>refrigerator1</name>
    <pose>Unspecified</pose>
    <truncated>0</truncated>
    <difficult>0</difficult>
    <bndbox>
      <xmin>320.91</xmin>
      <ymin>30.91</ymin>
      <xmax>391.82</xmax>
      <ymax>215.91</ymax>
    </bndbox>
  </object>
  <object>
    <name>cupboard</name>
    <pose>Unspecified</pose>
    <truncated>0</truncated>
    <difficult>0</difficult>
    <bndbox>
      <xmin>91.82</xmin>
      <ymin>110.91</ymin>
      <xmax>302.73</xmax>
      <ymax>215.91</ymax>
    </bndbox>
  </object>
</annotation>