<?xml version="1.0" encoding="UTF-8" ?>
<annotation>
  <folder>RGB100W_277985926_116444752955306056.jpg</folder>
  <filename>RGB100W_277985926_116444752955306056.jpg</filename>
  <path>http://172.18.39.209:9000/aliimages1999999990/RGB100W_277985926_116444752955306056.jpg</path>
  <source>
    <database>Unknown</database>
  </source>
  <size>
    <width>642</width>
    <height>361</height>
    <depth>0</depth>
  </size>
  <segmented>0</segmented>
  <object>
    <name>washing_machine1</name>
    <pose>Unspecified</pose>
    <truncated>0</truncated>
    <difficult>0</difficult>
    <bndbox>
      <xmin>285.45</xmin>
      <ymin>20.45</ymin>
      <xmax>319.09</xmax>
      <ymax>167.73</ymax>
    </bndbox>
  </object>
  <object>
    <name>toilet</name>
    <pose>Unspecified</pose>
    <truncated>0</truncated>
    <difficult>0</difficult>
    <bndbox>
      <xmin>332.73</xmin>
      <ymin>97.73</ymin>
      <xmax>372.73</xmax>
      <ymax>180.45</ymax>
    </bndbox>
  </object>
  <object>
    <name>blanket</name>
    <pose>Unspecified</pose>
    <truncated>0</truncated>
    <difficult>0</difficult>
    <bndbox>
      <xmin>313.18</xmin>
      <ymin>175.45</ymin>
      <xmax>410.00</xmax>
      <ymax>183.18</ymax>
    </bndbox>
  </object>
  <object>
    <name>door_anno</name>
    <pose>Unspecified</pose>
    <truncated>0</truncated>
    <difficult>0</difficult>
    <bndbox>
      <xmin>442.27</xmin>
      <ymin>0.45</ymin>
      <xmax>540.00</xmax>
      <ymax>200.91</ymax>
    </bndbox>
  </object>
  <object>
    <name>cupboard1</name>
    <pose>Unspecified</pose>
    <truncated>0</truncated>
    <difficult>0</difficult>
    <bndbox>
      <xmin>0.45</xmin>
      <ymin>0.45</ymin>
      <xmax>257.73</xmax>
      <ymax>210.00</ymax>
    </bndbox>
  </object>
</annotation>