<?xml version="1.0" encoding="UTF-8" ?>
<annotation>
  <folder>RGB100W_CRL9993I202006069999_1591692821955867.jpg</folder>
  <filename>RGB100W_CRL9993I202006069999_1591692821955867.jpg</filename>
  <path>http://172.18.39.209:9000/aliimages2021122805/RGB100W_CRL9993I202006069999_1591692821955867.jpg</path>
  <source>
    <database>Unknown</database>
  </source>
  <size>
    <width>1280</width>
    <height>719</height>
    <depth>0</depth>
  </size>
  <segmented>0</segmented>
  <object>
    <name>person_leg</name>
    <pose>Unspecified</pose>
    <truncated>0</truncated>
    <difficult>0</difficult>
    <bndbox>
      <xmin>361.60</xmin>
      <ymin>0.91</ymin>
      <xmax>775.76</xmax>
      <ymax>472.16</ymax>
    </bndbox>
  </object>
  <object>
    <name>person_leg</name>
    <pose>Unspecified</pose>
    <truncated>0</truncated>
    <difficult>0</difficult>
    <bndbox>
      <xmin>825.60</xmin>
      <ymin>0.91</ymin>
      <xmax>1121.95</xmax>
      <ymax>520.19</ymax>
    </bndbox>
  </object>
  <object>
    <name>shoe</name>
    <pose>Unspecified</pose>
    <truncated>0</truncated>
    <difficult>0</difficult>
    <bndbox>
      <xmin>795.70</xmin>
      <ymin>215.69</ymin>
      <xmax>1118.32</xmax>
      <ymax>517.47</ymax>
    </bndbox>
  </object>
  <object>
    <name>shoe</name>
    <pose>Unspecified</pose>
    <truncated>0</truncated>
    <difficult>0</difficult>
    <bndbox>
      <xmin>360.69</xmin>
      <ymin>243.78</ymin>
      <xmax>791.16</xmax>
      <ymax>474.88</ymax>
    </bndbox>
  </object>
  <object>
    <name>refrigerator</name>
    <pose>Unspecified</pose>
    <truncated>0</truncated>
    <difficult>0</difficult>
    <bndbox>
      <xmin>311.75</xmin>
      <ymin>0.91</ymin>
      <xmax>534.69</xmax>
      <ymax>382.44</ymax>
    </bndbox>
  </object>
  <object>
    <name>cupboard</name>
    <pose>Unspecified</pose>
    <truncated>0</truncated>
    <difficult>0</difficult>
    <bndbox>
      <xmin>0.91</xmin>
      <ymin>197.56</ymin>
      <xmax>93.34</xmax>
      <ymax>390.60</ymax>
    </bndbox>
  </object>
  <object>
    <name>door_anno</name>
    <pose>Unspecified</pose>
    <truncated>0</truncated>
    <difficult>0</difficult>
    <bndbox>
      <xmin>957.92</xmin>
      <ymin>0.91</ymin>
      <xmax>1151.85</xmax>
      <ymax>385.16</ymax>
    </bndbox>
  </object>
</annotation>