<?xml version="1.0" encoding="UTF-8" ?>
<annotation>
  <folder>RGB100W_CRL9993I202006069999_1591606887653385.jpg</folder>
  <filename>RGB100W_CRL9993I202006069999_1591606887653385.jpg</filename>
  <path>http://172.18.39.209:9000/aliimages1999999984/RGB100W_CRL9993I202006069999_1591606887653385.jpg</path>
  <source>
    <database>Unknown</database>
  </source>
  <size>
    <width>642</width>
    <height>361</height>
    <depth>0</depth>
  </size>
  <segmented>0</segmented>
  <object>
    <name>cat</name>
    <pose>Unspecified</pose>
    <truncated>0</truncated>
    <difficult>0</difficult>
    <bndbox>
      <xmin>438.18</xmin>
      <ymin>75.00</ymin>
      <xmax>641.82</xmax>
      <ymax>220.45</ymax>
    </bndbox>
  </object>
  <object>
    <name>refrigerator</name>
    <pose>Unspecified</pose>
    <truncated>0</truncated>
    <difficult>0</difficult>
    <bndbox>
      <xmin>225.00</xmin>
      <ymin>0.45</ymin>
      <xmax>394.55</xmax>
      <ymax>202.73</ymax>
    </bndbox>
  </object>
  <object>
    <name>cupboard</name>
    <pose>Unspecified</pose>
    <truncated>0</truncated>
    <difficult>0</difficult>
    <bndbox>
      <xmin>469.55</xmin>
      <ymin>0.45</ymin>
      <xmax>641.82</xmax>
      <ymax>204.55</ymax>
    </bndbox>
  </object>
</annotation>