<?xml version="1.0" encoding="UTF-8" ?>
<annotation>
  <folder>RGB100W_CRL9993I202006069999_1591606884417716.jpg</folder>
  <filename>RGB100W_CRL9993I202006069999_1591606884417716.jpg</filename>
  <path>http://172.18.39.209:9000/aliimages1999999984/RGB100W_CRL9993I202006069999_1591606884417716.jpg</path>
  <source>
    <database>Unknown</database>
  </source>
  <size>
    <width>642</width>
    <height>361</height>
    <depth>0</depth>
  </size>
  <segmented>0</segmented>
  <object>
    <name>metal_chair_foot</name>
    <pose>Unspecified</pose>
    <truncated>0</truncated>
    <difficult>0</difficult>
    <bndbox>
      <xmin>55.45</xmin>
      <ymin>177.27</ymin>
      <xmax>333.64</xmax>
      <ymax>211.82</ymax>
    </bndbox>
  </object>
  <object>
    <name>cupboard</name>
    <pose>Unspecified</pose>
    <truncated>0</truncated>
    <difficult>0</difficult>
    <bndbox>
      <xmin>362.73</xmin>
      <ymin>131.82</ymin>
      <xmax>405.45</xmax>
      <ymax>187.73</ymax>
    </bndbox>
  </object>
  <object>
    <name>dining_table</name>
    <pose>Unspecified</pose>
    <truncated>0</truncated>
    <difficult>0</difficult>
    <bndbox>
      <xmin>2.27</xmin>
      <ymin>0.45</ymin>
      <xmax>641.82</xmax>
      <ymax>210.91</ymax>
    </bndbox>
  </object>
</annotation>