<?xml version="1.0" encoding="UTF-8" ?>
<annotation>
  <folder>RGB100W_CRL9993I202006069999_1591606892206140.jpg</folder>
  <filename>RGB100W_CRL9993I202006069999_1591606892206140.jpg</filename>
  <path>http://172.18.39.209:9000/aliimages1999999990/RGB100W_CRL9993I202006069999_1591606892206140.jpg</path>
  <source>
    <database>Unknown</database>
  </source>
  <size>
    <width>642</width>
    <height>361</height>
    <depth>0</depth>
  </size>
  <segmented>0</segmented>
  <object>
    <name>dog</name>
    <pose>Unspecified</pose>
    <truncated>0</truncated>
    <difficult>0</difficult>
    <bndbox>
      <xmin>405.91</xmin>
      <ymin>0.45</ymin>
      <xmax>641.36</xmax>
      <ymax>240.00</ymax>
    </bndbox>
  </object>
  <object>
    <name>wire</name>
    <pose>Unspecified</pose>
    <truncated>0</truncated>
    <difficult>0</difficult>
    <bndbox>
      <xmin>532.73</xmin>
      <ymin>199.09</ymin>
      <xmax>555.00</xmax>
      <ymax>206.82</ymax>
    </bndbox>
  </object>
  <object>
    <name>chair_base</name>
    <pose>Unspecified</pose>
    <truncated>0</truncated>
    <difficult>0</difficult>
    <bndbox>
      <xmin>195.00</xmin>
      <ymin>169.09</ymin>
      <xmax>322.73</xmax>
      <ymax>207.73</ymax>
    </bndbox>
  </object>
  <object>
    <name>refrigerator</name>
    <pose>Unspecified</pose>
    <truncated>0</truncated>
    <difficult>0</difficult>
    <bndbox>
      <xmin>25.45</xmin>
      <ymin>0.45</ymin>
      <xmax>229.09</xmax>
      <ymax>205.91</ymax>
    </bndbox>
  </object>
  <object>
    <name>cupboard</name>
    <pose>Unspecified</pose>
    <truncated>0</truncated>
    <difficult>0</difficult>
    <bndbox>
      <xmin>293.18</xmin>
      <ymin>0.45</ymin>
      <xmax>485.91</xmax>
      <ymax>203.18</ymax>
    </bndbox>
  </object>
</annotation>