<?xml version="1.0" encoding="UTF-8" ?>
<annotation>
  <folder>RGB100W_CRL9993I202006069999_1591606895106768.jpg</folder>
  <filename>RGB100W_CRL9993I202006069999_1591606895106768.jpg</filename>
  <path>http://172.18.39.209:9000/aliimages1999999990/RGB100W_CRL9993I202006069999_1591606895106768.jpg</path>
  <source>
    <database>Unknown</database>
  </source>
  <size>
    <width>642</width>
    <height>361</height>
    <depth>0</depth>
  </size>
  <segmented>0</segmented>
  <object>
    <name>wire</name>
    <pose>Unspecified</pose>
    <truncated>0</truncated>
    <difficult>0</difficult>
    <bndbox>
      <xmin>469.55</xmin>
      <ymin>187.27</ymin>
      <xmax>522.73</xmax>
      <ymax>209.55</ymax>
    </bndbox>
  </object>
  <object>
    <name>cat</name>
    <pose>Unspecified</pose>
    <truncated>0</truncated>
    <difficult>0</difficult>
    <bndbox>
      <xmin>293.18</xmin>
      <ymin>9.09</ymin>
      <xmax>555.91</xmax>
      <ymax>223.18</ymax>
    </bndbox>
  </object>
  <object>
    <name>sofa</name>
    <pose>Unspecified</pose>
    <truncated>0</truncated>
    <difficult>0</difficult>
    <bndbox>
      <xmin>392.27</xmin>
      <ymin>5.00</ymin>
      <xmax>641.82</xmax>
      <ymax>207.73</ymax>
    </bndbox>
  </object>
  <object>
    <name>wire</name>
    <pose>Unspecified</pose>
    <truncated>0</truncated>
    <difficult>0</difficult>
    <bndbox>
      <xmin>400.91</xmin>
      <ymin>78.64</ymin>
      <xmax>412.27</xmax>
      <ymax>109.09</ymax>
    </bndbox>
  </object>
  <object>
    <name>cupboard1</name>
    <pose>Unspecified</pose>
    <truncated>0</truncated>
    <difficult>0</difficult>
    <bndbox>
      <xmin>144.09</xmin>
      <ymin>0.45</ymin>
      <xmax>393.18</xmax>
      <ymax>205.45</ymax>
    </bndbox>
  </object>
</annotation>