<?xml version="1.0" encoding="UTF-8" ?>
<annotation>
  <folder>20210501</folder>
  <filename>RGB100W_542500000995_116514894436404520.jpg</filename>
  <path>http://172.18.39.209:9000/aliimages/20210501/RGB100W_542500000995_116514894436404520.jpg</path>
  <source>
    <database>Unknown</database>
  </source>
  <size>
    <width>640</width>
    <height>360</height>
    <depth>0</depth>
  </size>
  <segmented>0</segmented>
  <object>
    <name>cupboard</name>
    <pose>Unspecified</pose>
    <truncated>0</truncated>
    <difficult>0</difficult>
    <bndbox>
      <xmin>2.27</xmin>
      <ymin>51.82</ymin>
      <xmax>225.45</xmax>
      <ymax>183.18</ymax>
    </bndbox>
  </object>
  <object>
    <name>floor_wood</name>
    <pose>Unspecified</pose>
    <truncated>0</truncated>
    <difficult>0</difficult>
    <bndbox>
      <xmin>105.45</xmin>
      <ymin>212.27</ymin>
      <xmax>251.36</xmax>
      <ymax>281.82</ymax>
    </bndbox>
  </object>
</annotation>