<?xml version="1.0" encoding="UTF-8" ?>
<annotation>
  <folder>RGB100W_CRL9993I202006069999_1591606894515584.jpg</folder>
  <filename>RGB100W_CRL9993I202006069999_1591606894515584.jpg</filename>
  <path>http://172.18.39.209:9000/aliimages1999999984/RGB100W_CRL9993I202006069999_1591606894515584.jpg</path>
  <source>
    <database>Unknown</database>
  </source>
  <size>
    <width>642</width>
    <height>361</height>
    <depth>0</depth>
  </size>
  <segmented>0</segmented>
  <object>
    <name>dog</name>
    <pose>Unspecified</pose>
    <truncated>0</truncated>
    <difficult>0</difficult>
    <bndbox>
      <xmin>237.73</xmin>
      <ymin>46.36</ymin>
      <xmax>389.55</xmax>
      <ymax>205.91</ymax>
    </bndbox>
  </object>
  <object>
    <name>cupboard</name>
    <pose>Unspecified</pose>
    <truncated>0</truncated>
    <difficult>0</difficult>
    <bndbox>
      <xmin>425.45</xmin>
      <ymin>0.45</ymin>
      <xmax>565.45</xmax>
      <ymax>199.09</ymax>
    </bndbox>
  </object>
  <object>
    <name>sofa</name>
    <pose>Unspecified</pose>
    <truncated>0</truncated>
    <difficult>0</difficult>
    <bndbox>
      <xmin>553.64</xmin>
      <ymin>11.36</ymin>
      <xmax>641.82</xmax>
      <ymax>197.73</ymax>
    </bndbox>
  </object>
</annotation>