<?xml version="1.0" encoding="UTF-8" ?>
<annotation>
  <folder>RGB100W_CRL9993I202006069999_1591606894017263.jpg</folder>
  <filename>RGB100W_CRL9993I202006069999_1591606894017263.jpg</filename>
  <path>http://172.18.39.209:9000/aliimages1999999990/RGB100W_CRL9993I202006069999_1591606894017263.jpg</path>
  <source>
    <database>Unknown</database>
  </source>
  <size>
    <width>642</width>
    <height>361</height>
    <depth>0</depth>
  </size>
  <segmented>0</segmented>
  <object>
    <name>cupboard1</name>
    <pose>Unspecified</pose>
    <truncated>0</truncated>
    <difficult>0</difficult>
    <bndbox>
      <xmin>16.36</xmin>
      <ymin>0.45</ymin>
      <xmax>275.45</xmax>
      <ymax>206.36</ymax>
    </bndbox>
  </object>
  <object>
    <name>chair_base</name>
    <pose>Unspecified</pose>
    <truncated>0</truncated>
    <difficult>0</difficult>
    <bndbox>
      <xmin>0.45</xmin>
      <ymin>161.36</ymin>
      <xmax>118.64</xmax>
      <ymax>225.45</ymax>
    </bndbox>
  </object>
  <object>
    <name>wire</name>
    <pose>Unspecified</pose>
    <truncated>0</truncated>
    <difficult>0</difficult>
    <bndbox>
      <xmin>282.27</xmin>
      <ymin>5.45</ymin>
      <xmax>298.64</xmax>
      <ymax>121.36</ymax>
    </bndbox>
  </object>
  <object>
    <name>sofa</name>
    <pose>Unspecified</pose>
    <truncated>0</truncated>
    <difficult>0</difficult>
    <bndbox>
      <xmin>287.73</xmin>
      <ymin>25.91</ymin>
      <xmax>601.82</xmax>
      <ymax>205.00</ymax>
    </bndbox>
  </object>
  <object>
    <name>dog</name>
    <pose>Unspecified</pose>
    <truncated>0</truncated>
    <difficult>0</difficult>
    <bndbox>
      <xmin>333.18</xmin>
      <ymin>102.73</ymin>
      <xmax>501.36</xmax>
      <ymax>206.36</ymax>
    </bndbox>
  </object>
</annotation>