<?xml version="1.0" encoding="UTF-8" ?>
<annotation>
  <folder>RGB100W_CRL9993I202006069999_1591695814409348.jpg</folder>
  <filename>RGB100W_CRL9993I202006069999_1591695814409348.jpg</filename>
  <path>http://172.18.39.209:9000/aliimages1999999990/RGB100W_CRL9993I202006069999_1591695814409348.jpg</path>
  <source>
    <database>Unknown</database>
  </source>
  <size>
    <width>642</width>
    <height>361</height>
    <depth>0</depth>
  </size>
  <segmented>0</segmented>
  <object>
    <name>door_anno</name>
    <pose>Unspecified</pose>
    <truncated>0</truncated>
    <difficult>0</difficult>
    <bndbox>
      <xmin>365.91</xmin>
      <ymin>0.91</ymin>
      <xmax>428.64</xmax>
      <ymax>183.18</ymax>
    </bndbox>
  </object>
  <object>
    <name>cupboard</name>
    <pose>Unspecified</pose>
    <truncated>0</truncated>
    <difficult>0</difficult>
    <bndbox>
      <xmin>250.00</xmin>
      <ymin>50.91</ymin>
      <xmax>273.64</xmax>
      <ymax>173.18</ymax>
    </bndbox>
  </object>
</annotation>