<?xml version="1.0" encoding="UTF-8" ?>
<annotation>
  <folder>RGB100W_CRL9993I202006069999_1591607489263227.jpg</folder>
  <filename>RGB100W_CRL9993I202006069999_1591607489263227.jpg</filename>
  <path>http://172.18.39.209:9000/aliimages1999999990/RGB100W_CRL9993I202006069999_1591607489263227.jpg</path>
  <source>
    <database>Unknown</database>
  </source>
  <size>
    <width>642</width>
    <height>361</height>
    <depth>0</depth>
  </size>
  <segmented>0</segmented>
  <object>
    <name>dog</name>
    <pose>Unspecified</pose>
    <truncated>0</truncated>
    <difficult>0</difficult>
    <bndbox>
      <xmin>369.09</xmin>
      <ymin>71.82</ymin>
      <xmax>463.64</xmax>
      <ymax>207.73</ymax>
    </bndbox>
  </object>
  <object>
    <name>sofa</name>
    <pose>Unspecified</pose>
    <truncated>0</truncated>
    <difficult>0</difficult>
    <bndbox>
      <xmin>521.82</xmin>
      <ymin>30.45</ymin>
      <xmax>641.82</xmax>
      <ymax>199.55</ymax>
    </bndbox>
  </object>
  <object>
    <name>cupboard</name>
    <pose>Unspecified</pose>
    <truncated>0</truncated>
    <difficult>0</difficult>
    <bndbox>
      <xmin>370.00</xmin>
      <ymin>29.55</ymin>
      <xmax>531.82</xmax>
      <ymax>196.82</ymax>
    </bndbox>
  </object>
  <object>
    <name>chair_base</name>
    <pose>Unspecified</pose>
    <truncated>0</truncated>
    <difficult>0</difficult>
    <bndbox>
      <xmin>302.73</xmin>
      <ymin>170.91</ymin>
      <xmax>387.27</xmax>
      <ymax>197.73</ymax>
    </bndbox>
  </object>
  <object>
    <name>refrigerator</name>
    <pose>Unspecified</pose>
    <truncated>0</truncated>
    <difficult>0</difficult>
    <bndbox>
      <xmin>182.27</xmin>
      <ymin>5.91</ymin>
      <xmax>323.18</xmax>
      <ymax>192.27</ymax>
    </bndbox>
  </object>
</annotation>