<?xml version="1.0" encoding="UTF-8" ?>
<annotation>
  <folder>RGB100W_CRL9993I202006069999_1591607489665823.jpg</folder>
  <filename>RGB100W_CRL9993I202006069999_1591607489665823.jpg</filename>
  <path>http://172.18.39.209:9000/aliimages1999999984/RGB100W_CRL9993I202006069999_1591607489665823.jpg</path>
  <source>
    <database>Unknown</database>
  </source>
  <size>
    <width>642</width>
    <height>361</height>
    <depth>0</depth>
  </size>
  <segmented>0</segmented>
  <object>
    <name>chair_base</name>
    <pose>Unspecified</pose>
    <truncated>0</truncated>
    <difficult>0</difficult>
    <bndbox>
      <xmin>192.73</xmin>
      <ymin>171.36</ymin>
      <xmax>322.27</xmax>
      <ymax>205.45</ymax>
    </bndbox>
  </object>
  <object>
    <name>dog</name>
    <pose>Unspecified</pose>
    <truncated>0</truncated>
    <difficult>0</difficult>
    <bndbox>
      <xmin>387.27</xmin>
      <ymin>0.45</ymin>
      <xmax>574.55</xmax>
      <ymax>228.18</ymax>
    </bndbox>
  </object>
  <object>
    <name>cupboard</name>
    <pose>Unspecified</pose>
    <truncated>0</truncated>
    <difficult>0</difficult>
    <bndbox>
      <xmin>297.73</xmin>
      <ymin>0.45</ymin>
      <xmax>433.18</xmax>
      <ymax>201.82</ymax>
    </bndbox>
  </object>
  <object>
    <name>refrigerator</name>
    <pose>Unspecified</pose>
    <truncated>0</truncated>
    <difficult>0</difficult>
    <bndbox>
      <xmin>27.73</xmin>
      <ymin>0.45</ymin>
      <xmax>225.45</xmax>
      <ymax>204.55</ymax>
    </bndbox>
  </object>
  <object>
    <name>sofa</name>
    <pose>Unspecified</pose>
    <truncated>0</truncated>
    <difficult>0</difficult>
    <bndbox>
      <xmin>560.45</xmin>
      <ymin>0.45</ymin>
      <xmax>641.82</xmax>
      <ymax>137.27</ymax>
    </bndbox>
  </object>
</annotation>