<?xml version="1.0" encoding="UTF-8" ?>
<annotation>
  <folder>RGB100W_CRL9993I202006069999_1591607491770148.jpg</folder>
  <filename>RGB100W_CRL9993I202006069999_1591607491770148.jpg</filename>
  <path>http://172.18.39.209:9000/aliimages1999999984/RGB100W_CRL9993I202006069999_1591607491770148.jpg</path>
  <source>
    <database>Unknown</database>
  </source>
  <size>
    <width>642</width>
    <height>361</height>
    <depth>0</depth>
  </size>
  <segmented>0</segmented>
  <object>
    <name>cupboard</name>
    <pose>Unspecified</pose>
    <truncated>0</truncated>
    <difficult>0</difficult>
    <bndbox>
      <xmin>300.00</xmin>
      <ymin>0.45</ymin>
      <xmax>479.09</xmax>
      <ymax>201.82</ymax>
    </bndbox>
  </object>
  <object>
    <name>dog</name>
    <pose>Unspecified</pose>
    <truncated>0</truncated>
    <difficult>0</difficult>
    <bndbox>
      <xmin>138.64</xmin>
      <ymin>128.18</ymin>
      <xmax>374.55</xmax>
      <ymax>214.09</ymax>
    </bndbox>
  </object>
  <object>
    <name>sofa</name>
    <pose>Unspecified</pose>
    <truncated>0</truncated>
    <difficult>0</difficult>
    <bndbox>
      <xmin>463.64</xmin>
      <ymin>0.45</ymin>
      <xmax>641.82</xmax>
      <ymax>200.00</ymax>
    </bndbox>
  </object>
</annotation>