<?xml version="1.0" encoding="UTF-8" ?>
<annotation>
  <folder>RGB100W_CRL9993I202006069999_1591695968141991.jpg</folder>
  <filename>RGB100W_CRL9993I202006069999_1591695968141991.jpg</filename>
  <path>http://172.18.39.209:9000/aliimages1999999990/RGB100W_CRL9993I202006069999_1591695968141991.jpg</path>
  <source>
    <database>Unknown</database>
  </source>
  <size>
    <width>642</width>
    <height>361</height>
    <depth>0</depth>
  </size>
  <segmented>0</segmented>
  <object>
    <name>door_anno</name>
    <pose>Unspecified</pose>
    <truncated>0</truncated>
    <difficult>0</difficult>
    <bndbox>
      <xmin>360.91</xmin>
      <ymin>0.45</ymin>
      <xmax>467.73</xmax>
      <ymax>197.27</ymax>
    </bndbox>
  </object>
  <object>
    <name>door_anno</name>
    <pose>Unspecified</pose>
    <truncated>0</truncated>
    <difficult>0</difficult>
    <bndbox>
      <xmin>463.64</xmin>
      <ymin>0.45</ymin>
      <xmax>616.36</xmax>
      <ymax>188.64</ymax>
    </bndbox>
  </object>
  <object>
    <name>wire</name>
    <pose>Unspecified</pose>
    <truncated>0</truncated>
    <difficult>0</difficult>
    <bndbox>
      <xmin>150.91</xmin>
      <ymin>152.73</ymin>
      <xmax>318.64</xmax>
      <ymax>250.00</ymax>
    </bndbox>
  </object>
  <object>
    <name>refrigerator</name>
    <pose>Unspecified</pose>
    <truncated>0</truncated>
    <difficult>0</difficult>
    <bndbox>
      <xmin>188.18</xmin>
      <ymin>0.45</ymin>
      <xmax>297.73</xmax>
      <ymax>194.55</ymax>
    </bndbox>
  </object>
  <object>
    <name>cupboard</name>
    <pose>Unspecified</pose>
    <truncated>0</truncated>
    <difficult>0</difficult>
    <bndbox>
      <xmin>0.45</xmin>
      <ymin>95.45</ymin>
      <xmax>98.64</xmax>
      <ymax>197.27</ymax>
    </bndbox>
  </object>
</annotation>