<?xml version="1.0" encoding="UTF-8" ?>
<annotation>
  <folder>RGB100W_CRL9993I202006069999_1591607491814185.jpg</folder>
  <filename>RGB100W_CRL9993I202006069999_1591607491814185.jpg</filename>
  <path>http://172.18.39.209:9000/aliimages2021122805/RGB100W_CRL9993I202006069999_1591607491814185.jpg</path>
  <source>
    <database>Unknown</database>
  </source>
  <size>
    <width>1280</width>
    <height>719</height>
    <depth>0</depth>
  </size>
  <segmented>0</segmented>
  <object>
    <name>person_leg</name>
    <pose>Unspecified</pose>
    <truncated>0</truncated>
    <difficult>0</difficult>
    <bndbox>
      <xmin>239.25</xmin>
      <ymin>0.91</ymin>
      <xmax>521.10</xmax>
      <ymax>429.57</ymax>
    </bndbox>
  </object>
  <object>
    <name>dog</name>
    <pose>Unspecified</pose>
    <truncated>0</truncated>
    <difficult>0</difficult>
    <bndbox>
      <xmin>417.79</xmin>
      <ymin>115.09</ymin>
      <xmax>674.26</xmax>
      <ymax>413.25</ymax>
    </bndbox>
  </object>
  <object>
    <name>chair_base</name>
    <pose>Unspecified</pose>
    <truncated>0</truncated>
    <difficult>0</difficult>
    <bndbox>
      <xmin>653.41</xmin>
      <ymin>337.13</ymin>
      <xmax>782.10</xmax>
      <ymax>405.10</ymax>
    </bndbox>
  </object>
  <object>
    <name>sofa</name>
    <pose>Unspecified</pose>
    <truncated>0</truncated>
    <difficult>0</difficult>
    <bndbox>
      <xmin>1105.64</xmin>
      <ymin>17.22</ymin>
      <xmax>1279.64</xmax>
      <ymax>383.35</ymax>
    </bndbox>
  </object>
  <object>
    <name>slipper</name>
    <pose>Unspecified</pose>
    <truncated>0</truncated>
    <difficult>0</difficult>
    <bndbox>
      <xmin>236.53</xmin>
      <ymin>315.38</ymin>
      <xmax>519.29</xmax>
      <ymax>429.57</ymax>
    </bndbox>
  </object>
  <object>
    <name>cupboard</name>
    <pose>Unspecified</pose>
    <truncated>0</truncated>
    <difficult>0</difficult>
    <bndbox>
      <xmin>733.16</xmin>
      <ymin>2.72</ymin>
      <xmax>1127.39</xmax>
      <ymax>399.66</ymax>
    </bndbox>
  </object>
</annotation>