<?xml version="1.0" encoding="UTF-8" ?>
<annotation>
  <folder>RGB100W_CRL9993I202006069999_1591607489262477.jpg</folder>
  <filename>RGB100W_CRL9993I202006069999_1591607489262477.jpg</filename>
  <path>http://172.18.39.209:9000/aliimages1999999984/RGB100W_CRL9993I202006069999_1591607489262477.jpg</path>
  <source>
    <database>Unknown</database>
  </source>
  <size>
    <width>642</width>
    <height>361</height>
    <depth>0</depth>
  </size>
  <segmented>0</segmented>
  <object>
    <name>dog</name>
    <pose>Unspecified</pose>
    <truncated>0</truncated>
    <difficult>0</difficult>
    <bndbox>
      <xmin>235.45</xmin>
      <ymin>0.45</ymin>
      <xmax>375.45</xmax>
      <ymax>221.82</ymax>
    </bndbox>
  </object>
  <object>
    <name>chair_base</name>
    <pose>Unspecified</pose>
    <truncated>0</truncated>
    <difficult>0</difficult>
    <bndbox>
      <xmin>110.91</xmin>
      <ymin>165.91</ymin>
      <xmax>255.91</xmax>
      <ymax>215.45</ymax>
    </bndbox>
  </object>
  <object>
    <name>sofa</name>
    <pose>Unspecified</pose>
    <truncated>0</truncated>
    <difficult>0</difficult>
    <bndbox>
      <xmin>432.27</xmin>
      <ymin>14.09</ymin>
      <xmax>641.82</xmax>
      <ymax>205.45</ymax>
    </bndbox>
  </object>
  <object>
    <name>cupboard</name>
    <pose>Unspecified</pose>
    <truncated>0</truncated>
    <difficult>0</difficult>
    <bndbox>
      <xmin>220.00</xmin>
      <ymin>0.45</ymin>
      <xmax>410.45</xmax>
      <ymax>205.45</ymax>
    </bndbox>
  </object>
</annotation>