<?xml version="1.0" encoding="UTF-8" ?>
<annotation>
  <folder>RGB200W_29984CRL30V00067416_116445139084434820.jpg</folder>
  <filename>RGB200W_29984CRL30V00067416_116445139084434820.jpg</filename>
  <path>http://172.18.39.209:9000/aliimages1999999979/RGB200W_29984CRL30V00067416_116445139084434820.jpg</path>
  <source>
    <database>Unknown</database>
  </source>
  <size>
    <width>642</width>
    <height>362</height>
    <depth>0</depth>
  </size>
  <segmented>0</segmented>
  <object>
    <name>shoe</name>
    <pose>Unspecified</pose>
    <truncated>0</truncated>
    <difficult>0</difficult>
    <bndbox>
      <xmin>540.00</xmin>
      <ymin>172.73</ymin>
      <xmax>641.82</xmax>
      <ymax>255.00</ymax>
    </bndbox>
  </object>
  <object>
    <name>shoe</name>
    <pose>Unspecified</pose>
    <truncated>0</truncated>
    <difficult>0</difficult>
    <bndbox>
      <xmin>497.73</xmin>
      <ymin>186.82</ymin>
      <xmax>615.91</xmax>
      <ymax>243.64</ymax>
    </bndbox>
  </object>
  <object>
    <name>shoe</name>
    <pose>Unspecified</pose>
    <truncated>0</truncated>
    <difficult>0</difficult>
    <bndbox>
      <xmin>470.91</xmin>
      <ymin>197.73</ymin>
      <xmax>540.91</xmax>
      <ymax>233.64</ymax>
    </bndbox>
  </object>
  <object>
    <name>blanket</name>
    <pose>Unspecified</pose>
    <truncated>0</truncated>
    <difficult>0</difficult>
    <bndbox>
      <xmin>441.82</xmin>
      <ymin>222.73</ymin>
      <xmax>595.00</xmax>
      <ymax>260.00</ymax>
    </bndbox>
  </object>
  <object>
    <name>cupboard</name>
    <pose>Unspecified</pose>
    <truncated>0</truncated>
    <difficult>0</difficult>
    <bndbox>
      <xmin>152.73</xmin>
      <ymin>92.73</ymin>
      <xmax>245.00</xmax>
      <ymax>225.00</ymax>
    </bndbox>
  </object>
  <object>
    <name>cabinet</name>
    <pose>Unspecified</pose>
    <truncated>0</truncated>
    <difficult>0</difficult>
    <bndbox>
      <xmin>0.91</xmin>
      <ymin>106.82</ymin>
      <xmax>75.00</xmax>
      <ymax>230.00</ymax>
    </bndbox>
  </object>
</annotation>