<?xml version="1.0" encoding="UTF-8" ?>
<annotation>
  <folder>RGB200W_277985947_116444744520047328.jpg</folder>
  <filename>RGB200W_277985947_116444744520047328.jpg</filename>
  <path>http://172.18.39.209:9000/aliimages1999999983/RGB200W_277985947_116444744520047328.jpg</path>
  <source>
    <database>Unknown</database>
  </source>
  <size>
    <width>642</width>
    <height>361</height>
    <depth>0</depth>
  </size>
  <segmented>0</segmented>
  <object>
    <name>slipper</name>
    <pose>Unspecified</pose>
    <truncated>0</truncated>
    <difficult>0</difficult>
    <bndbox>
      <xmin>261.36</xmin>
      <ymin>189.55</ymin>
      <xmax>348.18</xmax>
      <ymax>244.09</ymax>
    </bndbox>
  </object>
  <object>
    <name>cupboard</name>
    <pose>Unspecified</pose>
    <truncated>0</truncated>
    <difficult>0</difficult>
    <bndbox>
      <xmin>309.55</xmin>
      <ymin>168.18</ymin>
      <xmax>365.45</xmax>
      <ymax>205.45</ymax>
    </bndbox>
  </object>
</annotation>