<?xml version="1.0" encoding="UTF-8" ?>
<annotation>
  <folder>RGB200W_202006292031_116444741669422308.jpg</folder>
  <filename>RGB200W_202006292031_116444741669422308.jpg</filename>
  <path>http://172.18.39.209:9000/aliimages2021122805/RGB200W_202006292031_116444741669422308.jpg</path>
  <source>
    <database>Unknown</database>
  </source>
  <size>
    <width>1920</width>
    <height>1079</height>
    <depth>0</depth>
  </size>
  <segmented>0</segmented>
  <object>
    <name>person_leg</name>
    <pose>Unspecified</pose>
    <truncated>0</truncated>
    <difficult>0</difficult>
    <bndbox>
      <xmin>876.81</xmin>
      <ymin>104.67</ymin>
      <xmax>1077.99</xmax>
      <ymax>592.69</ymax>
    </bndbox>
  </object>
  <object>
    <name>slipper</name>
    <pose>Unspecified</pose>
    <truncated>0</truncated>
    <difficult>0</difficult>
    <bndbox>
      <xmin>878.16</xmin>
      <ymin>515.21</ymin>
      <xmax>1080.71</xmax>
      <ymax>588.62</ymax>
    </bndbox>
  </object>
  <object>
    <name>cupboard</name>
    <pose>Unspecified</pose>
    <truncated>0</truncated>
    <difficult>0</difficult>
    <bndbox>
      <xmin>589.97</xmin>
      <ymin>236.53</ymin>
      <xmax>1072.56</xmax>
      <ymax>545.11</ymax>
    </bndbox>
  </object>
  <object>
    <name>washing_machine</name>
    <pose>Unspecified</pose>
    <truncated>0</truncated>
    <difficult>0</difficult>
    <bndbox>
      <xmin>85.64</xmin>
      <ymin>67.97</ymin>
      <xmax>353.44</xmax>
      <ymax>565.51</ymax>
    </bndbox>
  </object>
  <object>
    <name>trash_can</name>
    <pose>Unspecified</pose>
    <truncated>0</truncated>
    <difficult>0</difficult>
    <bndbox>
      <xmin>610.37</xmin>
      <ymin>401.02</ymin>
      <xmax>766.69</xmax>
      <ymax>564.15</ymax>
    </bndbox>
  </object>
  <object>
    <name>door_sill</name>
    <pose>Unspecified</pose>
    <truncated>0</truncated>
    <difficult>0</difficult>
    <bndbox>
      <xmin>4.08</xmin>
      <ymin>568.22</ymin>
      <xmax>1162.28</xmax>
      <ymax>772.13</ymax>
    </bndbox>
  </object>
</annotation>