<?xml version="1.0" encoding="UTF-8" ?>
<annotation>
  <folder>RGB200W_010102104221005_116448831430576103.jpg</folder>
  <filename>RGB200W_010102104221005_116448831430576103.jpg</filename>
  <path>http://172.18.39.209:9000/aliimages1999999986/RGB200W_010102104221005_116448831430576103.jpg</path>
  <source>
    <database>Unknown</database>
  </source>
  <size>
    <width>642</width>
    <height>362</height>
    <depth>0</depth>
  </size>
  <segmented>0</segmented>
  <object>
    <name>cupboard</name>
    <pose>Unspecified</pose>
    <truncated>0</truncated>
    <difficult>0</difficult>
    <bndbox>
      <xmin>252.73</xmin>
      <ymin>17.73</ymin>
      <xmax>547.73</xmax>
      <ymax>226.82</ymax>
    </bndbox>
  </object>
  <object>
    <name>refrigerator</name>
    <pose>Unspecified</pose>
    <truncated>0</truncated>
    <difficult>0</difficult>
    <bndbox>
      <xmin>521.82</xmin>
      <ymin>0.91</ymin>
      <xmax>641.82</xmax>
      <ymax>233.64</ymax>
    </bndbox>
  </object>
</annotation>