<?xml version="1.0" encoding="UTF-8" ?>
<annotation>
  <folder>RGB200W_29984_99999897_116446198946440305-226.975_226.978_317.444_185.851_0.313_0.032_-0.022_-0.013.jpg</folder>
  <filename>RGB200W_29984_99999897_116446198946440305-226.975_226.978_317.444_185.851_0.313_0.032_-0.022_-0.013.jpg</filename>
  <path>http://172.18.39.209:9000/aliimages1999999990/RGB200W_29984_99999897_116446198946440305-226.975_226.978_317.444_185.851_0.313_0.032_-0.022_-0.013.jpg</path>
  <source>
    <database>Unknown</database>
  </source>
  <size>
    <width>642</width>
    <height>362</height>
    <depth>0</depth>
  </size>
  <segmented>0</segmented>
  <object>
    <name>dining_table</name>
    <pose>Unspecified</pose>
    <truncated>0</truncated>
    <difficult>0</difficult>
    <bndbox>
      <xmin>150.00</xmin>
      <ymin>57.73</ymin>
      <xmax>450.00</xmax>
      <ymax>221.82</ymax>
    </bndbox>
  </object>
  <object>
    <name>cupboard</name>
    <pose>Unspecified</pose>
    <truncated>0</truncated>
    <difficult>0</difficult>
    <bndbox>
      <xmin>455.00</xmin>
      <ymin>122.73</ymin>
      <xmax>641.82</xmax>
      <ymax>216.82</ymax>
    </bndbox>
  </object>
</annotation>