<?xml version="1.0" encoding="UTF-8" ?>
<annotation>
  <folder>RGB200W_29984CRL30V00067130_116445154399802522.jpg</folder>
  <filename>RGB200W_29984CRL30V00067130_116445154399802522.jpg</filename>
  <path>http://172.18.39.209:9000/aliimages1999999979/RGB200W_29984CRL30V00067130_116445154399802522.jpg</path>
  <source>
    <database>Unknown</database>
  </source>
  <size>
    <width>642</width>
    <height>362</height>
    <depth>0</depth>
  </size>
  <segmented>0</segmented>
  <object>
    <name>blanket</name>
    <pose>Unspecified</pose>
    <truncated>0</truncated>
    <difficult>0</difficult>
    <bndbox>
      <xmin>325.00</xmin>
      <ymin>215.00</ymin>
      <xmax>473.64</xmax>
      <ymax>227.73</ymax>
    </bndbox>
  </object>
  <object>
    <name>cupboard</name>
    <pose>Unspecified</pose>
    <truncated>0</truncated>
    <difficult>0</difficult>
    <bndbox>
      <xmin>350.00</xmin>
      <ymin>120.00</ymin>
      <xmax>477.73</xmax>
      <ymax>217.73</ymax>
    </bndbox>
  </object>
  <object>
    <name>door_anno</name>
    <pose>Unspecified</pose>
    <truncated>0</truncated>
    <difficult>0</difficult>
    <bndbox>
      <xmin>86.82</xmin>
      <ymin>57.73</ymin>
      <xmax>180.00</xmax>
      <ymax>212.73</ymax>
    </bndbox>
  </object>
</annotation>