<?xml version="1.0" encoding="UTF-8" ?>
<annotation>
  <folder>RGB200W_277985919_116447184598379328.jpg</folder>
  <filename>RGB200W_277985919_116447184598379328.jpg</filename>
  <path>http://172.18.39.209:9000/aliimages1999999996/RGB200W_277985919_116447184598379328.jpg</path>
  <source>
    <database>Unknown</database>
  </source>
  <size>
    <width>642</width>
    <height>361</height>
    <depth>0</depth>
  </size>
  <segmented>0</segmented>
  <object>
    <name>metal_chair_foot</name>
    <pose>Unspecified</pose>
    <truncated>0</truncated>
    <difficult>0</difficult>
    <bndbox>
      <xmin>71.82</xmin>
      <ymin>219.55</ymin>
      <xmax>202.27</xmax>
      <ymax>241.82</ymax>
    </bndbox>
  </object>
  <object>
    <name>refrigerator</name>
    <pose>Unspecified</pose>
    <truncated>0</truncated>
    <difficult>0</difficult>
    <bndbox>
      <xmin>218.64</xmin>
      <ymin>42.73</ymin>
      <xmax>284.55</xmax>
      <ymax>221.82</ymax>
    </bndbox>
  </object>
  <object>
    <name>cupboard</name>
    <pose>Unspecified</pose>
    <truncated>0</truncated>
    <difficult>0</difficult>
    <bndbox>
      <xmin>284.55</xmin>
      <ymin>157.73</ymin>
      <xmax>357.73</xmax>
      <ymax>220.00</ymax>
    </bndbox>
  </object>
  <object>
    <name>chair_base</name>
    <pose>Unspecified</pose>
    <truncated>0</truncated>
    <difficult>0</difficult>
    <bndbox>
      <xmin>335.00</xmin>
      <ymin>189.55</ymin>
      <xmax>485.45</xmax>
      <ymax>241.36</ymax>
    </bndbox>
  </object>
</annotation>