<?xml version="1.0" encoding="UTF-8" ?>
<annotation>
  <folder>RGB200W_277985919_116447184720997933.jpg</folder>
  <filename>RGB200W_277985919_116447184720997933.jpg</filename>
  <path>http://172.18.39.209:9000/aliimages1999999996/RGB200W_277985919_116447184720997933.jpg</path>
  <source>
    <database>Unknown</database>
  </source>
  <size>
    <width>642</width>
    <height>361</height>
    <depth>0</depth>
  </size>
  <segmented>0</segmented>
  <object>
    <name>cupboard</name>
    <pose>Unspecified</pose>
    <truncated>0</truncated>
    <difficult>0</difficult>
    <bndbox>
      <xmin>297.73</xmin>
      <ymin>162.73</ymin>
      <xmax>359.09</xmax>
      <ymax>220.91</ymax>
    </bndbox>
  </object>
  <object>
    <name>metal_chair_foot</name>
    <pose>Unspecified</pose>
    <truncated>0</truncated>
    <difficult>0</difficult>
    <bndbox>
      <xmin>235.00</xmin>
      <ymin>217.27</ymin>
      <xmax>280.45</xmax>
      <ymax>228.18</ymax>
    </bndbox>
  </object>
  <object>
    <name>blanket</name>
    <pose>Unspecified</pose>
    <truncated>0</truncated>
    <difficult>0</difficult>
    <bndbox>
      <xmin>0.00</xmin>
      <ymin>234.55</ymin>
      <xmax>140.91</xmax>
      <ymax>289.09</ymax>
    </bndbox>
  </object>
  <object>
    <name>chair_base</name>
    <pose>Unspecified</pose>
    <truncated>0</truncated>
    <difficult>0</difficult>
    <bndbox>
      <xmin>356.82</xmin>
      <ymin>202.27</ymin>
      <xmax>448.18</xmax>
      <ymax>225.91</ymax>
    </bndbox>
  </object>
</annotation>