<?xml version="1.0" encoding="UTF-8" ?>
<annotation>
  <folder>20210918</folder>
  <filename>RGB200W_29984CRL30V00005304_1631947928_28065.jpg</filename>
  <path>http://172.18.39.209:9000/aliimages/20210918/RGB200W_29984CRL30V00005304_1631947928_28065.jpg</path>
  <source>
    <database>Unknown</database>
  </source>
  <size>
    <width>642</width>
    <height>362</height>
    <depth>0</depth>
  </size>
  <segmented>0</segmented>
  <object>
    <name>door_anno</name>
    <pose>Unspecified</pose>
    <truncated>0</truncated>
    <difficult>0</difficult>
    <bndbox>
      <xmin>157.73</xmin>
      <ymin>0.00</ymin>
      <xmax>313.64</xmax>
      <ymax>218.18</ymax>
    </bndbox>
  </object>
  <object>
    <name>cupboard</name>
    <pose>Unspecified</pose>
    <truncated>0</truncated>
    <difficult>0</difficult>
    <bndbox>
      <xmin>52.73</xmin>
      <ymin>140.91</ymin>
      <xmax>160.45</xmax>
      <ymax>205.45</ymax>
    </bndbox>
  </object>
</annotation>