<?xml version="1.0" encoding="UTF-8" ?>
<annotation>
  <folder>RGB200W_010102104301105_116448191065764042.jpg</folder>
  <filename>RGB200W_010102104301105_116448191065764042.jpg</filename>
  <path>http://172.18.39.209:9000/aliimages1999999986/RGB200W_010102104301105_116448191065764042.jpg</path>
  <source>
    <database>Unknown</database>
  </source>
  <size>
    <width>642</width>
    <height>362</height>
    <depth>0</depth>
  </size>
  <segmented>0</segmented>
  <object>
    <name>cupboard</name>
    <pose>Unspecified</pose>
    <truncated>0</truncated>
    <difficult>0</difficult>
    <bndbox>
      <xmin>456.82</xmin>
      <ymin>50.00</ymin>
      <xmax>641.82</xmax>
      <ymax>225.91</ymax>
    </bndbox>
  </object>
  <object>
    <name>cupboard</name>
    <pose>Unspecified</pose>
    <truncated>0</truncated>
    <difficult>0</difficult>
    <bndbox>
      <xmin>341.82</xmin>
      <ymin>162.73</ymin>
      <xmax>380.91</xmax>
      <ymax>220.00</ymax>
    </bndbox>
  </object>
</annotation>