<?xml version="1.0" encoding="UTF-8" ?>
<annotation>
  <folder>RGB200W_29984_99999275_116444777778178890.jpg</folder>
  <filename>RGB200W_29984_99999275_116444777778178890.jpg</filename>
  <path>http://172.18.39.209:9000/aliimages1999999996/RGB200W_29984_99999275_116444777778178890.jpg</path>
  <source>
    <database>Unknown</database>
  </source>
  <size>
    <width>642</width>
    <height>362</height>
    <depth>0</depth>
  </size>
  <segmented>0</segmented>
  <object>
    <name>shoe</name>
    <pose>Unspecified</pose>
    <truncated>0</truncated>
    <difficult>0</difficult>
    <bndbox>
      <xmin>50.00</xmin>
      <ymin>197.73</ymin>
      <xmax>111.82</xmax>
      <ymax>225.91</ymax>
    </bndbox>
  </object>
  <object>
    <name>shoe</name>
    <pose>Unspecified</pose>
    <truncated>0</truncated>
    <difficult>0</difficult>
    <bndbox>
      <xmin>131.82</xmin>
      <ymin>198.64</ymin>
      <xmax>165.00</xmax>
      <ymax>220.91</ymax>
    </bndbox>
  </object>
  <object>
    <name>sofa</name>
    <pose>Unspecified</pose>
    <truncated>0</truncated>
    <difficult>0</difficult>
    <bndbox>
      <xmin>468.64</xmin>
      <ymin>135.91</ymin>
      <xmax>641.82</xmax>
      <ymax>221.82</ymax>
    </bndbox>
  </object>
  <object>
    <name>cupboard</name>
    <pose>Unspecified</pose>
    <truncated>0</truncated>
    <difficult>0</difficult>
    <bndbox>
      <xmin>231.82</xmin>
      <ymin>166.82</ymin>
      <xmax>311.82</xmax>
      <ymax>215.00</ymax>
    </bndbox>
  </object>
  <object>
    <name>refrigerator_1</name>
    <pose>Unspecified</pose>
    <truncated>0</truncated>
    <difficult>0</difficult>
    <bndbox>
      <xmin>305.91</xmin>
      <ymin>100.00</ymin>
      <xmax>328.64</xmax>
      <ymax>215.91</ymax>
    </bndbox>
  </object>
  <object>
    <name>door_anno</name>
    <pose>Unspecified</pose>
    <truncated>0</truncated>
    <difficult>0</difficult>
    <bndbox>
      <xmin>365.00</xmin>
      <ymin>145.91</ymin>
      <xmax>391.82</xmax>
      <ymax>212.73</ymax>
    </bndbox>
  </object>
  <object>
    <name>dining_table</name>
    <pose>Unspecified</pose>
    <truncated>0</truncated>
    <difficult>0</difficult>
    <bndbox>
      <xmin>0.91</xmin>
      <ymin>70.91</ymin>
      <xmax>213.64</xmax>
      <ymax>222.73</ymax>
    </bndbox>
  </object>
</annotation>