<?xml version="1.0" encoding="UTF-8" ?>
<annotation>
  <folder>RGB200W_29984_99999468_116445292127334349.jpg</folder>
  <filename>RGB200W_29984_99999468_116445292127334349.jpg</filename>
  <path>http://172.18.39.209:9000/aliimages1999999990/RGB200W_29984_99999468_116445292127334349.jpg</path>
  <source>
    <database>Unknown</database>
  </source>
  <size>
    <width>642</width>
    <height>362</height>
    <depth>0</depth>
  </size>
  <segmented>0</segmented>
  <object>
    <name>door_anno</name>
    <pose>Unspecified</pose>
    <truncated>0</truncated>
    <difficult>0</difficult>
    <bndbox>
      <xmin>387.73</xmin>
      <ymin>0.91</ymin>
      <xmax>538.64</xmax>
      <ymax>222.73</ymax>
    </bndbox>
  </object>
  <object>
    <name>cupboard1</name>
    <pose>Unspecified</pose>
    <truncated>0</truncated>
    <difficult>0</difficult>
    <bndbox>
      <xmin>32.73</xmin>
      <ymin>122.73</ymin>
      <xmax>132.73</xmax>
      <ymax>226.82</ymax>
    </bndbox>
  </object>
</annotation>