<?xml version="1.0" encoding="UTF-8" ?>
<annotation>
  <folder>RGB200W_202006292031_116444745759965697.jpg</folder>
  <filename>RGB200W_202006292031_116444745759965697.jpg</filename>
  <path>http://172.18.39.209:9000/aliimages2021122805/RGB200W_202006292031_116444745759965697.jpg</path>
  <source>
    <database>Unknown</database>
  </source>
  <size>
    <width>1920</width>
    <height>1079</height>
    <depth>0</depth>
  </size>
  <segmented>0</segmented>
  <object>
    <name>person_leg</name>
    <pose>Unspecified</pose>
    <truncated>0</truncated>
    <difficult>0</difficult>
    <bndbox>
      <xmin>1256.07</xmin>
      <ymin>263.72</ymin>
      <xmax>1347.15</xmax>
      <ymax>659.30</ymax>
    </bndbox>
  </object>
  <object>
    <name>person_leg</name>
    <pose>Unspecified</pose>
    <truncated>0</truncated>
    <difficult>0</difficult>
    <bndbox>
      <xmin>1358.03</xmin>
      <ymin>241.97</ymin>
      <xmax>1496.69</xmax>
      <ymax>671.54</ymax>
    </bndbox>
  </object>
  <object>
    <name>cupboard</name>
    <pose>Unspecified</pose>
    <truncated>0</truncated>
    <difficult>0</difficult>
    <bndbox>
      <xmin>890.40</xmin>
      <ymin>0.00</ymin>
      <xmax>1919.46</xmax>
      <ymax>744.94</ymax>
    </bndbox>
  </object>
  <object>
    <name>slipper</name>
    <pose>Unspecified</pose>
    <truncated>0</truncated>
    <difficult>0</difficult>
    <bndbox>
      <xmin>1392.01</xmin>
      <ymin>618.52</ymin>
      <xmax>1496.69</xmax>
      <ymax>674.26</ymax>
    </bndbox>
  </object>
  <object>
    <name>wire</name>
    <pose>Unspecified</pose>
    <truncated>0</truncated>
    <difficult>0</difficult>
    <bndbox>
      <xmin>209.35</xmin>
      <ymin>526.08</ymin>
      <xmax>358.88</xmax>
      <ymax>603.57</ymax>
    </bndbox>
  </object>
  <object>
    <name>wire</name>
    <pose>Unspecified</pose>
    <truncated>0</truncated>
    <difficult>0</difficult>
    <bndbox>
      <xmin>44.86</xmin>
      <ymin>342.57</ymin>
      <xmax>362.96</xmax>
      <ymax>721.84</ymax>
    </bndbox>
  </object>
  <object>
    <name>washing_machine</name>
    <pose>Unspecified</pose>
    <truncated>0</truncated>
    <difficult>0</difficult>
    <bndbox>
      <xmin>209.35</xmin>
      <ymin>12.23</ymin>
      <xmax>668.82</xmax>
      <ymax>570.94</ymax>
    </bndbox>
  </object>
  <object>
    <name>person</name>
    <pose>Unspecified</pose>
    <truncated>0</truncated>
    <difficult>0</difficult>
    <bndbox>
      <xmin>1169.07</xmin>
      <ymin>2.72</ymin>
      <xmax>1500.76</xmax>
      <ymax>674.26</ymax>
    </bndbox>
  </object>
  <object>
    <name>trash_can</name>
    <pose>Unspecified</pose>
    <truncated>0</truncated>
    <difficult>0</difficult>
    <bndbox>
      <xmin>861.85</xmin>
      <ymin>462.19</ymin>
      <xmax>1015.46</xmax>
      <ymax>644.35</ymax>
    </bndbox>
  </object>
</annotation>