<?xml version="1.0" encoding="UTF-8" ?>
<annotation>
  <folder>RGB200W_29984_99999433_116446188056157620.jpg</folder>
  <filename>RGB200W_29984_99999433_116446188056157620.jpg</filename>
  <path>http://172.18.39.209:9000/aliimages1999999990/RGB200W_29984_99999433_116446188056157620.jpg</path>
  <source>
    <database>Unknown</database>
  </source>
  <size>
    <width>642</width>
    <height>362</height>
    <depth>0</depth>
  </size>
  <segmented>0</segmented>
  <object>
    <name>slipper</name>
    <pose>Unspecified</pose>
    <truncated>0</truncated>
    <difficult>0</difficult>
    <bndbox>
      <xmin>375.91</xmin>
      <ymin>195.91</ymin>
      <xmax>570.91</xmax>
      <ymax>255.91</ymax>
    </bndbox>
  </object>
  <object>
    <name>cupboard1</name>
    <pose>Unspecified</pose>
    <truncated>0</truncated>
    <difficult>0</difficult>
    <bndbox>
      <xmin>445.91</xmin>
      <ymin>0.91</ymin>
      <xmax>641.82</xmax>
      <ymax>245.91</ymax>
    </bndbox>
  </object>
</annotation>