<?xml version="1.0" encoding="UTF-8" ?>
<annotation>
  <folder>RGB200W_277985927_116444863968702711.jpg</folder>
  <filename>RGB200W_277985927_116444863968702711.jpg</filename>
  <path>http://172.18.39.209:9000/aliimages1999999990/RGB200W_277985927_116444863968702711.jpg</path>
  <source>
    <database>Unknown</database>
  </source>
  <size>
    <width>642</width>
    <height>361</height>
    <depth>0</depth>
  </size>
  <segmented>0</segmented>
  <object>
    <name>cupboard</name>
    <pose>Unspecified</pose>
    <truncated>0</truncated>
    <difficult>0</difficult>
    <bndbox>
      <xmin>0.00</xmin>
      <ymin>0.91</ymin>
      <xmax>421.36</xmax>
      <ymax>188.64</ymax>
    </bndbox>
  </object>
</annotation>