<?xml version="1.0" encoding="UTF-8" ?>
<annotation>
  <folder>RGB200W_2998499999600_116444811212940445.jpg</folder>
  <filename>RGB200W_2998499999600_116444811212940445.jpg</filename>
  <path>http://172.18.39.209:9000/aliimages1999999982/RGB200W_2998499999600_116444811212940445.jpg</path>
  <source>
    <database>Unknown</database>
  </source>
  <size>
    <width>642</width>
    <height>362</height>
    <depth>0</depth>
  </size>
  <segmented>0</segmented>
  <object>
    <name>refrigerator</name>
    <pose>Unspecified</pose>
    <truncated>0</truncated>
    <difficult>0</difficult>
    <bndbox>
      <xmin>290.91</xmin>
      <ymin>0.91</ymin>
      <xmax>407.73</xmax>
      <ymax>210.91</ymax>
    </bndbox>
  </object>
  <object>
    <name>cupboard</name>
    <pose>Unspecified</pose>
    <truncated>0</truncated>
    <difficult>0</difficult>
    <bndbox>
      <xmin>411.82</xmin>
      <ymin>101.82</ymin>
      <xmax>470.00</xmax>
      <ymax>206.82</ymax>
    </bndbox>
  </object>
  <object>
    <name>blanket</name>
    <pose>Unspecified</pose>
    <truncated>0</truncated>
    <difficult>0</difficult>
    <bndbox>
      <xmin>325.00</xmin>
      <ymin>208.64</ymin>
      <xmax>501.82</xmax>
      <ymax>223.64</ymax>
    </bndbox>
  </object>
  <object>
    <name>door_anno</name>
    <pose>Unspecified</pose>
    <truncated>0</truncated>
    <difficult>0</difficult>
    <bndbox>
      <xmin>0.91</xmin>
      <ymin>0.91</ymin>
      <xmax>201.82</xmax>
      <ymax>216.82</ymax>
    </bndbox>
  </object>
</annotation>