<?xml version="1.0" encoding="UTF-8" ?>
<annotation>
  <folder>RGB200W_202006292031_116444928589446642.jpg</folder>
  <filename>RGB200W_202006292031_116444928589446642.jpg</filename>
  <path>http://172.18.39.209:9000/aliimages1999999990/RGB200W_202006292031_116444928589446642.jpg</path>
  <source>
    <database>Unknown</database>
  </source>
  <size>
    <width>642</width>
    <height>361</height>
    <depth>0</depth>
  </size>
  <segmented>0</segmented>
  <object>
    <name>washing_machine</name>
    <pose>Unspecified</pose>
    <truncated>0</truncated>
    <difficult>0</difficult>
    <bndbox>
      <xmin>277.27</xmin>
      <ymin>46.82</ymin>
      <xmax>386.82</xmax>
      <ymax>189.09</ymax>
    </bndbox>
  </object>
  <object>
    <name>cupboard</name>
    <pose>Unspecified</pose>
    <truncated>0</truncated>
    <difficult>0</difficult>
    <bndbox>
      <xmin>482.73</xmin>
      <ymin>0.91</ymin>
      <xmax>641.82</xmax>
      <ymax>190.45</ymax>
    </bndbox>
  </object>
  <object>
    <name>wire</name>
    <pose>Unspecified</pose>
    <truncated>0</truncated>
    <difficult>0</difficult>
    <bndbox>
      <xmin>170.45</xmin>
      <ymin>185.45</ymin>
      <xmax>260.45</xmax>
      <ymax>212.27</ymax>
    </bndbox>
  </object>
</annotation>