<?xml version="1.0" encoding="UTF-8" ?>
<annotation>
  <folder>RGB200W_277985919_116449685775529236.jpg</folder>
  <filename>RGB200W_277985919_116449685775529236.jpg</filename>
  <path>http://172.18.39.209:9000/aliimages1999999990/RGB200W_277985919_116449685775529236.jpg</path>
  <source>
    <database>Unknown</database>
  </source>
  <size>
    <width>642</width>
    <height>361</height>
    <depth>0</depth>
  </size>
  <segmented>0</segmented>
  <object>
    <name>blanket</name>
    <pose>Unspecified</pose>
    <truncated>0</truncated>
    <difficult>0</difficult>
    <bndbox>
      <xmin>0.00</xmin>
      <ymin>241.36</ymin>
      <xmax>629.09</xmax>
      <ymax>360.91</ymax>
    </bndbox>
  </object>
  <object>
    <name>metal_chair_foot</name>
    <pose>Unspecified</pose>
    <truncated>0</truncated>
    <difficult>0</difficult>
    <bndbox>
      <xmin>228.64</xmin>
      <ymin>224.09</ymin>
      <xmax>266.82</xmax>
      <ymax>233.64</ymax>
    </bndbox>
  </object>
  <object>
    <name>cupboard</name>
    <pose>Unspecified</pose>
    <truncated>0</truncated>
    <difficult>0</difficult>
    <bndbox>
      <xmin>327.27</xmin>
      <ymin>168.18</ymin>
      <xmax>414.09</xmax>
      <ymax>225.45</ymax>
    </bndbox>
  </object>
</annotation>