<?xml version="1.0" encoding="UTF-8" ?>
<annotation>
  <folder>RGB200W_010102104221005_116447996221286513.jpg</folder>
  <filename>RGB200W_010102104221005_116447996221286513.jpg</filename>
  <path>http://172.18.39.209:9000/aliimages1999999986/RGB200W_010102104221005_116447996221286513.jpg</path>
  <source>
    <database>Unknown</database>
  </source>
  <size>
    <width>642</width>
    <height>362</height>
    <depth>0</depth>
  </size>
  <segmented>0</segmented>
  <object>
    <name>cupboard1</name>
    <pose>Unspecified</pose>
    <truncated>0</truncated>
    <difficult>0</difficult>
    <bndbox>
      <xmin>292.73</xmin>
      <ymin>141.82</ymin>
      <xmax>345.00</xmax>
      <ymax>218.64</ymax>
    </bndbox>
  </object>
  <object>
    <name>door_anno</name>
    <pose>Unspecified</pose>
    <truncated>0</truncated>
    <difficult>0</difficult>
    <bndbox>
      <xmin>230.00</xmin>
      <ymin>95.91</ymin>
      <xmax>257.73</xmax>
      <ymax>216.82</ymax>
    </bndbox>
  </object>
  <object>
    <name>door_anno</name>
    <pose>Unspecified</pose>
    <truncated>0</truncated>
    <difficult>0</difficult>
    <bndbox>
      <xmin>343.64</xmin>
      <ymin>28.64</ymin>
      <xmax>392.73</xmax>
      <ymax>220.91</ymax>
    </bndbox>
  </object>
  <object>
    <name>wire</name>
    <pose>Unspecified</pose>
    <truncated>0</truncated>
    <difficult>0</difficult>
    <bndbox>
      <xmin>472.73</xmin>
      <ymin>45.91</ymin>
      <xmax>487.73</xmax>
      <ymax>123.64</ymax>
    </bndbox>
  </object>
  <object>
    <name>dining_table1</name>
    <pose>Unspecified</pose>
    <truncated>0</truncated>
    <difficult>0</difficult>
    <bndbox>
      <xmin>0.91</xmin>
      <ymin>0.91</ymin>
      <xmax>245.91</xmax>
      <ymax>237.73</ymax>
    </bndbox>
  </object>
</annotation>