<?xml version="1.0" encoding="UTF-8" ?>
<annotation>
  <folder>RGB200W_29984CRL30V00066764_116445368761927578.jpg</folder>
  <filename>RGB200W_29984CRL30V00066764_116445368761927578.jpg</filename>
  <path>http://172.18.39.209:9000/aliimages1999999979/RGB200W_29984CRL30V00066764_116445368761927578.jpg</path>
  <source>
    <database>Unknown</database>
  </source>
  <size>
    <width>642</width>
    <height>362</height>
    <depth>0</depth>
  </size>
  <segmented>0</segmented>
  <object>
    <name>door_anno</name>
    <pose>Unspecified</pose>
    <truncated>0</truncated>
    <difficult>0</difficult>
    <bndbox>
      <xmin>330.00</xmin>
      <ymin>63.64</ymin>
      <xmax>411.82</xmax>
      <ymax>215.00</ymax>
    </bndbox>
  </object>
  <object>
    <name>cupboard</name>
    <pose>Unspecified</pose>
    <truncated>0</truncated>
    <difficult>0</difficult>
    <bndbox>
      <xmin>421.82</xmin>
      <ymin>140.91</ymin>
      <xmax>545.00</xmax>
      <ymax>213.64</ymax>
    </bndbox>
  </object>
</annotation>