<?xml version="1.0" encoding="UTF-8" ?>
<annotation>
  <folder>20210921</folder>
  <filename>RGB200W_29984CRL30V00005304_1632179046_427.jpg</filename>
  <path>http://172.18.39.209:9000/aliimages/20210921/RGB200W_29984CRL30V00005304_1632179046_427.jpg</path>
  <source>
    <database>Unknown</database>
  </source>
  <size>
    <width>642</width>
    <height>362</height>
    <depth>0</depth>
  </size>
  <segmented>0</segmented>
  <object>
    <name>cupboard</name>
    <pose>Unspecified</pose>
    <truncated>0</truncated>
    <difficult>0</difficult>
    <bndbox>
      <xmin>285.00</xmin>
      <ymin>0.45</ymin>
      <xmax>624.55</xmax>
      <ymax>255.00</ymax>
    </bndbox>
  </object>
  <object>
    <name>trash_can</name>
    <pose>Unspecified</pose>
    <truncated>0</truncated>
    <difficult>0</difficult>
    <bndbox>
      <xmin>461.82</xmin>
      <ymin>140.91</ymin>
      <xmax>548.18</xmax>
      <ymax>236.82</ymax>
    </bndbox>
  </object>
</annotation>