<?xml version="1.0" encoding="UTF-8" ?>
<annotation>
  <folder>RGB200W_202006292031_116444771195436604.jpg</folder>
  <filename>RGB200W_202006292031_116444771195436604.jpg</filename>
  <path>http://172.18.39.209:9000/aliimages1999999990/RGB200W_202006292031_116444771195436604.jpg</path>
  <source>
    <database>Unknown</database>
  </source>
  <size>
    <width>642</width>
    <height>361</height>
    <depth>0</depth>
  </size>
  <segmented>0</segmented>
  <object>
    <name>slipper</name>
    <pose>Unspecified</pose>
    <truncated>0</truncated>
    <difficult>0</difficult>
    <bndbox>
      <xmin>455.91</xmin>
      <ymin>209.55</ymin>
      <xmax>522.27</xmax>
      <ymax>235.00</ymax>
    </bndbox>
  </object>
  <object>
    <name>slipper</name>
    <pose>Unspecified</pose>
    <truncated>0</truncated>
    <difficult>0</difficult>
    <bndbox>
      <xmin>407.27</xmin>
      <ymin>208.64</ymin>
      <xmax>450.45</xmax>
      <ymax>235.00</ymax>
    </bndbox>
  </object>
  <object>
    <name>slipper</name>
    <pose>Unspecified</pose>
    <truncated>0</truncated>
    <difficult>0</difficult>
    <bndbox>
      <xmin>330.45</xmin>
      <ymin>210.91</ymin>
      <xmax>465.00</xmax>
      <ymax>261.82</ymax>
    </bndbox>
  </object>
  <object>
    <name>slipper</name>
    <pose>Unspecified</pose>
    <truncated>0</truncated>
    <difficult>0</difficult>
    <bndbox>
      <xmin>175.45</xmin>
      <ymin>210.91</ymin>
      <xmax>449.55</xmax>
      <ymax>360.91</ymax>
    </bndbox>
  </object>
  <object>
    <name>wire</name>
    <pose>Unspecified</pose>
    <truncated>0</truncated>
    <difficult>0</difficult>
    <bndbox>
      <xmin>0.91</xmin>
      <ymin>185.91</ymin>
      <xmax>78.64</xmax>
      <ymax>244.09</ymax>
    </bndbox>
  </object>
  <object>
    <name>wire</name>
    <pose>Unspecified</pose>
    <truncated>0</truncated>
    <difficult>0</difficult>
    <bndbox>
      <xmin>51.36</xmin>
      <ymin>176.82</ymin>
      <xmax>84.09</xmax>
      <ymax>187.73</ymax>
    </bndbox>
  </object>
  <object>
    <name>wire</name>
    <pose>Unspecified</pose>
    <truncated>0</truncated>
    <difficult>0</difficult>
    <bndbox>
      <xmin>56.82</xmin>
      <ymin>189.09</ymin>
      <xmax>84.55</xmax>
      <ymax>202.73</ymax>
    </bndbox>
  </object>
  <object>
    <name>wire</name>
    <pose>Unspecified</pose>
    <truncated>0</truncated>
    <difficult>0</difficult>
    <bndbox>
      <xmin>0.91</xmin>
      <ymin>119.09</ymin>
      <xmax>31.82</xmax>
      <ymax>193.18</ymax>
    </bndbox>
  </object>
  <object>
    <name>washing_machine</name>
    <pose>Unspecified</pose>
    <truncated>0</truncated>
    <difficult>0</difficult>
    <bndbox>
      <xmin>35.00</xmin>
      <ymin>0.00</ymin>
      <xmax>191.36</xmax>
      <ymax>196.36</ymax>
    </bndbox>
  </object>
  <object>
    <name>cupboard</name>
    <pose>Unspecified</pose>
    <truncated>0</truncated>
    <difficult>0</difficult>
    <bndbox>
      <xmin>277.73</xmin>
      <ymin>0.00</ymin>
      <xmax>641.82</xmax>
      <ymax>259.09</ymax>
    </bndbox>
  </object>
</annotation>