<?xml version="1.0" encoding="UTF-8" ?>
<annotation>
  <folder>RGB200W_277985931_116444771777897877.jpg</folder>
  <filename>RGB200W_277985931_116444771777897877.jpg</filename>
  <path>http://172.18.39.209:9000/aliimages1999999990/RGB200W_277985931_116444771777897877.jpg</path>
  <source>
    <database>Unknown</database>
  </source>
  <size>
    <width>642</width>
    <height>361</height>
    <depth>0</depth>
  </size>
  <segmented>0</segmented>
  <object>
    <name>cupboard</name>
    <pose>Unspecified</pose>
    <truncated>0</truncated>
    <difficult>0</difficult>
    <bndbox>
      <xmin>0.00</xmin>
      <ymin>0.00</ymin>
      <xmax>422.27</xmax>
      <ymax>222.27</ymax>
    </bndbox>
  </object>
  <object>
    <name>wire</name>
    <pose>Unspecified</pose>
    <truncated>0</truncated>
    <difficult>0</difficult>
    <bndbox>
      <xmin>364.09</xmin>
      <ymin>59.09</ymin>
      <xmax>378.64</xmax>
      <ymax>66.36</ymax>
    </bndbox>
  </object>
</annotation>