<?xml version="1.0" encoding="UTF-8" ?>
<annotation>
  <folder>RGB200W_2998499999442_116444747245337370_rgb.jpg</folder>
  <filename>RGB200W_2998499999442_116444747245337370_rgb.jpg</filename>
  <path>http://172.18.39.209:9000/aliimages1999999968/RGB200W_2998499999442_116444747245337370_rgb.jpg</path>
  <source>
    <database>Unknown</database>
  </source>
  <size>
    <width>352</width>
    <height>352</height>
    <depth>0</depth>
  </size>
  <segmented>0</segmented>
  <object>
    <name>plastic_water_cup</name>
    <pose>Unspecified</pose>
    <truncated>0</truncated>
    <difficult>0</difficult>
    <bndbox>
      <xmin>195.91</xmin>
      <ymin>175.00</ymin>
      <xmax>232.73</xmax>
      <ymax>223.64</ymax>
    </bndbox>
  </object>
  <object>
    <name>tissue_bag</name>
    <pose>Unspecified</pose>
    <truncated>0</truncated>
    <difficult>0</difficult>
    <bndbox>
      <xmin>120.00</xmin>
      <ymin>195.91</ymin>
      <xmax>160.91</xmax>
      <ymax>218.64</ymax>
    </bndbox>
  </object>
  <object>
    <name>cupboard</name>
    <pose>Unspecified</pose>
    <truncated>0</truncated>
    <difficult>0</difficult>
    <bndbox>
      <xmin>16.82</xmin>
      <ymin>0.91</ymin>
      <xmax>351.82</xmax>
      <ymax>222.73</ymax>
    </bndbox>
  </object>
</annotation>