<?xml version="1.0" encoding="UTF-8" ?>
<annotation>
  <folder>RGB200W_CRL9993I202006069999_1591690572102376.jpg</folder>
  <filename>RGB200W_CRL9993I202006069999_1591690572102376.jpg</filename>
  <path>http://172.18.39.209:9000/aliimages1999999965/RGB200W_CRL9993I202006069999_1591690572102376.jpg</path>
  <source>
    <database>Unknown</database>
  </source>
  <size>
    <width>642</width>
    <height>361</height>
    <depth>0</depth>
  </size>
  <segmented>0</segmented>
  <object>
    <name>cupboard</name>
    <pose>Unspecified</pose>
    <truncated>0</truncated>
    <difficult>0</difficult>
    <bndbox>
      <xmin>16.36</xmin>
      <ymin>30.00</ymin>
      <xmax>240.00</xmax>
      <ymax>203.18</ymax>
    </bndbox>
  </object>
  <object>
    <name>door_anno</name>
    <pose>Unspecified</pose>
    <truncated>0</truncated>
    <difficult>0</difficult>
    <bndbox>
      <xmin>273.18</xmin>
      <ymin>41.82</ymin>
      <xmax>325.00</xmax>
      <ymax>192.73</ymax>
    </bndbox>
  </object>
  <object>
    <name>wire</name>
    <pose>Unspecified</pose>
    <truncated>0</truncated>
    <difficult>0</difficult>
    <bndbox>
      <xmin>520.00</xmin>
      <ymin>91.36</ymin>
      <xmax>538.64</xmax>
      <ymax>125.00</ymax>
    </bndbox>
  </object>
  <object>
    <name>door_anno</name>
    <pose>Unspecified</pose>
    <truncated>0</truncated>
    <difficult>0</difficult>
    <bndbox>
      <xmin>586.82</xmin>
      <ymin>0.00</ymin>
      <xmax>641.82</xmax>
      <ymax>188.64</ymax>
    </bndbox>
  </object>
  <object>
    <name>unknown</name>
    <pose>Unspecified</pose>
    <truncated>0</truncated>
    <difficult>0</difficult>
    <bndbox>
      <xmin>259.09</xmin>
      <ymin>128.64</ymin>
      <xmax>284.09</xmax>
      <ymax>178.64</ymax>
    </bndbox>
  </object>
  <object>
    <name>unknown</name>
    <pose>Unspecified</pose>
    <truncated>0</truncated>
    <difficult>0</difficult>
    <bndbox>
      <xmin>228.64</xmin>
      <ymin>128.18</ymin>
      <xmax>250.00</xmax>
      <ymax>178.18</ymax>
    </bndbox>
  </object>
</annotation>