<?xml version="1.0" encoding="UTF-8" ?>
<annotation>
  <folder>RGB200W_2998499999352_116446079325133138.jpg</folder>
  <filename>RGB200W_2998499999352_116446079325133138.jpg</filename>
  <path>http://172.18.39.209:9000/aliimages2022010423/RGB200W_2998499999352_116446079325133138.jpg</path>
  <source>
    <database>Unknown</database>
  </source>
  <size>
    <width>642</width>
    <height>362</height>
    <depth>0</depth>
  </size>
  <segmented>0</segmented>
  <object>
    <name>person_leg</name>
    <pose>Unspecified</pose>
    <truncated>0</truncated>
    <difficult>0</difficult>
    <bndbox>
      <xmin>450.91</xmin>
      <ymin>106.82</ymin>
      <xmax>527.73</xmax>
      <ymax>201.82</ymax>
    </bndbox>
  </object>
  <object>
    <name>person_leg</name>
    <pose>Unspecified</pose>
    <truncated>0</truncated>
    <difficult>0</difficult>
    <bndbox>
      <xmin>405.00</xmin>
      <ymin>100.91</ymin>
      <xmax>463.64</xmax>
      <ymax>213.64</ymax>
    </bndbox>
  </object>
  <object>
    <name>cupboard</name>
    <pose>Unspecified</pose>
    <truncated>0</truncated>
    <difficult>0</difficult>
    <bndbox>
      <xmin>395.91</xmin>
      <ymin>38.64</ymin>
      <xmax>560.91</xmax>
      <ymax>208.64</ymax>
    </bndbox>
  </object>
  <object>
    <name>door_anno</name>
    <pose>Unspecified</pose>
    <truncated>0</truncated>
    <difficult>0</difficult>
    <bndbox>
      <xmin>92.73</xmin>
      <ymin>0.91</ymin>
      <xmax>402.73</xmax>
      <ymax>226.82</ymax>
    </bndbox>
  </object>
  <object>
    <name>slipper</name>
    <pose>Unspecified</pose>
    <truncated>0</truncated>
    <difficult>0</difficult>
    <bndbox>
      <xmin>400.91</xmin>
      <ymin>193.64</ymin>
      <xmax>470.91</xmax>
      <ymax>215.91</ymax>
    </bndbox>
  </object>
</annotation>