<?xml version="1.0" encoding="UTF-8" ?>
<annotation>
  <folder>RGB200W_202006292033_116444756630621309.jpg</folder>
  <filename>RGB200W_202006292033_116444756630621309.jpg</filename>
  <path>http://172.18.39.209:9000/aliimages1999999990/RGB200W_202006292033_116444756630621309.jpg</path>
  <source>
    <database>Unknown</database>
  </source>
  <size>
    <width>642</width>
    <height>361</height>
    <depth>0</depth>
  </size>
  <segmented>0</segmented>
  <object>
    <name>wire</name>
    <pose>Unspecified</pose>
    <truncated>0</truncated>
    <difficult>0</difficult>
    <bndbox>
      <xmin>181.36</xmin>
      <ymin>96.82</ymin>
      <xmax>242.27</xmax>
      <ymax>242.73</ymax>
    </bndbox>
  </object>
  <object>
    <name>charger</name>
    <pose>Unspecified</pose>
    <truncated>0</truncated>
    <difficult>0</difficult>
    <bndbox>
      <xmin>0.00</xmin>
      <ymin>165.00</ymin>
      <xmax>196.36</xmax>
      <ymax>284.09</ymax>
    </bndbox>
  </object>
  <object>
    <name>washing_machine</name>
    <pose>Unspecified</pose>
    <truncated>0</truncated>
    <difficult>0</difficult>
    <bndbox>
      <xmin>192.73</xmin>
      <ymin>0.00</ymin>
      <xmax>417.27</xmax>
      <ymax>233.64</ymax>
    </bndbox>
  </object>
  <object>
    <name>cupboard</name>
    <pose>Unspecified</pose>
    <truncated>0</truncated>
    <difficult>0</difficult>
    <bndbox>
      <xmin>602.27</xmin>
      <ymin>29.55</ymin>
      <xmax>641.82</xmax>
      <ymax>194.55</ymax>
    </bndbox>
  </object>
</annotation>