<?xml version="1.0" encoding="UTF-8" ?>
<annotation>
  <folder>RGB200W_202006292031_116444741338703545.jpg</folder>
  <filename>RGB200W_202006292031_116444741338703545.jpg</filename>
  <path>http://172.18.39.209:9000/aliimages1999999990/RGB200W_202006292031_116444741338703545.jpg</path>
  <source>
    <database>Unknown</database>
  </source>
  <size>
    <width>642</width>
    <height>361</height>
    <depth>0</depth>
  </size>
  <segmented>0</segmented>
  <object>
    <name>cupboard</name>
    <pose>Unspecified</pose>
    <truncated>0</truncated>
    <difficult>0</difficult>
    <bndbox>
      <xmin>308.18</xmin>
      <ymin>55.45</ymin>
      <xmax>427.27</xmax>
      <ymax>181.82</ymax>
    </bndbox>
  </object>
  <object>
    <name>slipper</name>
    <pose>Unspecified</pose>
    <truncated>0</truncated>
    <difficult>0</difficult>
    <bndbox>
      <xmin>375.45</xmin>
      <ymin>170.45</ymin>
      <xmax>414.09</xmax>
      <ymax>183.18</ymax>
    </bndbox>
  </object>
  <object>
    <name>chair_base</name>
    <pose>Unspecified</pose>
    <truncated>0</truncated>
    <difficult>0</difficult>
    <bndbox>
      <xmin>515.00</xmin>
      <ymin>165.91</ymin>
      <xmax>641.82</xmax>
      <ymax>193.64</ymax>
    </bndbox>
  </object>
  <object>
    <name>refrigerator</name>
    <pose>Unspecified</pose>
    <truncated>0</truncated>
    <difficult>0</difficult>
    <bndbox>
      <xmin>0.91</xmin>
      <ymin>0.45</ymin>
      <xmax>143.64</xmax>
      <ymax>194.09</ymax>
    </bndbox>
  </object>
</annotation>