<?xml version="1.0" encoding="UTF-8" ?>
<annotation>
  <folder>RGB200W_202006292030_116444744253524406.jpg</folder>
  <filename>RGB200W_202006292030_116444744253524406.jpg</filename>
  <path>http://172.18.39.209:9000/aliimages1999999990/RGB200W_202006292030_116444744253524406.jpg</path>
  <source>
    <database>Unknown</database>
  </source>
  <size>
    <width>642</width>
    <height>361</height>
    <depth>0</depth>
  </size>
  <segmented>0</segmented>
  <object>
    <name>slipper</name>
    <pose>Unspecified</pose>
    <truncated>0</truncated>
    <difficult>0</difficult>
    <bndbox>
      <xmin>475.45</xmin>
      <ymin>185.91</ymin>
      <xmax>545.45</xmax>
      <ymax>208.64</ymax>
    </bndbox>
  </object>
  <object>
    <name>refrigerator</name>
    <pose>Unspecified</pose>
    <truncated>0</truncated>
    <difficult>0</difficult>
    <bndbox>
      <xmin>551.36</xmin>
      <ymin>27.73</ymin>
      <xmax>641.82</xmax>
      <ymax>199.09</ymax>
    </bndbox>
  </object>
  <object>
    <name>cupboard</name>
    <pose>Unspecified</pose>
    <truncated>0</truncated>
    <difficult>0</difficult>
    <bndbox>
      <xmin>0.00</xmin>
      <ymin>0.00</ymin>
      <xmax>455.45</xmax>
      <ymax>241.82</ymax>
    </bndbox>
  </object>
</annotation>