<?xml version="1.0" encoding="UTF-8" ?>
<annotation>
  <folder>RGB200W_277985919_116445741117263278.jpg</folder>
  <filename>RGB200W_277985919_116445741117263278.jpg</filename>
  <path>http://172.18.39.209:9000/aliimages2021122805/RGB200W_277985919_116445741117263278.jpg</path>
  <source>
    <database>Unknown</database>
  </source>
  <size>
    <width>1920</width>
    <height>1079</height>
    <depth>0</depth>
  </size>
  <segmented>0</segmented>
  <object>
    <name>person_leg</name>
    <pose>Unspecified</pose>
    <truncated>0</truncated>
    <difficult>0</difficult>
    <bndbox>
      <xmin>1627.19</xmin>
      <ymin>203.91</ymin>
      <xmax>1814.78</xmax>
      <ymax>652.51</ymax>
    </bndbox>
  </object>
  <object>
    <name>metal_chair_foot</name>
    <pose>Unspecified</pose>
    <truncated>0</truncated>
    <difficult>0</difficult>
    <bndbox>
      <xmin>697.37</xmin>
      <ymin>662.02</ymin>
      <xmax>957.01</xmax>
      <ymax>708.24</ymax>
    </bndbox>
  </object>
  <object>
    <name>refrigerator</name>
    <pose>Unspecified</pose>
    <truncated>0</truncated>
    <difficult>0</difficult>
    <bndbox>
      <xmin>1117.42</xmin>
      <ymin>104.67</ymin>
      <xmax>1367.54</xmax>
      <ymax>675.62</ymax>
    </bndbox>
  </object>
  <object>
    <name>cupboard</name>
    <pose>Unspecified</pose>
    <truncated>0</truncated>
    <difficult>0</difficult>
    <bndbox>
      <xmin>1348.51</xmin>
      <ymin>78.84</ymin>
      <xmax>1919.46</xmax>
      <ymax>676.98</ymax>
    </bndbox>
  </object>
  <object>
    <name>trash_can</name>
    <pose>Unspecified</pose>
    <truncated>0</truncated>
    <difficult>0</difficult>
    <bndbox>
      <xmin>1783.52</xmin>
      <ymin>492.10</ymin>
      <xmax>1918.10</xmax>
      <ymax>715.04</ymax>
    </bndbox>
  </object>
</annotation>