<?xml version="1.0" encoding="UTF-8" ?>
<annotation>
  <folder>RGB200W_202006292027_116444805607108545.jpg</folder>
  <filename>RGB200W_202006292027_116444805607108545.jpg</filename>
  <path>http://172.18.39.209:9000/aliimages2021122805/RGB200W_202006292027_116444805607108545.jpg</path>
  <source>
    <database>Unknown</database>
  </source>
  <size>
    <width>1920</width>
    <height>1079</height>
    <depth>0</depth>
  </size>
  <segmented>0</segmented>
  <object>
    <name>cupboard</name>
    <pose>Unspecified</pose>
    <truncated>0</truncated>
    <difficult>0</difficult>
    <bndbox>
      <xmin>804.76</xmin>
      <ymin>0.00</ymin>
      <xmax>1905.86</xmax>
      <ymax>697.37</ymax>
    </bndbox>
  </object>
  <object>
    <name>person</name>
    <pose>Unspecified</pose>
    <truncated>0</truncated>
    <difficult>0</difficult>
    <bndbox>
      <xmin>244.69</xmin>
      <ymin>0.00</ymin>
      <xmax>609.01</xmax>
      <ymax>626.68</ymax>
    </bndbox>
  </object>
</annotation>