<?xml version="1.0" encoding="UTF-8" ?>
<annotation>
  <folder>RGB200W_29984CRL30V00064960_116446400632543362.jpg</folder>
  <filename>RGB200W_29984CRL30V00064960_116446400632543362.jpg</filename>
  <path>http://172.18.39.209:9000/aliimages1999999979/RGB200W_29984CRL30V00064960_116446400632543362.jpg</path>
  <source>
    <database>Unknown</database>
  </source>
  <size>
    <width>642</width>
    <height>362</height>
    <depth>0</depth>
  </size>
  <segmented>0</segmented>
  <object>
    <name>blanket</name>
    <pose>Unspecified</pose>
    <truncated>0</truncated>
    <difficult>0</difficult>
    <bndbox>
      <xmin>0.91</xmin>
      <ymin>216.82</ymin>
      <xmax>495.91</xmax>
      <ymax>328.64</ymax>
    </bndbox>
  </object>
  <object>
    <name>cupboard</name>
    <pose>Unspecified</pose>
    <truncated>0</truncated>
    <difficult>0</difficult>
    <bndbox>
      <xmin>25.91</xmin>
      <ymin>131.82</ymin>
      <xmax>177.73</xmax>
      <ymax>213.64</ymax>
    </bndbox>
  </object>
</annotation>