<?xml version="1.0" encoding="UTF-8" ?>
<annotation>
  <folder>RGB200W_202006292030_116444744657795964.jpg</folder>
  <filename>RGB200W_202006292030_116444744657795964.jpg</filename>
  <path>http://172.18.39.209:9000/aliimages1999999990/RGB200W_202006292030_116444744657795964.jpg</path>
  <source>
    <database>Unknown</database>
  </source>
  <size>
    <width>642</width>
    <height>361</height>
    <depth>0</depth>
  </size>
  <segmented>0</segmented>
  <object>
    <name>cupboard</name>
    <pose>Unspecified</pose>
    <truncated>0</truncated>
    <difficult>0</difficult>
    <bndbox>
      <xmin>0.00</xmin>
      <ymin>0.00</ymin>
      <xmax>293.18</xmax>
      <ymax>234.55</ymax>
    </bndbox>
  </object>
  <object>
    <name>refrigerator</name>
    <pose>Unspecified</pose>
    <truncated>0</truncated>
    <difficult>0</difficult>
    <bndbox>
      <xmin>423.64</xmin>
      <ymin>0.00</ymin>
      <xmax>586.82</xmax>
      <ymax>205.45</ymax>
    </bndbox>
  </object>
</annotation>