<?xml version="1.0" encoding="UTF-8" ?>
<annotation>
  <folder>2022012502</folder>
  <filename>RGB200W_29984CRL30V00066387_1637729059_7522.jpg</filename>
  <path>http://172.18.39.209:9000/aliimages/2022012502/RGB200W_29984CRL30V00066387_1637729059_7522.jpg</path>
  <source>
    <database>Unknown</database>
  </source>
  <size>
    <width>642</width>
    <height>362</height>
    <depth>0</depth>
  </size>
  <segmented>0</segmented>
  <object>
    <name>door_anno</name>
    <pose>Unspecified</pose>
    <truncated>0</truncated>
    <difficult>0</difficult>
    <bndbox>
      <xmin>411.82</xmin>
      <ymin>1.36</ymin>
      <xmax>553.64</xmax>
      <ymax>231.36</ymax>
    </bndbox>
  </object>
  <object>
    <name>cupboard1</name>
    <pose>Unspecified</pose>
    <truncated>0</truncated>
    <difficult>0</difficult>
    <bndbox>
      <xmin>307.27</xmin>
      <ymin>120.45</ymin>
      <xmax>435.45</xmax>
      <ymax>216.36</ymax>
    </bndbox>
  </object>
</annotation>