<?xml version="1.0" encoding="UTF-8" ?>
<annotation>
  <folder>RGB200W_29984CRL30V00066764_116445373781006525.jpg</folder>
  <filename>RGB200W_29984CRL30V00066764_116445373781006525.jpg</filename>
  <path>http://172.18.39.209:9000/aliimages1999999979/RGB200W_29984CRL30V00066764_116445373781006525.jpg</path>
  <source>
    <database>Unknown</database>
  </source>
  <size>
    <width>642</width>
    <height>362</height>
    <depth>0</depth>
  </size>
  <segmented>0</segmented>
  <object>
    <name>door_anno</name>
    <pose>Unspecified</pose>
    <truncated>0</truncated>
    <difficult>0</difficult>
    <bndbox>
      <xmin>251.82</xmin>
      <ymin>65.00</ymin>
      <xmax>331.82</xmax>
      <ymax>216.82</ymax>
    </bndbox>
  </object>
  <object>
    <name>cupboard</name>
    <pose>Unspecified</pose>
    <truncated>0</truncated>
    <difficult>0</difficult>
    <bndbox>
      <xmin>343.64</xmin>
      <ymin>140.91</ymin>
      <xmax>466.82</xmax>
      <ymax>215.91</ymax>
    </bndbox>
  </object>
</annotation>