<?xml version="1.0" encoding="UTF-8" ?>
<annotation>
  <folder>RGB200W_010102104221023_116444749648244749.jpg</folder>
  <filename>RGB200W_010102104221023_116444749648244749.jpg</filename>
  <path>http://172.18.39.209:9000/aliimages1999999986/RGB200W_010102104221023_116444749648244749.jpg</path>
  <source>
    <database>Unknown</database>
  </source>
  <size>
    <width>642</width>
    <height>362</height>
    <depth>0</depth>
  </size>
  <segmented>0</segmented>
  <object>
    <name>door_anno</name>
    <pose>Unspecified</pose>
    <truncated>0</truncated>
    <difficult>0</difficult>
    <bndbox>
      <xmin>353.64</xmin>
      <ymin>120.91</ymin>
      <xmax>393.64</xmax>
      <ymax>205.00</ymax>
    </bndbox>
  </object>
  <object>
    <name>bed</name>
    <pose>Unspecified</pose>
    <truncated>0</truncated>
    <difficult>0</difficult>
    <bndbox>
      <xmin>167.73</xmin>
      <ymin>102.73</ymin>
      <xmax>367.73</xmax>
      <ymax>210.00</ymax>
    </bndbox>
  </object>
  <object>
    <name>cupboard</name>
    <pose>Unspecified</pose>
    <truncated>0</truncated>
    <difficult>0</difficult>
    <bndbox>
      <xmin>397.73</xmin>
      <ymin>150.91</ymin>
      <xmax>426.82</xmax>
      <ymax>203.64</ymax>
    </bndbox>
  </object>
  <object>
    <name>cabinet</name>
    <pose>Unspecified</pose>
    <truncated>0</truncated>
    <difficult>0</difficult>
    <bndbox>
      <xmin>117.73</xmin>
      <ymin>126.82</ymin>
      <xmax>175.91</xmax>
      <ymax>205.91</ymax>
    </bndbox>
  </object>
  <object>
    <name>sofa</name>
    <pose>Unspecified</pose>
    <truncated>0</truncated>
    <difficult>0</difficult>
    <bndbox>
      <xmin>0.91</xmin>
      <ymin>0.91</ymin>
      <xmax>145.91</xmax>
      <ymax>205.91</ymax>
    </bndbox>
  </object>
</annotation>