<?xml version="1.0" encoding="UTF-8" ?>
<annotation>
  <folder>RGB200W_29984_99999271_116444774740548321.jpg</folder>
  <filename>RGB200W_29984_99999271_116444774740548321.jpg</filename>
  <path>http://172.18.39.209:9000/aliimages1999999990/RGB200W_29984_99999271_116444774740548321.jpg</path>
  <source>
    <database>Unknown</database>
  </source>
  <size>
    <width>642</width>
    <height>362</height>
    <depth>0</depth>
  </size>
  <segmented>0</segmented>
  <object>
    <name>door_anno</name>
    <pose>Unspecified</pose>
    <truncated>0</truncated>
    <difficult>0</difficult>
    <bndbox>
      <xmin>100.91</xmin>
      <ymin>0.91</ymin>
      <xmax>200.91</xmax>
      <ymax>221.82</ymax>
    </bndbox>
  </object>
  <object>
    <name>cupboard</name>
    <pose>Unspecified</pose>
    <truncated>0</truncated>
    <difficult>0</difficult>
    <bndbox>
      <xmin>210.91</xmin>
      <ymin>152.73</ymin>
      <xmax>292.73</xmax>
      <ymax>213.64</ymax>
    </bndbox>
  </object>
</annotation>