<?xml version="1.0" encoding="UTF-8" ?>
<annotation>
  <folder>RGB200W_277985930_116448817562332021.jpg</folder>
  <filename>RGB200W_277985930_116448817562332021.jpg</filename>
  <path>http://172.18.39.209:9000/aliimages2021122805/RGB200W_277985930_116448817562332021.jpg</path>
  <source>
    <database>Unknown</database>
  </source>
  <size>
    <width>1920</width>
    <height>1079</height>
    <depth>0</depth>
  </size>
  <segmented>0</segmented>
  <object>
    <name>person_leg</name>
    <pose>Unspecified</pose>
    <truncated>0</truncated>
    <difficult>0</difficult>
    <bndbox>
      <xmin>1031.78</xmin>
      <ymin>448.60</ymin>
      <xmax>1091.59</xmax>
      <ymax>609.01</ymax>
    </bndbox>
  </object>
  <object>
    <name>person_leg</name>
    <pose>Unspecified</pose>
    <truncated>0</truncated>
    <difficult>0</difficult>
    <bndbox>
      <xmin>1095.67</xmin>
      <ymin>441.80</ymin>
      <xmax>1147.32</xmax>
      <ymax>619.88</ymax>
    </bndbox>
  </object>
  <object>
    <name>cupboard</name>
    <pose>Unspecified</pose>
    <truncated>0</truncated>
    <difficult>0</difficult>
    <bndbox>
      <xmin>937.98</xmin>
      <ymin>335.77</ymin>
      <xmax>1311.81</xmax>
      <ymax>644.35</ymax>
    </bndbox>
  </object>
  <object>
    <name>dining_table</name>
    <pose>Unspecified</pose>
    <truncated>0</truncated>
    <difficult>0</difficult>
    <bndbox>
      <xmin>61.17</xmin>
      <ymin>179.44</ymin>
      <xmax>884.96</xmax>
      <ymax>668.82</ymax>
    </bndbox>
  </object>
  <object>
    <name>sofa</name>
    <pose>Unspecified</pose>
    <truncated>0</truncated>
    <difficult>0</difficult>
    <bndbox>
      <xmin>0.00</xmin>
      <ymin>414.61</ymin>
      <xmax>505.69</xmax>
      <ymax>652.51</ymax>
    </bndbox>
  </object>
  <object>
    <name>person</name>
    <pose>Unspecified</pose>
    <truncated>0</truncated>
    <difficult>0</difficult>
    <bndbox>
      <xmin>1011.38</xmin>
      <ymin>210.71</ymin>
      <xmax>1177.23</xmax>
      <ymax>663.38</ymax>
    </bndbox>
  </object>
</annotation>