<?xml version="1.0" encoding="UTF-8" ?>
<annotation>
  <folder>RGB200W_277985919_116444776192655303.jpg</folder>
  <filename>RGB200W_277985919_116444776192655303.jpg</filename>
  <path>http://172.18.39.209:9000/aliimages1999999990/RGB200W_277985919_116444776192655303.jpg</path>
  <source>
    <database>Unknown</database>
  </source>
  <size>
    <width>642</width>
    <height>361</height>
    <depth>0</depth>
  </size>
  <segmented>0</segmented>
  <object>
    <name>wire</name>
    <pose>Unspecified</pose>
    <truncated>0</truncated>
    <difficult>0</difficult>
    <bndbox>
      <xmin>451.36</xmin>
      <ymin>14.55</ymin>
      <xmax>466.36</xmax>
      <ymax>45.45</ymax>
    </bndbox>
  </object>
  <object>
    <name>cupboard</name>
    <pose>Unspecified</pose>
    <truncated>0</truncated>
    <difficult>0</difficult>
    <bndbox>
      <xmin>230.00</xmin>
      <ymin>0.00</ymin>
      <xmax>641.82</xmax>
      <ymax>245.00</ymax>
    </bndbox>
  </object>
  <object>
    <name>metal_chair_foot</name>
    <pose>Unspecified</pose>
    <truncated>0</truncated>
    <difficult>0</difficult>
    <bndbox>
      <xmin>230.91</xmin>
      <ymin>215.91</ymin>
      <xmax>285.45</xmax>
      <ymax>228.64</ymax>
    </bndbox>
  </object>
</annotation>