<?xml version="1.0" encoding="UTF-8" ?>
<annotation>
  <folder>RGB200W_277985927_116444868667045199.jpg</folder>
  <filename>RGB200W_277985927_116444868667045199.jpg</filename>
  <path>http://172.18.39.209:9000/aliimages2021122805/RGB200W_277985927_116444868667045199.jpg</path>
  <source>
    <database>Unknown</database>
  </source>
  <size>
    <width>1920</width>
    <height>1079</height>
    <depth>0</depth>
  </size>
  <segmented>0</segmented>
  <object>
    <name>person_leg</name>
    <pose>Unspecified</pose>
    <truncated>0</truncated>
    <difficult>0</difficult>
    <bndbox>
      <xmin>973.32</xmin>
      <ymin>463.55</ymin>
      <xmax>1041.29</xmax>
      <ymax>557.35</ymax>
    </bndbox>
  </object>
  <object>
    <name>cupboard</name>
    <pose>Unspecified</pose>
    <truncated>0</truncated>
    <difficult>0</difficult>
    <bndbox>
      <xmin>1368.90</xmin>
      <ymin>430.93</ymin>
      <xmax>1549.70</xmax>
      <ymax>581.82</ymax>
    </bndbox>
  </object>
  <object>
    <name>dining_table1</name>
    <pose>Unspecified</pose>
    <truncated>0</truncated>
    <difficult>0</difficult>
    <bndbox>
      <xmin>1498.05</xmin>
      <ymin>0.00</ymin>
      <xmax>1919.46</xmax>
      <ymax>618.52</ymax>
    </bndbox>
  </object>
  <object>
    <name>person</name>
    <pose>Unspecified</pose>
    <truncated>0</truncated>
    <difficult>0</difficult>
    <bndbox>
      <xmin>963.81</xmin>
      <ymin>326.25</ymin>
      <xmax>1072.56</xmax>
      <ymax>577.74</ymax>
    </bndbox>
  </object>
</annotation>