<?xml version="1.0" encoding="UTF-8" ?>
<annotation>
  <folder>RGB200W_010102104301120_116451589961502601.jpg</folder>
  <filename>RGB200W_010102104301120_116451589961502601.jpg</filename>
  <path>http://172.18.39.209:9000/aliimages1999999986/RGB200W_010102104301120_116451589961502601.jpg</path>
  <source>
    <database>Unknown</database>
  </source>
  <size>
    <width>642</width>
    <height>362</height>
    <depth>0</depth>
  </size>
  <segmented>0</segmented>
  <object>
    <name>washing_machine</name>
    <pose>Unspecified</pose>
    <truncated>0</truncated>
    <difficult>0</difficult>
    <bndbox>
      <xmin>230.91</xmin>
      <ymin>0.91</ymin>
      <xmax>405.91</xmax>
      <ymax>223.64</ymax>
    </bndbox>
  </object>
  <object>
    <name>washing_machine</name>
    <pose>Unspecified</pose>
    <truncated>0</truncated>
    <difficult>0</difficult>
    <bndbox>
      <xmin>391.82</xmin>
      <ymin>0.91</ymin>
      <xmax>641.82</xmax>
      <ymax>230.00</ymax>
    </bndbox>
  </object>
  <object>
    <name>TV_stand</name>
    <pose>Unspecified</pose>
    <truncated>0</truncated>
    <difficult>0</difficult>
    <bndbox>
      <xmin>25.00</xmin>
      <ymin>155.91</ymin>
      <xmax>110.00</xmax>
      <ymax>215.00</ymax>
    </bndbox>
  </object>
  <object>
    <name>cupboard</name>
    <pose>Unspecified</pose>
    <truncated>0</truncated>
    <difficult>0</difficult>
    <bndbox>
      <xmin>178.64</xmin>
      <ymin>0.91</ymin>
      <xmax>245.00</xmax>
      <ymax>220.91</ymax>
    </bndbox>
  </object>
</annotation>