<?xml version="1.0" encoding="UTF-8" ?>
<annotation>
  <folder>RGB200W_277985927_116444870121514188.jpg</folder>
  <filename>RGB200W_277985927_116444870121514188.jpg</filename>
  <path>http://172.18.39.209:9000/aliimages1999999990/RGB200W_277985927_116444870121514188.jpg</path>
  <source>
    <database>Unknown</database>
  </source>
  <size>
    <width>642</width>
    <height>361</height>
    <depth>0</depth>
  </size>
  <segmented>0</segmented>
  <object>
    <name>cupboard</name>
    <pose>Unspecified</pose>
    <truncated>0</truncated>
    <difficult>0</difficult>
    <bndbox>
      <xmin>17.27</xmin>
      <ymin>46.82</ymin>
      <xmax>447.73</xmax>
      <ymax>195.91</ymax>
    </bndbox>
  </object>
</annotation>