<?xml version="1.0" encoding="UTF-8" ?>
<annotation>
  <folder>RGB200W_CRL9993I202006069999_1591690562344870.jpg</folder>
  <filename>RGB200W_CRL9993I202006069999_1591690562344870.jpg</filename>
  <path>http://172.18.39.209:9000/aliimages2021122805/RGB200W_CRL9993I202006069999_1591690562344870.jpg</path>
  <source>
    <database>Unknown</database>
  </source>
  <size>
    <width>1920</width>
    <height>1079</height>
    <depth>0</depth>
  </size>
  <segmented>0</segmented>
  <object>
    <name>person_leg</name>
    <pose>Unspecified</pose>
    <truncated>0</truncated>
    <difficult>0</difficult>
    <bndbox>
      <xmin>985.56</xmin>
      <ymin>0.00</ymin>
      <xmax>1184.03</xmax>
      <ymax>634.83</ymax>
    </bndbox>
  </object>
  <object>
    <name>person_leg</name>
    <pose>Unspecified</pose>
    <truncated>0</truncated>
    <difficult>0</difficult>
    <bndbox>
      <xmin>1178.59</xmin>
      <ymin>0.00</ymin>
      <xmax>1363.47</xmax>
      <ymax>644.35</ymax>
    </bndbox>
  </object>
  <object>
    <name>wire</name>
    <pose>Unspecified</pose>
    <truncated>0</truncated>
    <difficult>0</difficult>
    <bndbox>
      <xmin>893.12</xmin>
      <ymin>182.16</ymin>
      <xmax>925.74</xmax>
      <ymax>458.11</ymax>
    </bndbox>
  </object>
  <object>
    <name>refrigerator</name>
    <pose>Unspecified</pose>
    <truncated>0</truncated>
    <difficult>0</difficult>
    <bndbox>
      <xmin>0.00</xmin>
      <ymin>81.56</ymin>
      <xmax>311.30</xmax>
      <ymax>600.85</ymax>
    </bndbox>
  </object>
  <object>
    <name>door_anno</name>
    <pose>Unspecified</pose>
    <truncated>0</truncated>
    <difficult>0</difficult>
    <bndbox>
      <xmin>1169.07</xmin>
      <ymin>0.00</ymin>
      <xmax>1461.34</xmax>
      <ymax>592.69</ymax>
    </bndbox>
  </object>
  <object>
    <name>shoe</name>
    <pose>Unspecified</pose>
    <truncated>0</truncated>
    <difficult>0</difficult>
    <bndbox>
      <xmin>1182.67</xmin>
      <ymin>468.99</ymin>
      <xmax>1345.79</xmax>
      <ymax>641.63</ymax>
    </bndbox>
  </object>
  <object>
    <name>shoe</name>
    <pose>Unspecified</pose>
    <truncated>0</truncated>
    <difficult>0</difficult>
    <bndbox>
      <xmin>1031.78</xmin>
      <ymin>486.66</ymin>
      <xmax>1182.67</xmax>
      <ymax>634.83</ymax>
    </bndbox>
  </object>
  <object>
    <name>cupboard</name>
    <pose>Unspecified</pose>
    <truncated>0</truncated>
    <difficult>0</difficult>
    <bndbox>
      <xmin>278.67</xmin>
      <ymin>104.67</ymin>
      <xmax>898.56</xmax>
      <ymax>596.77</ymax>
    </bndbox>
  </object>
  <object>
    <name>plastic_stool</name>
    <pose>Unspecified</pose>
    <truncated>0</truncated>
    <difficult>0</difficult>
    <bndbox>
      <xmin>1617.67</xmin>
      <ymin>55.73</ymin>
      <xmax>1912.66</xmax>
      <ymax>618.52</ymax>
    </bndbox>
  </object>
</annotation>