<?xml version="1.0" encoding="UTF-8" ?>
<annotation>
  <folder>2021061702</folder>
  <filename>RGB200W_010102104221019_116452820074983671_UP20210617.jpg</filename>
  <path>http://172.18.39.209:9000/aliimages/2021061702/RGB200W_010102104221019_116452820074983671_UP20210617.jpg</path>
  <source>
    <database>Unknown</database>
  </source>
  <size>
    <width>642</width>
    <height>362</height>
    <depth>0</depth>
  </size>
  <segmented>0</segmented>
  <object>
    <name>&#xd;
refrigerator</name>
    <pose>Unspecified</pose>
    <truncated>0</truncated>
    <difficult>0</difficult>
    <bndbox>
      <xmin>75.45</xmin>
      <ymin>0.00</ymin>
      <xmax>224.55</xmax>
      <ymax>223.18</ymax>
    </bndbox>
  </object>
  <object>
    <name>blanket</name>
    <pose>Unspecified</pose>
    <truncated>0</truncated>
    <difficult>0</difficult>
    <bndbox>
      <xmin>518.18</xmin>
      <ymin>220.45</ymin>
      <xmax>641.82</xmax>
      <ymax>249.55</ymax>
    </bndbox>
  </object>
  <object>
    <name>&#xd;
cupboard</name>
    <pose>Unspecified</pose>
    <truncated>0</truncated>
    <difficult>0</difficult>
    <bndbox>
      <xmin>292.27</xmin>
      <ymin>128.18</ymin>
      <xmax>343.18</xmax>
      <ymax>215.45</ymax>
    </bndbox>
  </object>
</annotation>