<?xml version="1.0" encoding="UTF-8" ?>
<annotation>
  <folder>RGB200W_29984CRL30V00060763_116446019955571262.jpg</folder>
  <filename>RGB200W_29984CRL30V00060763_116446019955571262.jpg</filename>
  <path>http://172.18.39.209:9000/aliimages1999999979/RGB200W_29984CRL30V00060763_116446019955571262.jpg</path>
  <source>
    <database>Unknown</database>
  </source>
  <size>
    <width>642</width>
    <height>362</height>
    <depth>0</depth>
  </size>
  <segmented>0</segmented>
  <object>
    <name>cupboard1</name>
    <pose>Unspecified</pose>
    <truncated>0</truncated>
    <difficult>0</difficult>
    <bndbox>
      <xmin>105.91</xmin>
      <ymin>0.91</ymin>
      <xmax>596.82</xmax>
      <ymax>227.73</ymax>
    </bndbox>
  </object>
  <object>
    <name>slipper</name>
    <pose>Unspecified</pose>
    <truncated>0</truncated>
    <difficult>0</difficult>
    <bndbox>
      <xmin>513.64</xmin>
      <ymin>192.73</ymin>
      <xmax>641.82</xmax>
      <ymax>245.91</ymax>
    </bndbox>
  </object>
</annotation>