<?xml version="1.0" encoding="UTF-8" ?>
<annotation>
  <folder>RGB200W_29984_99999865_116448961224496325.jpg</folder>
  <filename>RGB200W_29984_99999865_116448961224496325.jpg</filename>
  <path>http://172.18.39.209:9000/aliimages2021122805/RGB200W_29984_99999865_116448961224496325.jpg</path>
  <source>
    <database>Unknown</database>
  </source>
  <size>
    <width>642</width>
    <height>362</height>
    <depth>0</depth>
  </size>
  <segmented>0</segmented>
  <object>
    <name>person_leg</name>
    <pose>Unspecified</pose>
    <truncated>0</truncated>
    <difficult>0</difficult>
    <bndbox>
      <xmin>170.91</xmin>
      <ymin>33.64</ymin>
      <xmax>222.73</xmax>
      <ymax>240.00</ymax>
    </bndbox>
  </object>
  <object>
    <name>person_leg</name>
    <pose>Unspecified</pose>
    <truncated>0</truncated>
    <difficult>0</difficult>
    <bndbox>
      <xmin>80.00</xmin>
      <ymin>33.64</ymin>
      <xmax>171.82</xmax>
      <ymax>245.91</ymax>
    </bndbox>
  </object>
  <object>
    <name>dining_table</name>
    <pose>Unspecified</pose>
    <truncated>0</truncated>
    <difficult>0</difficult>
    <bndbox>
      <xmin>323.64</xmin>
      <ymin>91.82</ymin>
      <xmax>462.73</xmax>
      <ymax>228.64</ymax>
    </bndbox>
  </object>
  <object>
    <name>refrigerator</name>
    <pose>Unspecified</pose>
    <truncated>0</truncated>
    <difficult>0</difficult>
    <bndbox>
      <xmin>451.82</xmin>
      <ymin>101.82</ymin>
      <xmax>527.73</xmax>
      <ymax>221.82</ymax>
    </bndbox>
  </object>
  <object>
    <name>cupboard</name>
    <pose>Unspecified</pose>
    <truncated>0</truncated>
    <difficult>0</difficult>
    <bndbox>
      <xmin>575.00</xmin>
      <ymin>156.82</ymin>
      <xmax>633.64</xmax>
      <ymax>220.91</ymax>
    </bndbox>
  </object>
  <object>
    <name>shoe</name>
    <pose>Unspecified</pose>
    <truncated>0</truncated>
    <difficult>0</difficult>
    <bndbox>
      <xmin>171.82</xmin>
      <ymin>211.36</ymin>
      <xmax>214.55</xmax>
      <ymax>240.91</ymax>
    </bndbox>
  </object>
  <object>
    <name>shoe</name>
    <pose>Unspecified</pose>
    <truncated>0</truncated>
    <difficult>0</difficult>
    <bndbox>
      <xmin>78.64</xmin>
      <ymin>212.73</ymin>
      <xmax>145.91</xmax>
      <ymax>245.00</ymax>
    </bndbox>
  </object>
  <object>
    <name>refrigerator_1</name>
    <pose>Unspecified</pose>
    <truncated>0</truncated>
    <difficult>0</difficult>
    <bndbox>
      <xmin>150.00</xmin>
      <ymin>72.73</ymin>
      <xmax>181.82</xmax>
      <ymax>230.00</ymax>
    </bndbox>
  </object>
  <object>
    <name>trash_can</name>
    <pose>Unspecified</pose>
    <truncated>0</truncated>
    <difficult>0</difficult>
    <bndbox>
      <xmin>578.64</xmin>
      <ymin>190.00</ymin>
      <xmax>607.27</xmax>
      <ymax>219.09</ymax>
    </bndbox>
  </object>
</annotation>