<?xml version="1.0" encoding="UTF-8" ?>
<annotation>
  <folder>RGB200W_2998499999600_116445374774158254.jpg</folder>
  <filename>RGB200W_2998499999600_116445374774158254.jpg</filename>
  <path>http://172.18.39.209:9000/aliimages1999999982/RGB200W_2998499999600_116445374774158254.jpg</path>
  <source>
    <database>Unknown</database>
  </source>
  <size>
    <width>642</width>
    <height>362</height>
    <depth>0</depth>
  </size>
  <segmented>0</segmented>
  <object>
    <name>cupboard</name>
    <pose>Unspecified</pose>
    <truncated>0</truncated>
    <difficult>0</difficult>
    <bndbox>
      <xmin>282.73</xmin>
      <ymin>0.91</ymin>
      <xmax>641.82</xmax>
      <ymax>230.00</ymax>
    </bndbox>
  </object>
  <object>
    <name>refrigerator</name>
    <pose>Unspecified</pose>
    <truncated>0</truncated>
    <difficult>0</difficult>
    <bndbox>
      <xmin>253.64</xmin>
      <ymin>38.64</ymin>
      <xmax>277.73</xmax>
      <ymax>205.00</ymax>
    </bndbox>
  </object>
  <object>
    <name>door_anno</name>
    <pose>Unspecified</pose>
    <truncated>0</truncated>
    <difficult>0</difficult>
    <bndbox>
      <xmin>140.91</xmin>
      <ymin>0.91</ymin>
      <xmax>285.91</xmax>
      <ymax>216.82</ymax>
    </bndbox>
  </object>
</annotation>