<?xml version="1.0" encoding="UTF-8" ?>
<annotation>
  <folder>RGB200W_010102104221011_116447482277770148.jpg</folder>
  <filename>RGB200W_010102104221011_116447482277770148.jpg</filename>
  <path>http://172.18.39.209:9000/aliimages1999999986/RGB200W_010102104221011_116447482277770148.jpg</path>
  <source>
    <database>Unknown</database>
  </source>
  <size>
    <width>642</width>
    <height>362</height>
    <depth>0</depth>
  </size>
  <segmented>0</segmented>
  <object>
    <name>cupboard</name>
    <pose>Unspecified</pose>
    <truncated>0</truncated>
    <difficult>0</difficult>
    <bndbox>
      <xmin>107.73</xmin>
      <ymin>92.73</ymin>
      <xmax>281.82</xmax>
      <ymax>220.00</ymax>
    </bndbox>
  </object>
  <object>
    <name>refrigerator</name>
    <pose>Unspecified</pose>
    <truncated>0</truncated>
    <difficult>0</difficult>
    <bndbox>
      <xmin>270.91</xmin>
      <ymin>0.91</ymin>
      <xmax>310.00</xmax>
      <ymax>225.91</ymax>
    </bndbox>
  </object>
  <object>
    <name>cupboard1</name>
    <pose>Unspecified</pose>
    <truncated>0</truncated>
    <difficult>0</difficult>
    <bndbox>
      <xmin>333.64</xmin>
      <ymin>0.91</ymin>
      <xmax>641.82</xmax>
      <ymax>245.91</ymax>
    </bndbox>
  </object>
</annotation>