<?xml version="1.0" encoding="UTF-8" ?>
<annotation>
  <folder>RGB200W_2998499999442_116444762878057777_rgb.jpg</folder>
  <filename>RGB200W_2998499999442_116444762878057777_rgb.jpg</filename>
  <path>http://172.18.39.209:9000/aliimages1999999968/RGB200W_2998499999442_116444762878057777_rgb.jpg</path>
  <source>
    <database>Unknown</database>
  </source>
  <size>
    <width>352</width>
    <height>352</height>
    <depth>0</depth>
  </size>
  <segmented>0</segmented>
  <object>
    <name>cupboard</name>
    <pose>Unspecified</pose>
    <truncated>0</truncated>
    <difficult>0</difficult>
    <bndbox>
      <xmin>105.91</xmin>
      <ymin>0.91</ymin>
      <xmax>351.82</xmax>
      <ymax>231.82</ymax>
    </bndbox>
  </object>
  <object>
    <name>shoe</name>
    <pose>Unspecified</pose>
    <truncated>0</truncated>
    <difficult>0</difficult>
    <bndbox>
      <xmin>170.00</xmin>
      <ymin>118.64</ymin>
      <xmax>245.00</xmax>
      <ymax>231.82</ymax>
    </bndbox>
  </object>
  <object>
    <name>shoe</name>
    <pose>Unspecified</pose>
    <truncated>0</truncated>
    <difficult>0</difficult>
    <bndbox>
      <xmin>300.91</xmin>
      <ymin>100.00</ymin>
      <xmax>351.82</xmax>
      <ymax>246.82</ymax>
    </bndbox>
  </object>
</annotation>