<?xml version="1.0" encoding="UTF-8" ?>
<annotation>
  <folder>RGB200W_29984CRL30V00067416_116445346627605367.jpg</folder>
  <filename>RGB200W_29984CRL30V00067416_116445346627605367.jpg</filename>
  <path>http://172.18.39.209:9000/aliimages1999999979/RGB200W_29984CRL30V00067416_116445346627605367.jpg</path>
  <source>
    <database>Unknown</database>
  </source>
  <size>
    <width>642</width>
    <height>362</height>
    <depth>0</depth>
  </size>
  <segmented>0</segmented>
  <object>
    <name>cupboard</name>
    <pose>Unspecified</pose>
    <truncated>0</truncated>
    <difficult>0</difficult>
    <bndbox>
      <xmin>0.91</xmin>
      <ymin>2.73</ymin>
      <xmax>560.91</xmax>
      <ymax>230.91</ymax>
    </bndbox>
  </object>
</annotation>