<?xml version="1.0" encoding="UTF-8" ?>
<annotation>
  <folder>RGB200W_010102104221005_116449830381184585.jpg</folder>
  <filename>RGB200W_010102104221005_116449830381184585.jpg</filename>
  <path>http://172.18.39.209:9000/aliimages1999999986/RGB200W_010102104221005_116449830381184585.jpg</path>
  <source>
    <database>Unknown</database>
  </source>
  <size>
    <width>642</width>
    <height>362</height>
    <depth>0</depth>
  </size>
  <segmented>0</segmented>
  <object>
    <name>wire</name>
    <pose>Unspecified</pose>
    <truncated>0</truncated>
    <difficult>0</difficult>
    <bndbox>
      <xmin>545.91</xmin>
      <ymin>10.91</ymin>
      <xmax>582.73</xmax>
      <ymax>51.82</ymax>
    </bndbox>
  </object>
  <object>
    <name>cupboard</name>
    <pose>Unspecified</pose>
    <truncated>0</truncated>
    <difficult>0</difficult>
    <bndbox>
      <xmin>550.91</xmin>
      <ymin>16.82</ymin>
      <xmax>641.82</xmax>
      <ymax>230.00</ymax>
    </bndbox>
  </object>
</annotation>