<?xml version="1.0" encoding="UTF-8" ?>
<annotation>
  <folder>RGB200W_2998499999442_116444761436697620_rgb.jpg</folder>
  <filename>RGB200W_2998499999442_116444761436697620_rgb.jpg</filename>
  <path>http://172.18.39.209:9000/aliimages1999999968/RGB200W_2998499999442_116444761436697620_rgb.jpg</path>
  <source>
    <database>Unknown</database>
  </source>
  <size>
    <width>352</width>
    <height>352</height>
    <depth>0</depth>
  </size>
  <segmented>0</segmented>
  <object>
    <name>cupboard</name>
    <pose>Unspecified</pose>
    <truncated>0</truncated>
    <difficult>0</difficult>
    <bndbox>
      <xmin>28.64</xmin>
      <ymin>0.91</ymin>
      <xmax>351.82</xmax>
      <ymax>215.00</ymax>
    </bndbox>
  </object>
  <object>
    <name>shoe</name>
    <pose>Unspecified</pose>
    <truncated>0</truncated>
    <difficult>0</difficult>
    <bndbox>
      <xmin>277.73</xmin>
      <ymin>170.00</ymin>
      <xmax>337.73</xmax>
      <ymax>227.73</ymax>
    </bndbox>
  </object>
  <object>
    <name>shoe</name>
    <pose>Unspecified</pose>
    <truncated>0</truncated>
    <difficult>0</difficult>
    <bndbox>
      <xmin>143.64</xmin>
      <ymin>190.00</ymin>
      <xmax>196.82</xmax>
      <ymax>220.00</ymax>
    </bndbox>
  </object>
  <object>
    <name>slipper</name>
    <pose>Unspecified</pose>
    <truncated>0</truncated>
    <difficult>0</difficult>
    <bndbox>
      <xmin>0.91</xmin>
      <ymin>198.64</ymin>
      <xmax>37.73</xmax>
      <ymax>223.64</ymax>
    </bndbox>
  </object>
  <object>
    <name>slipper</name>
    <pose>Unspecified</pose>
    <truncated>0</truncated>
    <difficult>0</difficult>
    <bndbox>
      <xmin>10.00</xmin>
      <ymin>192.73</ymin>
      <xmax>70.91</xmax>
      <ymax>216.82</ymax>
    </bndbox>
  </object>
</annotation>