<?xml version="1.0" encoding="UTF-8" ?>
<annotation>
  <folder>RGB200W_277985919_116447184129152673.jpg</folder>
  <filename>RGB200W_277985919_116447184129152673.jpg</filename>
  <path>http://172.18.39.209:9000/aliimages2021122805/RGB200W_277985919_116447184129152673.jpg</path>
  <source>
    <database>Unknown</database>
  </source>
  <size>
    <width>1920</width>
    <height>1079</height>
    <depth>0</depth>
  </size>
  <segmented>0</segmented>
  <object>
    <name>person_leg</name>
    <pose>Unspecified</pose>
    <truncated>0</truncated>
    <difficult>0</difficult>
    <bndbox>
      <xmin>944.77</xmin>
      <ymin>398.30</ymin>
      <xmax>988.28</xmax>
      <ymax>564.15</ymax>
    </bndbox>
  </object>
  <object>
    <name>metal_chair_foot</name>
    <pose>Unspecified</pose>
    <truncated>0</truncated>
    <difficult>0</difficult>
    <bndbox>
      <xmin>364.32</xmin>
      <ymin>645.71</ymin>
      <xmax>581.82</xmax>
      <ymax>678.33</ymax>
    </bndbox>
  </object>
  <object>
    <name>refrigerator</name>
    <pose>Unspecified</pose>
    <truncated>0</truncated>
    <difficult>0</difficult>
    <bndbox>
      <xmin>625.32</xmin>
      <ymin>237.89</ymin>
      <xmax>804.76</xmax>
      <ymax>655.23</ymax>
    </bndbox>
  </object>
  <object>
    <name>chair_base</name>
    <pose>Unspecified</pose>
    <truncated>0</truncated>
    <difficult>0</difficult>
    <bndbox>
      <xmin>793.88</xmin>
      <ymin>603.57</ymin>
      <xmax>1019.54</xmax>
      <ymax>675.62</ymax>
    </bndbox>
  </object>
  <object>
    <name>cupboard</name>
    <pose>Unspecified</pose>
    <truncated>0</truncated>
    <difficult>0</difficult>
    <bndbox>
      <xmin>804.76</xmin>
      <ymin>489.38</ymin>
      <xmax>1003.23</xmax>
      <ymax>645.71</ymax>
    </bndbox>
  </object>
</annotation>