<?xml version="1.0" encoding="UTF-8" ?>
<annotation>
  <folder>RGB200W_202006292033_116444743035202490.jpg</folder>
  <filename>RGB200W_202006292033_116444743035202490.jpg</filename>
  <path>http://172.18.39.209:9000/aliimages1999999990/RGB200W_202006292033_116444743035202490.jpg</path>
  <source>
    <database>Unknown</database>
  </source>
  <size>
    <width>642</width>
    <height>361</height>
    <depth>0</depth>
  </size>
  <segmented>0</segmented>
  <object>
    <name>cupboard</name>
    <pose>Unspecified</pose>
    <truncated>0</truncated>
    <difficult>0</difficult>
    <bndbox>
      <xmin>0.45</xmin>
      <ymin>0.00</ymin>
      <xmax>459.55</xmax>
      <ymax>235.00</ymax>
    </bndbox>
  </object>
  <object>
    <name>slipper</name>
    <pose>Unspecified</pose>
    <truncated>0</truncated>
    <difficult>0</difficult>
    <bndbox>
      <xmin>279.09</xmin>
      <ymin>194.55</ymin>
      <xmax>333.18</xmax>
      <ymax>216.82</ymax>
    </bndbox>
  </object>
  <object>
    <name>slipper</name>
    <pose>Unspecified</pose>
    <truncated>0</truncated>
    <difficult>0</difficult>
    <bndbox>
      <xmin>164.09</xmin>
      <ymin>195.91</ymin>
      <xmax>240.91</xmax>
      <ymax>220.00</ymax>
    </bndbox>
  </object>
</annotation>