<?xml version="1.0" encoding="UTF-8" ?>
<annotation>
  <folder>RGB200W_277985933_116446510634968784.jpg</folder>
  <filename>RGB200W_277985933_116446510634968784.jpg</filename>
  <path>http://172.18.39.209:9000/aliimages1999999990/RGB200W_277985933_116446510634968784.jpg</path>
  <source>
    <database>Unknown</database>
  </source>
  <size>
    <width>642</width>
    <height>361</height>
    <depth>0</depth>
  </size>
  <segmented>0</segmented>
  <object>
    <name>tea_table</name>
    <pose>Unspecified</pose>
    <truncated>0</truncated>
    <difficult>0</difficult>
    <bndbox>
      <xmin>269.09</xmin>
      <ymin>165.91</ymin>
      <xmax>328.64</xmax>
      <ymax>219.55</ymax>
    </bndbox>
  </object>
  <object>
    <name>cupboard</name>
    <pose>Unspecified</pose>
    <truncated>0</truncated>
    <difficult>0</difficult>
    <bndbox>
      <xmin>528.64</xmin>
      <ymin>155.00</ymin>
      <xmax>641.82</xmax>
      <ymax>222.27</ymax>
    </bndbox>
  </object>
  <object>
    <name>refrigerator1</name>
    <pose>Unspecified</pose>
    <truncated>0</truncated>
    <difficult>0</difficult>
    <bndbox>
      <xmin>465.91</xmin>
      <ymin>29.55</ymin>
      <xmax>532.73</xmax>
      <ymax>176.82</ymax>
    </bndbox>
  </object>
</annotation>