<?xml version="1.0" encoding="UTF-8" ?>
<annotation>
  <folder>RGB200W_277985919_116445497007232104.jpg</folder>
  <filename>RGB200W_277985919_116445497007232104.jpg</filename>
  <path>http://172.18.39.209:9000/aliimages1999999990/RGB200W_277985919_116445497007232104.jpg</path>
  <source>
    <database>Unknown</database>
  </source>
  <size>
    <width>642</width>
    <height>361</height>
    <depth>0</depth>
  </size>
  <segmented>0</segmented>
  <object>
    <name>cupboard</name>
    <pose>Unspecified</pose>
    <truncated>0</truncated>
    <difficult>0</difficult>
    <bndbox>
      <xmin>298.18</xmin>
      <ymin>125.00</ymin>
      <xmax>394.55</xmax>
      <ymax>220.00</ymax>
    </bndbox>
  </object>
  <object>
    <name>metal_chair_foot</name>
    <pose>Unspecified</pose>
    <truncated>0</truncated>
    <difficult>0</difficult>
    <bndbox>
      <xmin>113.18</xmin>
      <ymin>211.36</ymin>
      <xmax>199.55</xmax>
      <ymax>229.55</ymax>
    </bndbox>
  </object>
</annotation>