<?xml version="1.0" encoding="UTF-8" ?>
<annotation>
  <folder>RGB200W_277985947_116444765117059653.jpg</folder>
  <filename>RGB200W_277985947_116444765117059653.jpg</filename>
  <path>http://172.18.39.209:9000/aliimages1999999999/RGB200W_277985947_116444765117059653.jpg</path>
  <source>
    <database>Unknown</database>
  </source>
  <size>
    <width>642</width>
    <height>361</height>
    <depth>0</depth>
  </size>
  <segmented>0</segmented>
  <object>
    <name>slipper</name>
    <pose>Unspecified</pose>
    <truncated>0</truncated>
    <difficult>0</difficult>
    <bndbox>
      <xmin>175.45</xmin>
      <ymin>194.55</ymin>
      <xmax>235.45</xmax>
      <ymax>232.73</ymax>
    </bndbox>
  </object>
  <object>
    <name>slipper</name>
    <pose>Unspecified</pose>
    <truncated>0</truncated>
    <difficult>0</difficult>
    <bndbox>
      <xmin>0.00</xmin>
      <ymin>190.91</ymin>
      <xmax>150.45</xmax>
      <ymax>233.64</ymax>
    </bndbox>
  </object>
  <object>
    <name>cupboard</name>
    <pose>Unspecified</pose>
    <truncated>0</truncated>
    <difficult>0</difficult>
    <bndbox>
      <xmin>0.00</xmin>
      <ymin>0.00</ymin>
      <xmax>641.82</xmax>
      <ymax>252.73</ymax>
    </bndbox>
  </object>
</annotation>