<?xml version="1.0" encoding="UTF-8" ?>
<annotation>
  <folder>RGB200W_29984_99999949_116445570950310661-228.007_228.039_324.240_194.538_0.286_0.126_-0.169_0.072.jpg</folder>
  <filename>RGB200W_29984_99999949_116445570950310661-228.007_228.039_324.240_194.538_0.286_0.126_-0.169_0.072.jpg</filename>
  <path>http://172.18.39.209:9000/aliimages1999999996/RGB200W_29984_99999949_116445570950310661-228.007_228.039_324.240_194.538_0.286_0.126_-0.169_0.072.jpg</path>
  <source>
    <database>Unknown</database>
  </source>
  <size>
    <width>642</width>
    <height>362</height>
    <depth>0</depth>
  </size>
  <segmented>0</segmented>
  <object>
    <name>blanket</name>
    <pose>Unspecified</pose>
    <truncated>0</truncated>
    <difficult>0</difficult>
    <bndbox>
      <xmin>0.91</xmin>
      <ymin>235.00</ymin>
      <xmax>641.82</xmax>
      <ymax>361.82</ymax>
    </bndbox>
  </object>
  <object>
    <name>cupboard</name>
    <pose>Unspecified</pose>
    <truncated>0</truncated>
    <difficult>0</difficult>
    <bndbox>
      <xmin>363.64</xmin>
      <ymin>55.00</ymin>
      <xmax>641.82</xmax>
      <ymax>232.73</ymax>
    </bndbox>
  </object>
  <object>
    <name>shoe</name>
    <pose>Unspecified</pose>
    <truncated>0</truncated>
    <difficult>0</difficult>
    <bndbox>
      <xmin>105.00</xmin>
      <ymin>218.64</ymin>
      <xmax>150.00</xmax>
      <ymax>236.82</ymax>
    </bndbox>
  </object>
  <object>
    <name>door_anno</name>
    <pose>Unspecified</pose>
    <truncated>0</truncated>
    <difficult>0</difficult>
    <bndbox>
      <xmin>163.64</xmin>
      <ymin>87.73</ymin>
      <xmax>250.00</xmax>
      <ymax>232.73</ymax>
    </bndbox>
  </object>
</annotation>