<?xml version="1.0" encoding="UTF-8" ?>
<annotation>
  <folder>RGB200W_29984_99999215_116444776064636817.jpg</folder>
  <filename>RGB200W_29984_99999215_116444776064636817.jpg</filename>
  <path>http://172.18.39.209:9000/aliimages1999999996/RGB200W_29984_99999215_116444776064636817.jpg</path>
  <source>
    <database>Unknown</database>
  </source>
  <size>
    <width>642</width>
    <height>362</height>
    <depth>0</depth>
  </size>
  <segmented>0</segmented>
  <object>
    <name>cupboard</name>
    <pose>Unspecified</pose>
    <truncated>0</truncated>
    <difficult>0</difficult>
    <bndbox>
      <xmin>10.00</xmin>
      <ymin>137.73</ymin>
      <xmax>222.73</xmax>
      <ymax>217.73</ymax>
    </bndbox>
  </object>
  <object>
    <name>sofa</name>
    <pose>Unspecified</pose>
    <truncated>0</truncated>
    <difficult>0</difficult>
    <bndbox>
      <xmin>412.73</xmin>
      <ymin>132.73</ymin>
      <xmax>641.82</xmax>
      <ymax>225.00</ymax>
    </bndbox>
  </object>
  <object>
    <name>refrigerator</name>
    <pose>Unspecified</pose>
    <truncated>0</truncated>
    <difficult>0</difficult>
    <bndbox>
      <xmin>216.82</xmin>
      <ymin>38.64</ymin>
      <xmax>257.73</xmax>
      <ymax>220.91</ymax>
    </bndbox>
  </object>
  <object>
    <name>wire</name>
    <pose>Unspecified</pose>
    <truncated>0</truncated>
    <difficult>0</difficult>
    <bndbox>
      <xmin>280.00</xmin>
      <ymin>197.73</ymin>
      <xmax>300.91</xmax>
      <ymax>210.00</ymax>
    </bndbox>
  </object>
</annotation>