<?xml version="1.0" encoding="UTF-8" ?>
<annotation>
  <folder>RGB200W_277985930_116444762447566211.jpg</folder>
  <filename>RGB200W_277985930_116444762447566211.jpg</filename>
  <path>http://172.18.39.209:9000/aliimages2021122805/RGB200W_277985930_116444762447566211.jpg</path>
  <source>
    <database>Unknown</database>
  </source>
  <size>
    <width>1920</width>
    <height>1079</height>
    <depth>0</depth>
  </size>
  <segmented>0</segmented>
  <object>
    <name>person_leg</name>
    <pose>Unspecified</pose>
    <truncated>0</truncated>
    <difficult>0</difficult>
    <bndbox>
      <xmin>807.48</xmin>
      <ymin>522.01</ymin>
      <xmax>872.73</xmax>
      <ymax>626.68</ymax>
    </bndbox>
  </object>
  <object>
    <name>refrigerator</name>
    <pose>Unspecified</pose>
    <truncated>0</truncated>
    <difficult>0</difficult>
    <bndbox>
      <xmin>1228.89</xmin>
      <ymin>0.00</ymin>
      <xmax>1919.46</xmax>
      <ymax>721.84</ymax>
    </bndbox>
  </object>
  <object>
    <name>cupboard</name>
    <pose>Unspecified</pose>
    <truncated>0</truncated>
    <difficult>0</difficult>
    <bndbox>
      <xmin>808.84</xmin>
      <ymin>520.65</ymin>
      <xmax>917.59</xmax>
      <ymax>634.83</ymax>
    </bndbox>
  </object>
  <object>
    <name>dining_table</name>
    <pose>Unspecified</pose>
    <truncated>0</truncated>
    <difficult>0</difficult>
    <bndbox>
      <xmin>452.68</xmin>
      <ymin>460.83</ymin>
      <xmax>740.87</xmax>
      <ymax>640.27</ymax>
    </bndbox>
  </object>
  <object>
    <name>door_anno</name>
    <pose>Unspecified</pose>
    <truncated>0</truncated>
    <difficult>0</difficult>
    <bndbox>
      <xmin>999.15</xmin>
      <ymin>311.30</ymin>
      <xmax>1155.48</xmax>
      <ymax>641.63</ymax>
    </bndbox>
  </object>
  <object>
    <name>sofa</name>
    <pose>Unspecified</pose>
    <truncated>0</truncated>
    <difficult>0</difficult>
    <bndbox>
      <xmin>244.69</xmin>
      <ymin>523.36</ymin>
      <xmax>485.30</xmax>
      <ymax>638.91</ymax>
    </bndbox>
  </object>
  <object>
    <name>metal_chair_foot</name>
    <pose>Unspecified</pose>
    <truncated>0</truncated>
    <difficult>0</difficult>
    <bndbox>
      <xmin>2.72</xmin>
      <ymin>594.05</ymin>
      <xmax>95.16</xmax>
      <ymax>696.01</ymax>
    </bndbox>
  </object>
</annotation>