<?xml version="1.0" encoding="UTF-8" ?>
<annotation>
  <folder>RGB200W_29984_99999865_116448902521331908.jpg</folder>
  <filename>RGB200W_29984_99999865_116448902521331908.jpg</filename>
  <path>http://172.18.39.209:9000/aliimages1999999996/RGB200W_29984_99999865_116448902521331908.jpg</path>
  <source>
    <database>Unknown</database>
  </source>
  <size>
    <width>642</width>
    <height>362</height>
    <depth>0</depth>
  </size>
  <segmented>0</segmented>
  <object>
    <name>cupboard</name>
    <pose>Unspecified</pose>
    <truncated>0</truncated>
    <difficult>0</difficult>
    <bndbox>
      <xmin>275.00</xmin>
      <ymin>132.73</ymin>
      <xmax>363.64</xmax>
      <ymax>218.64</ymax>
    </bndbox>
  </object>
  <object>
    <name>refrigerator_1</name>
    <pose>Unspecified</pose>
    <truncated>0</truncated>
    <difficult>0</difficult>
    <bndbox>
      <xmin>0.91</xmin>
      <ymin>0.91</ymin>
      <xmax>158.64</xmax>
      <ymax>235.91</ymax>
    </bndbox>
  </object>
</annotation>