<?xml version="1.0" encoding="UTF-8" ?>
<annotation>
  <folder>2022011701</folder>
  <filename>RGB200W_29984CRL30V00065052_1637756792_7901.jpg</filename>
  <path>http://172.18.39.209:9000/aliimages/2022011701/RGB200W_29984CRL30V00065052_1637756792_7901.jpg</path>
  <source>
    <database>Unknown</database>
  </source>
  <size>
    <width>642</width>
    <height>362</height>
    <depth>0</depth>
  </size>
  <segmented>0</segmented>
  <object>
    <name>trash_can</name>
    <pose>Unspecified</pose>
    <truncated>0</truncated>
    <difficult>0</difficult>
    <bndbox>
      <xmin>350.45</xmin>
      <ymin>89.09</ymin>
      <xmax>468.18</xmax>
      <ymax>221.36</ymax>
    </bndbox>
  </object>
  <object>
    <name>cupboard</name>
    <pose>Unspecified</pose>
    <truncated>0</truncated>
    <difficult>0</difficult>
    <bndbox>
      <xmin>396.82</xmin>
      <ymin>30.91</ymin>
      <xmax>641.36</xmax>
      <ymax>213.64</ymax>
    </bndbox>
  </object>
  <object>
    <name>refrigerator1</name>
    <pose>Unspecified</pose>
    <truncated>0</truncated>
    <difficult>0</difficult>
    <bndbox>
      <xmin>-0.91</xmin>
      <ymin>0.00</ymin>
      <xmax>315.00</xmax>
      <ymax>215.00</ymax>
    </bndbox>
  </object>
</annotation>