<?xml version="1.0" encoding="UTF-8" ?>
<annotation>
  <folder>RGB200W_29984_99999368_116445445651691547.jpg</folder>
  <filename>RGB200W_29984_99999368_116445445651691547.jpg</filename>
  <path>http://172.18.39.209:9000/aliimages2021122805/RGB200W_29984_99999368_116445445651691547.jpg</path>
  <source>
    <database>Unknown</database>
  </source>
  <size>
    <width>642</width>
    <height>362</height>
    <depth>0</depth>
  </size>
  <segmented>0</segmented>
  <object>
    <name>person_leg</name>
    <pose>Unspecified</pose>
    <truncated>0</truncated>
    <difficult>0</difficult>
    <bndbox>
      <xmin>350.00</xmin>
      <ymin>63.64</ymin>
      <xmax>465.00</xmax>
      <ymax>255.00</ymax>
    </bndbox>
  </object>
  <object>
    <name>person_leg</name>
    <pose>Unspecified</pose>
    <truncated>0</truncated>
    <difficult>0</difficult>
    <bndbox>
      <xmin>326.82</xmin>
      <ymin>83.64</ymin>
      <xmax>395.00</xmax>
      <ymax>236.82</ymax>
    </bndbox>
  </object>
  <object>
    <name>shoe</name>
    <pose>Unspecified</pose>
    <truncated>0</truncated>
    <difficult>0</difficult>
    <bndbox>
      <xmin>320.91</xmin>
      <ymin>190.00</ymin>
      <xmax>455.91</xmax>
      <ymax>251.82</ymax>
    </bndbox>
  </object>
  <object>
    <name>cupboard</name>
    <pose>Unspecified</pose>
    <truncated>0</truncated>
    <difficult>0</difficult>
    <bndbox>
      <xmin>295.91</xmin>
      <ymin>0.91</ymin>
      <xmax>641.82</xmax>
      <ymax>242.73</ymax>
    </bndbox>
  </object>
</annotation>