<?xml version="1.0" encoding="UTF-8" ?>
<annotation>
  <folder>RGB200W_29984_99999415_116445027332871089.jpg</folder>
  <filename>RGB200W_29984_99999415_116445027332871089.jpg</filename>
  <path>http://172.18.39.209:9000/aliimages1999999982/RGB200W_29984_99999415_116445027332871089.jpg</path>
  <source>
    <database>Unknown</database>
  </source>
  <size>
    <width>642</width>
    <height>362</height>
    <depth>0</depth>
  </size>
  <segmented>0</segmented>
  <object>
    <name>cupboard</name>
    <pose>Unspecified</pose>
    <truncated>0</truncated>
    <difficult>0</difficult>
    <bndbox>
      <xmin>105.91</xmin>
      <ymin>87.73</ymin>
      <xmax>295.00</xmax>
      <ymax>225.00</ymax>
    </bndbox>
  </object>
</annotation>