<?xml version="1.0" encoding="UTF-8" ?>
<annotation>
  <folder>RGB200W_202006292030_116444738873844005.jpg</folder>
  <filename>RGB200W_202006292030_116444738873844005.jpg</filename>
  <path>http://172.18.39.209:9000/aliimages2021122805/RGB200W_202006292030_116444738873844005.jpg</path>
  <source>
    <database>Unknown</database>
  </source>
  <size>
    <width>1920</width>
    <height>1079</height>
    <depth>0</depth>
  </size>
  <segmented>0</segmented>
  <object>
    <name>person_leg</name>
    <pose>Unspecified</pose>
    <truncated>0</truncated>
    <difficult>0</difficult>
    <bndbox>
      <xmin>1126.93</xmin>
      <ymin>468.99</ymin>
      <xmax>1160.92</xmax>
      <ymax>587.26</ymax>
    </bndbox>
  </object>
  <object>
    <name>person_leg</name>
    <pose>Unspecified</pose>
    <truncated>0</truncated>
    <difficult>0</difficult>
    <bndbox>
      <xmin>1156.84</xmin>
      <ymin>474.43</ymin>
      <xmax>1181.31</xmax>
      <ymax>580.46</ymax>
    </bndbox>
  </object>
  <object>
    <name>dining_table</name>
    <pose>Unspecified</pose>
    <truncated>0</truncated>
    <difficult>0</difficult>
    <bndbox>
      <xmin>895.84</xmin>
      <ymin>373.83</ymin>
      <xmax>1120.14</xmax>
      <ymax>594.05</ymax>
    </bndbox>
  </object>
  <object>
    <name>cupboard</name>
    <pose>Unspecified</pose>
    <truncated>0</truncated>
    <difficult>0</difficult>
    <bndbox>
      <xmin>0.00</xmin>
      <ymin>0.00</ymin>
      <xmax>861.85</xmax>
      <ymax>626.68</ymax>
    </bndbox>
  </object>
  <object>
    <name>person</name>
    <pose>Unspecified</pose>
    <truncated>0</truncated>
    <difficult>0</difficult>
    <bndbox>
      <xmin>1102.46</xmin>
      <ymin>339.85</ymin>
      <xmax>1197.62</xmax>
      <ymax>595.41</ymax>
    </bndbox>
  </object>
</annotation>