<?xml version="1.0" encoding="UTF-8" ?>
<annotation>
  <folder>RGB200W_29984CRL30V00067130_116446951203069325.jpg</folder>
  <filename>RGB200W_29984CRL30V00067130_116446951203069325.jpg</filename>
  <path>http://172.18.39.209:9000/aliimages1999999979/RGB200W_29984CRL30V00067130_116446951203069325.jpg</path>
  <source>
    <database>Unknown</database>
  </source>
  <size>
    <width>642</width>
    <height>362</height>
    <depth>0</depth>
  </size>
  <segmented>0</segmented>
  <object>
    <name>refrigerator</name>
    <pose>Unspecified</pose>
    <truncated>0</truncated>
    <difficult>0</difficult>
    <bndbox>
      <xmin>217.73</xmin>
      <ymin>121.82</ymin>
      <xmax>261.82</xmax>
      <ymax>212.73</ymax>
    </bndbox>
  </object>
  <object>
    <name>cupboard</name>
    <pose>Unspecified</pose>
    <truncated>0</truncated>
    <difficult>0</difficult>
    <bndbox>
      <xmin>341.82</xmin>
      <ymin>140.91</ymin>
      <xmax>443.64</xmax>
      <ymax>215.00</ymax>
    </bndbox>
  </object>
  <object>
    <name>blanket</name>
    <pose>Unspecified</pose>
    <truncated>0</truncated>
    <difficult>0</difficult>
    <bndbox>
      <xmin>337.73</xmin>
      <ymin>212.73</ymin>
      <xmax>438.64</xmax>
      <ymax>220.91</ymax>
    </bndbox>
  </object>
  <object>
    <name>door_anno</name>
    <pose>Unspecified</pose>
    <truncated>0</truncated>
    <difficult>0</difficult>
    <bndbox>
      <xmin>115.91</xmin>
      <ymin>82.73</ymin>
      <xmax>170.00</xmax>
      <ymax>213.64</ymax>
    </bndbox>
  </object>
</annotation>