<?xml version="1.0" encoding="UTF-8" ?>
<annotation>
  <folder>RGB200W_010102104301107_116452213109852908.jpg</folder>
  <filename>RGB200W_010102104301107_116452213109852908.jpg</filename>
  <path>http://172.18.39.209:9000/aliimages1999999986/RGB200W_010102104301107_116452213109852908.jpg</path>
  <source>
    <database>Unknown</database>
  </source>
  <size>
    <width>642</width>
    <height>362</height>
    <depth>0</depth>
  </size>
  <segmented>0</segmented>
  <object>
    <name>cupboard</name>
    <pose>Unspecified</pose>
    <truncated>0</truncated>
    <difficult>0</difficult>
    <bndbox>
      <xmin>280.00</xmin>
      <ymin>83.64</ymin>
      <xmax>582.73</xmax>
      <ymax>230.00</ymax>
    </bndbox>
  </object>
  <object>
    <name>refrigerator</name>
    <pose>Unspecified</pose>
    <truncated>0</truncated>
    <difficult>0</difficult>
    <bndbox>
      <xmin>201.82</xmin>
      <ymin>66.82</ymin>
      <xmax>260.91</xmax>
      <ymax>223.64</ymax>
    </bndbox>
  </object>
</annotation>