<?xml version="1.0" encoding="UTF-8" ?>
<annotation>
  <folder>20210628</folder>
  <filename>RGB200W_29984CRL30V00066364_116444908027496665.jpg</filename>
  <path>http://172.18.39.209:9000/aliimages/20210628/RGB200W_29984CRL30V00066364_116444908027496665.jpg</path>
  <source>
    <database>Unknown</database>
  </source>
  <size>
    <width>642</width>
    <height>362</height>
    <depth>0</depth>
  </size>
  <segmented>0</segmented>
  <object>
    <name>cupboard1</name>
    <pose>Unspecified</pose>
    <truncated>0</truncated>
    <difficult>0</difficult>
    <bndbox>
      <xmin>210.00</xmin>
      <ymin>1.36</ymin>
      <xmax>325.45</xmax>
      <ymax>221.82</ymax>
    </bndbox>
  </object>
  <object>
    <name>metal_chair_foot</name>
    <pose>Unspecified</pose>
    <truncated>0</truncated>
    <difficult>0</difficult>
    <bndbox>
      <xmin>313.64</xmin>
      <ymin>181.82</ymin>
      <xmax>472.73</xmax>
      <ymax>244.09</ymax>
    </bndbox>
  </object>
</annotation>