<?xml version="1.0" encoding="UTF-8" ?>
<annotation>
  <folder>2022011701</folder>
  <filename>RGB200W_29984CRL30V00065052_1637756978_8781.jpg</filename>
  <path>http://172.18.39.209:9000/aliimages/2022011701/RGB200W_29984CRL30V00065052_1637756978_8781.jpg</path>
  <source>
    <database>Unknown</database>
  </source>
  <size>
    <width>642</width>
    <height>362</height>
    <depth>0</depth>
  </size>
  <segmented>0</segmented>
  <object>
    <name>trash_can</name>
    <pose>Unspecified</pose>
    <truncated>0</truncated>
    <difficult>0</difficult>
    <bndbox>
      <xmin>296.36</xmin>
      <ymin>106.36</ymin>
      <xmax>374.09</xmax>
      <ymax>219.09</ymax>
    </bndbox>
  </object>
  <object>
    <name>cupboard1</name>
    <pose>Unspecified</pose>
    <truncated>0</truncated>
    <difficult>0</difficult>
    <bndbox>
      <xmin>405.91</xmin>
      <ymin>0.00</ymin>
      <xmax>641.36</xmax>
      <ymax>256.82</ymax>
    </bndbox>
  </object>
  <object>
    <name>dining_table</name>
    <pose>Unspecified</pose>
    <truncated>0</truncated>
    <difficult>0</difficult>
    <bndbox>
      <xmin>223.64</xmin>
      <ymin>135.00</ymin>
      <xmax>299.55</xmax>
      <ymax>200.91</ymax>
    </bndbox>
  </object>
</annotation>