<?xml version="1.0" encoding="UTF-8" ?>
<annotation>
  <folder>RGB200W_202006292030_116444744607454991.jpg</folder>
  <filename>RGB200W_202006292030_116444744607454991.jpg</filename>
  <path>http://172.18.39.209:9000/aliimages1999999990/RGB200W_202006292030_116444744607454991.jpg</path>
  <source>
    <database>Unknown</database>
  </source>
  <size>
    <width>642</width>
    <height>361</height>
    <depth>0</depth>
  </size>
  <segmented>0</segmented>
  <object>
    <name>refrigerator</name>
    <pose>Unspecified</pose>
    <truncated>0</truncated>
    <difficult>0</difficult>
    <bndbox>
      <xmin>386.82</xmin>
      <ymin>12.73</ymin>
      <xmax>505.45</xmax>
      <ymax>203.18</ymax>
    </bndbox>
  </object>
  <object>
    <name>washing_machine1</name>
    <pose>Unspecified</pose>
    <truncated>0</truncated>
    <difficult>0</difficult>
    <bndbox>
      <xmin>474.09</xmin>
      <ymin>0.45</ymin>
      <xmax>641.82</xmax>
      <ymax>205.91</ymax>
    </bndbox>
  </object>
  <object>
    <name>cupboard</name>
    <pose>Unspecified</pose>
    <truncated>0</truncated>
    <difficult>0</difficult>
    <bndbox>
      <xmin>0.00</xmin>
      <ymin>0.00</ymin>
      <xmax>282.27</xmax>
      <ymax>206.82</ymax>
    </bndbox>
  </object>
</annotation>