<?xml version="1.0" encoding="UTF-8" ?>
<annotation>
  <folder>RGB200W_277985933_116444757304419017.jpg</folder>
  <filename>RGB200W_277985933_116444757304419017.jpg</filename>
  <path>http://172.18.39.209:9000/aliimages1999999990/RGB200W_277985933_116444757304419017.jpg</path>
  <source>
    <database>Unknown</database>
  </source>
  <size>
    <width>642</width>
    <height>361</height>
    <depth>0</depth>
  </size>
  <segmented>0</segmented>
  <object>
    <name>wire</name>
    <pose>Unspecified</pose>
    <truncated>0</truncated>
    <difficult>0</difficult>
    <bndbox>
      <xmin>53.18</xmin>
      <ymin>69.55</ymin>
      <xmax>121.36</xmax>
      <ymax>108.64</ymax>
    </bndbox>
  </object>
  <object>
    <name>wire</name>
    <pose>Unspecified</pose>
    <truncated>0</truncated>
    <difficult>0</difficult>
    <bndbox>
      <xmin>0.91</xmin>
      <ymin>57.73</ymin>
      <xmax>12.73</xmax>
      <ymax>75.45</ymax>
    </bndbox>
  </object>
  <object>
    <name>wire</name>
    <pose>Unspecified</pose>
    <truncated>0</truncated>
    <difficult>0</difficult>
    <bndbox>
      <xmin>223.18</xmin>
      <ymin>90.91</ymin>
      <xmax>241.36</xmax>
      <ymax>104.55</ymax>
    </bndbox>
  </object>
  <object>
    <name>cupboard</name>
    <pose>Unspecified</pose>
    <truncated>0</truncated>
    <difficult>0</difficult>
    <bndbox>
      <xmin>80.45</xmin>
      <ymin>0.00</ymin>
      <xmax>641.82</xmax>
      <ymax>310.91</ymax>
    </bndbox>
  </object>
</annotation>