<?xml version="1.0" encoding="UTF-8" ?>
<annotation>
  <folder>RGB200W_277985927_116444868626749371.jpg</folder>
  <filename>RGB200W_277985927_116444868626749371.jpg</filename>
  <path>http://172.18.39.209:9000/aliimages1999999965/RGB200W_277985927_116444868626749371.jpg</path>
  <source>
    <database>Unknown</database>
  </source>
  <size>
    <width>642</width>
    <height>361</height>
    <depth>0</depth>
  </size>
  <segmented>0</segmented>
  <object>
    <name>dining_table</name>
    <pose>Unspecified</pose>
    <truncated>0</truncated>
    <difficult>0</difficult>
    <bndbox>
      <xmin>430.91</xmin>
      <ymin>2.27</ymin>
      <xmax>641.82</xmax>
      <ymax>202.27</ymax>
    </bndbox>
  </object>
  <object>
    <name>cupboard</name>
    <pose>Unspecified</pose>
    <truncated>0</truncated>
    <difficult>0</difficult>
    <bndbox>
      <xmin>391.36</xmin>
      <ymin>150.00</ymin>
      <xmax>449.55</xmax>
      <ymax>192.73</ymax>
    </bndbox>
  </object>
</annotation>