<?xml version="1.0" encoding="UTF-8" ?>
<annotation>
  <folder>RGB200W_010102104301114_116447919503882310.jpg</folder>
  <filename>RGB200W_010102104301114_116447919503882310.jpg</filename>
  <path>http://172.18.39.209:9000/aliimages1999999986/RGB200W_010102104301114_116447919503882310.jpg</path>
  <source>
    <database>Unknown</database>
  </source>
  <size>
    <width>642</width>
    <height>362</height>
    <depth>0</depth>
  </size>
  <segmented>0</segmented>
  <object>
    <name>door_anno</name>
    <pose>Unspecified</pose>
    <truncated>0</truncated>
    <difficult>0</difficult>
    <bndbox>
      <xmin>291.82</xmin>
      <ymin>115.91</ymin>
      <xmax>352.73</xmax>
      <ymax>213.64</ymax>
    </bndbox>
  </object>
  <object>
    <name>cupboard</name>
    <pose>Unspecified</pose>
    <truncated>0</truncated>
    <difficult>0</difficult>
    <bndbox>
      <xmin>162.73</xmin>
      <ymin>160.91</ymin>
      <xmax>200.00</xmax>
      <ymax>206.82</ymax>
    </bndbox>
  </object>
  <object>
    <name>charger</name>
    <pose>Unspecified</pose>
    <truncated>0</truncated>
    <difficult>0</difficult>
    <bndbox>
      <xmin>65.00</xmin>
      <ymin>175.00</ymin>
      <xmax>177.73</xmax>
      <ymax>242.73</ymax>
    </bndbox>
  </object>
  <object>
    <name>wire</name>
    <pose>Unspecified</pose>
    <truncated>0</truncated>
    <difficult>0</difficult>
    <bndbox>
      <xmin>11.82</xmin>
      <ymin>146.82</ymin>
      <xmax>76.82</xmax>
      <ymax>187.73</ymax>
    </bndbox>
  </object>
  <object>
    <name>TV_stand</name>
    <pose>Unspecified</pose>
    <truncated>0</truncated>
    <difficult>0</difficult>
    <bndbox>
      <xmin>453.64</xmin>
      <ymin>175.00</ymin>
      <xmax>518.64</xmax>
      <ymax>208.64</ymax>
    </bndbox>
  </object>
</annotation>