<?xml version="1.0" encoding="UTF-8" ?>
<annotation>
  <folder>RGB200W_202006292025_116444753962266263.jpg</folder>
  <filename>RGB200W_202006292025_116444753962266263.jpg</filename>
  <path>http://172.18.39.209:9000/aliimages1999999990/RGB200W_202006292025_116444753962266263.jpg</path>
  <source>
    <database>Unknown</database>
  </source>
  <size>
    <width>642</width>
    <height>361</height>
    <depth>0</depth>
  </size>
  <segmented>0</segmented>
  <object>
    <name>wire</name>
    <pose>Unspecified</pose>
    <truncated>0</truncated>
    <difficult>0</difficult>
    <bndbox>
      <xmin>299.55</xmin>
      <ymin>190.45</ymin>
      <xmax>356.36</xmax>
      <ymax>199.55</ymax>
    </bndbox>
  </object>
  <object>
    <name>refrigerator1</name>
    <pose>Unspecified</pose>
    <truncated>0</truncated>
    <difficult>0</difficult>
    <bndbox>
      <xmin>41.36</xmin>
      <ymin>0.00</ymin>
      <xmax>223.64</xmax>
      <ymax>197.27</ymax>
    </bndbox>
  </object>
  <object>
    <name>cupboard1</name>
    <pose>Unspecified</pose>
    <truncated>0</truncated>
    <difficult>0</difficult>
    <bndbox>
      <xmin>364.09</xmin>
      <ymin>0.00</ymin>
      <xmax>641.82</xmax>
      <ymax>270.45</ymax>
    </bndbox>
  </object>
</annotation>