<?xml version="1.0" encoding="UTF-8" ?>
<annotation>
  <folder>RGB200W_29984_99999949_116445262825492972-228.007_228.039_324.240_194.538_0.286_0.126_-0.169_0.072.jpg</folder>
  <filename>RGB200W_29984_99999949_116445262825492972-228.007_228.039_324.240_194.538_0.286_0.126_-0.169_0.072.jpg</filename>
  <path>http://172.18.39.209:9000/aliimages1999999996/RGB200W_29984_99999949_116445262825492972-228.007_228.039_324.240_194.538_0.286_0.126_-0.169_0.072.jpg</path>
  <source>
    <database>Unknown</database>
  </source>
  <size>
    <width>642</width>
    <height>362</height>
    <depth>0</depth>
  </size>
  <segmented>0</segmented>
  <object>
    <name>blanket</name>
    <pose>Unspecified</pose>
    <truncated>0</truncated>
    <difficult>0</difficult>
    <bndbox>
      <xmin>285.91</xmin>
      <ymin>215.91</ymin>
      <xmax>380.00</xmax>
      <ymax>225.00</ymax>
    </bndbox>
  </object>
  <object>
    <name>cupboard</name>
    <pose>Unspecified</pose>
    <truncated>0</truncated>
    <difficult>0</difficult>
    <bndbox>
      <xmin>260.91</xmin>
      <ymin>162.73</ymin>
      <xmax>350.00</xmax>
      <ymax>220.00</ymax>
    </bndbox>
  </object>
  <object>
    <name>refrigerator</name>
    <pose>Unspecified</pose>
    <truncated>0</truncated>
    <difficult>0</difficult>
    <bndbox>
      <xmin>0.91</xmin>
      <ymin>55.91</ymin>
      <xmax>63.64</xmax>
      <ymax>226.82</ymax>
    </bndbox>
  </object>
</annotation>