<?xml version="1.0" encoding="UTF-8" ?>
<annotation>
  <folder>RGB200W_277985933_116445531794059343.jpg</folder>
  <filename>RGB200W_277985933_116445531794059343.jpg</filename>
  <path>http://172.18.39.209:9000/aliimages1999999990/RGB200W_277985933_116445531794059343.jpg</path>
  <source>
    <database>Unknown</database>
  </source>
  <size>
    <width>642</width>
    <height>361</height>
    <depth>0</depth>
  </size>
  <segmented>0</segmented>
  <object>
    <name>refrigerator</name>
    <pose>Unspecified</pose>
    <truncated>0</truncated>
    <difficult>0</difficult>
    <bndbox>
      <xmin>212.27</xmin>
      <ymin>0.91</ymin>
      <xmax>320.91</xmax>
      <ymax>227.27</ymax>
    </bndbox>
  </object>
  <object>
    <name>wire</name>
    <pose>Unspecified</pose>
    <truncated>0</truncated>
    <difficult>0</difficult>
    <bndbox>
      <xmin>317.27</xmin>
      <ymin>69.55</ymin>
      <xmax>336.36</xmax>
      <ymax>157.73</ymax>
    </bndbox>
  </object>
  <object>
    <name>wire</name>
    <pose>Unspecified</pose>
    <truncated>0</truncated>
    <difficult>0</difficult>
    <bndbox>
      <xmin>323.64</xmin>
      <ymin>171.36</ymin>
      <xmax>346.36</xmax>
      <ymax>194.55</ymax>
    </bndbox>
  </object>
  <object>
    <name>cupboard</name>
    <pose>Unspecified</pose>
    <truncated>0</truncated>
    <difficult>0</difficult>
    <bndbox>
      <xmin>351.36</xmin>
      <ymin>0.00</ymin>
      <xmax>641.82</xmax>
      <ymax>238.64</ymax>
    </bndbox>
  </object>
  <object>
    <name>wire</name>
    <pose>Unspecified</pose>
    <truncated>0</truncated>
    <difficult>0</difficult>
    <bndbox>
      <xmin>432.27</xmin>
      <ymin>118.64</ymin>
      <xmax>440.91</xmax>
      <ymax>137.73</ymax>
    </bndbox>
  </object>
  <object>
    <name>wire</name>
    <pose>Unspecified</pose>
    <truncated>0</truncated>
    <difficult>0</difficult>
    <bndbox>
      <xmin>440.00</xmin>
      <ymin>119.55</ymin>
      <xmax>447.73</xmax>
      <ymax>138.64</ymax>
    </bndbox>
  </object>
</annotation>