<?xml version="1.0" encoding="UTF-8" ?>
<annotation>
  <folder>RGB200W_CRL9993I202006069999_1591690644387097.jpg</folder>
  <filename>RGB200W_CRL9993I202006069999_1591690644387097.jpg</filename>
  <path>http://172.18.39.209:9000/aliimages1999999990/RGB200W_CRL9993I202006069999_1591690644387097.jpg</path>
  <source>
    <database>Unknown</database>
  </source>
  <size>
    <width>642</width>
    <height>361</height>
    <depth>0</depth>
  </size>
  <segmented>0</segmented>
  <object>
    <name>slipper</name>
    <pose>Unspecified</pose>
    <truncated>0</truncated>
    <difficult>0</difficult>
    <bndbox>
      <xmin>398.64</xmin>
      <ymin>181.36</ymin>
      <xmax>424.55</xmax>
      <ymax>193.18</ymax>
    </bndbox>
  </object>
  <object>
    <name>cupboard</name>
    <pose>Unspecified</pose>
    <truncated>0</truncated>
    <difficult>0</difficult>
    <bndbox>
      <xmin>205.91</xmin>
      <ymin>78.64</ymin>
      <xmax>322.27</xmax>
      <ymax>194.55</ymax>
    </bndbox>
  </object>
  <object>
    <name>refrigerator</name>
    <pose>Unspecified</pose>
    <truncated>0</truncated>
    <difficult>0</difficult>
    <bndbox>
      <xmin>115.00</xmin>
      <ymin>69.09</ymin>
      <xmax>217.27</xmax>
      <ymax>196.82</ymax>
    </bndbox>
  </object>
  <object>
    <name>wire</name>
    <pose>Unspecified</pose>
    <truncated>0</truncated>
    <difficult>0</difficult>
    <bndbox>
      <xmin>376.82</xmin>
      <ymin>82.27</ymin>
      <xmax>390.91</xmax>
      <ymax>97.27</ymax>
    </bndbox>
  </object>
</annotation>