<?xml version="1.0" encoding="UTF-8" ?>
<annotation>
  <folder>RGB200W_29984CRL30V00066802_116445264652118310.jpg</folder>
  <filename>RGB200W_29984CRL30V00066802_116445264652118310.jpg</filename>
  <path>http://172.18.39.209:9000/aliimages1999999979/RGB200W_29984CRL30V00066802_116445264652118310.jpg</path>
  <source>
    <database>Unknown</database>
  </source>
  <size>
    <width>642</width>
    <height>362</height>
    <depth>0</depth>
  </size>
  <segmented>0</segmented>
  <object>
    <name>cupboard</name>
    <pose>Unspecified</pose>
    <truncated>0</truncated>
    <difficult>0</difficult>
    <bndbox>
      <xmin>390.00</xmin>
      <ymin>0.91</ymin>
      <xmax>641.82</xmax>
      <ymax>258.64</ymax>
    </bndbox>
  </object>
</annotation>