<?xml version="1.0" encoding="UTF-8" ?>
<annotation>
  <folder>RGB200W_29984_99999775_116444862343124152.jpg</folder>
  <filename>RGB200W_29984_99999775_116444862343124152.jpg</filename>
  <path>http://172.18.39.209:9000/aliimages1999999996/RGB200W_29984_99999775_116444862343124152.jpg</path>
  <source>
    <database>Unknown</database>
  </source>
  <size>
    <width>642</width>
    <height>362</height>
    <depth>0</depth>
  </size>
  <segmented>0</segmented>
  <object>
    <name>chair_base</name>
    <pose>Unspecified</pose>
    <truncated>0</truncated>
    <difficult>0</difficult>
    <bndbox>
      <xmin>231.82</xmin>
      <ymin>207.73</ymin>
      <xmax>295.91</xmax>
      <ymax>220.00</ymax>
    </bndbox>
  </object>
  <object>
    <name>cupboard</name>
    <pose>Unspecified</pose>
    <truncated>0</truncated>
    <difficult>0</difficult>
    <bndbox>
      <xmin>272.73</xmin>
      <ymin>0.91</ymin>
      <xmax>641.82</xmax>
      <ymax>226.82</ymax>
    </bndbox>
  </object>
</annotation>