<?xml version="1.0" encoding="UTF-8" ?>
<annotation>
  <folder>RGB200W_29984_99999368_116445298411519441.jpg</folder>
  <filename>RGB200W_29984_99999368_116445298411519441.jpg</filename>
  <path>http://172.18.39.209:9000/aliimages1999999996/RGB200W_29984_99999368_116445298411519441.jpg</path>
  <source>
    <database>Unknown</database>
  </source>
  <size>
    <width>642</width>
    <height>362</height>
    <depth>0</depth>
  </size>
  <segmented>0</segmented>
  <object>
    <name>cupboard</name>
    <pose>Unspecified</pose>
    <truncated>0</truncated>
    <difficult>0</difficult>
    <bndbox>
      <xmin>235.00</xmin>
      <ymin>98.64</ymin>
      <xmax>365.91</xmax>
      <ymax>211.82</ymax>
    </bndbox>
  </object>
  <object>
    <name>refrigerator</name>
    <pose>Unspecified</pose>
    <truncated>0</truncated>
    <difficult>0</difficult>
    <bndbox>
      <xmin>365.91</xmin>
      <ymin>0.91</ymin>
      <xmax>393.64</xmax>
      <ymax>213.64</ymax>
    </bndbox>
  </object>
  <object>
    <name>sofa_1</name>
    <pose>Unspecified</pose>
    <truncated>0</truncated>
    <difficult>0</difficult>
    <bndbox>
      <xmin>433.64</xmin>
      <ymin>0.91</ymin>
      <xmax>641.82</xmax>
      <ymax>242.73</ymax>
    </bndbox>
  </object>
</annotation>