<?xml version="1.0" encoding="UTF-8" ?>
<annotation>
  <folder>RGB200W_202006292029_116445635146850331.jpg</folder>
  <filename>RGB200W_202006292029_116445635146850331.jpg</filename>
  <path>http://172.18.39.209:9000/aliimages1999999990/RGB200W_202006292029_116445635146850331.jpg</path>
  <source>
    <database>Unknown</database>
  </source>
  <size>
    <width>642</width>
    <height>361</height>
    <depth>0</depth>
  </size>
  <segmented>0</segmented>
  <object>
    <name>refrigerator</name>
    <pose>Unspecified</pose>
    <truncated>0</truncated>
    <difficult>0</difficult>
    <bndbox>
      <xmin>411.36</xmin>
      <ymin>0.45</ymin>
      <xmax>625.00</xmax>
      <ymax>227.27</ymax>
    </bndbox>
  </object>
  <object>
    <name>cupboard</name>
    <pose>Unspecified</pose>
    <truncated>0</truncated>
    <difficult>0</difficult>
    <bndbox>
      <xmin>295.45</xmin>
      <ymin>77.27</ymin>
      <xmax>443.64</xmax>
      <ymax>228.64</ymax>
    </bndbox>
  </object>
  <object>
    <name>slipper</name>
    <pose>Unspecified</pose>
    <truncated>0</truncated>
    <difficult>0</difficult>
    <bndbox>
      <xmin>261.82</xmin>
      <ymin>199.09</ymin>
      <xmax>398.64</xmax>
      <ymax>281.36</ymax>
    </bndbox>
  </object>
  <object>
    <name>slipper</name>
    <pose>Unspecified</pose>
    <truncated>0</truncated>
    <difficult>0</difficult>
    <bndbox>
      <xmin>123.64</xmin>
      <ymin>203.64</ymin>
      <xmax>178.64</xmax>
      <ymax>237.27</ymax>
    </bndbox>
  </object>
</annotation>