<?xml version="1.0" encoding="UTF-8" ?>
<annotation>
  <folder>2021061702</folder>
  <filename>RGB200W_010102104221023_116445011992856733_UP20210617.jpg</filename>
  <path>http://172.18.39.209:9000/aliimages/2021061702/RGB200W_010102104221023_116445011992856733_UP20210617.jpg</path>
  <source>
    <database>Unknown</database>
  </source>
  <size>
    <width>642</width>
    <height>362</height>
    <depth>0</depth>
  </size>
  <segmented>0</segmented>
  <object>
    <name>wire</name>
    <pose>Unspecified</pose>
    <truncated>0</truncated>
    <difficult>0</difficult>
    <bndbox>
      <xmin>448.18</xmin>
      <ymin>155.91</ymin>
      <xmax>511.36</xmax>
      <ymax>196.36</ymax>
    </bndbox>
  </object>
  <object>
    <name>&#xd;
refrigerator</name>
    <pose>Unspecified</pose>
    <truncated>0</truncated>
    <difficult>0</difficult>
    <bndbox>
      <xmin>364.09</xmin>
      <ymin>50.00</ymin>
      <xmax>396.82</xmax>
      <ymax>205.45</ymax>
    </bndbox>
  </object>
  <object>
    <name>bed1</name>
    <pose>Unspecified</pose>
    <truncated>0</truncated>
    <difficult>0</difficult>
    <bndbox>
      <xmin>0.00</xmin>
      <ymin>33.64</ymin>
      <xmax>319.55</xmax>
      <ymax>215.00</ymax>
    </bndbox>
  </object>
  <object>
    <name>cupboard</name>
    <pose>Unspecified</pose>
    <truncated>0</truncated>
    <difficult>0</difficult>
    <bndbox>
      <xmin>320.00</xmin>
      <ymin>132.27</ymin>
      <xmax>369.09</xmax>
      <ymax>198.64</ymax>
    </bndbox>
  </object>
</annotation>