<?xml version="1.0" encoding="UTF-8" ?>
<annotation>
  <folder>RGB200W_277985927_116445770891500723.jpg</folder>
  <filename>RGB200W_277985927_116445770891500723.jpg</filename>
  <path>http://172.18.39.209:9000/aliimages1999999996/RGB200W_277985927_116445770891500723.jpg</path>
  <source>
    <database>Unknown</database>
  </source>
  <size>
    <width>642</width>
    <height>361</height>
    <depth>0</depth>
  </size>
  <segmented>0</segmented>
  <object>
    <name>slipper</name>
    <pose>Unspecified</pose>
    <truncated>0</truncated>
    <difficult>0</difficult>
    <bndbox>
      <xmin>347.73</xmin>
      <ymin>184.09</ymin>
      <xmax>397.73</xmax>
      <ymax>209.55</ymax>
    </bndbox>
  </object>
  <object>
    <name>slipper</name>
    <pose>Unspecified</pose>
    <truncated>0</truncated>
    <difficult>0</difficult>
    <bndbox>
      <xmin>413.64</xmin>
      <ymin>184.55</ymin>
      <xmax>477.73</xmax>
      <ymax>209.09</ymax>
    </bndbox>
  </object>
  <object>
    <name>cupboard</name>
    <pose>Unspecified</pose>
    <truncated>0</truncated>
    <difficult>0</difficult>
    <bndbox>
      <xmin>110.00</xmin>
      <ymin>0.00</ymin>
      <xmax>641.82</xmax>
      <ymax>204.09</ymax>
    </bndbox>
  </object>
</annotation>