<?xml version="1.0" encoding="UTF-8" ?>
<annotation>
  <folder>2022011701</folder>
  <filename>RGB200W_29984CRL30V00065052_1637756306_5597.jpg</filename>
  <path>http://172.18.39.209:9000/aliimages/2022011701/RGB200W_29984CRL30V00065052_1637756306_5597.jpg</path>
  <source>
    <database>Unknown</database>
  </source>
  <size>
    <width>642</width>
    <height>362</height>
    <depth>0</depth>
  </size>
  <segmented>0</segmented>
  <object>
    <name>refrigerator1</name>
    <pose>Unspecified</pose>
    <truncated>0</truncated>
    <difficult>0</difficult>
    <bndbox>
      <xmin>0.91</xmin>
      <ymin>1.36</ymin>
      <xmax>264.55</xmax>
      <ymax>231.82</ymax>
    </bndbox>
  </object>
  <object>
    <name>cupboard</name>
    <pose>Unspecified</pose>
    <truncated>0</truncated>
    <difficult>0</difficult>
    <bndbox>
      <xmin>306.36</xmin>
      <ymin>141.82</ymin>
      <xmax>381.36</xmax>
      <ymax>206.82</ymax>
    </bndbox>
  </object>
</annotation>