<?xml version="1.0" encoding="UTF-8" ?>
<annotation>
  <folder>RGB200W_29984CRL30V00066764_116444849634419745.jpg</folder>
  <filename>RGB200W_29984CRL30V00066764_116444849634419745.jpg</filename>
  <path>http://172.18.39.209:9000/aliimages1999999979/RGB200W_29984CRL30V00066764_116444849634419745.jpg</path>
  <source>
    <database>Unknown</database>
  </source>
  <size>
    <width>642</width>
    <height>362</height>
    <depth>0</depth>
  </size>
  <segmented>0</segmented>
  <object>
    <name>cupboard</name>
    <pose>Unspecified</pose>
    <truncated>0</truncated>
    <difficult>0</difficult>
    <bndbox>
      <xmin>286.82</xmin>
      <ymin>7.73</ymin>
      <xmax>570.00</xmax>
      <ymax>226.82</ymax>
    </bndbox>
  </object>
  <object>
    <name>door_anno</name>
    <pose>Unspecified</pose>
    <truncated>0</truncated>
    <difficult>0</difficult>
    <bndbox>
      <xmin>40.00</xmin>
      <ymin>0.91</ymin>
      <xmax>257.73</xmax>
      <ymax>225.00</ymax>
    </bndbox>
  </object>
</annotation>