<?xml version="1.0" encoding="UTF-8" ?>
<annotation>
  <folder>RGB200W_202006292030_116444736357053016.jpg</folder>
  <filename>RGB200W_202006292030_116444736357053016.jpg</filename>
  <path>http://172.18.39.209:9000/aliimages1999999996/RGB200W_202006292030_116444736357053016.jpg</path>
  <source>
    <database>Unknown</database>
  </source>
  <size>
    <width>642</width>
    <height>361</height>
    <depth>0</depth>
  </size>
  <segmented>0</segmented>
  <object>
    <name>slipper</name>
    <pose>Unspecified</pose>
    <truncated>0</truncated>
    <difficult>0</difficult>
    <bndbox>
      <xmin>440.91</xmin>
      <ymin>176.82</ymin>
      <xmax>598.18</xmax>
      <ymax>297.73</ymax>
    </bndbox>
  </object>
  <object>
    <name>cupboard</name>
    <pose>Unspecified</pose>
    <truncated>0</truncated>
    <difficult>0</difficult>
    <bndbox>
      <xmin>199.55</xmin>
      <ymin>0.00</ymin>
      <xmax>386.82</xmax>
      <ymax>217.73</ymax>
    </bndbox>
  </object>
</annotation>