<?xml version="1.0" encoding="UTF-8" ?>
<annotation>
  <folder>RGB200W_2998499999442_116444763823139482_rgb.jpg</folder>
  <filename>RGB200W_2998499999442_116444763823139482_rgb.jpg</filename>
  <path>http://172.18.39.209:9000/aliimages1999999968/RGB200W_2998499999442_116444763823139482_rgb.jpg</path>
  <source>
    <database>Unknown</database>
  </source>
  <size>
    <width>352</width>
    <height>352</height>
    <depth>0</depth>
  </size>
  <segmented>0</segmented>
  <object>
    <name>cupboard</name>
    <pose>Unspecified</pose>
    <truncated>0</truncated>
    <difficult>0</difficult>
    <bndbox>
      <xmin>0.91</xmin>
      <ymin>0.91</ymin>
      <xmax>291.82</xmax>
      <ymax>232.73</ymax>
    </bndbox>
  </object>
  <object>
    <name>shoe</name>
    <pose>Unspecified</pose>
    <truncated>0</truncated>
    <difficult>0</difficult>
    <bndbox>
      <xmin>45.91</xmin>
      <ymin>111.82</ymin>
      <xmax>150.00</xmax>
      <ymax>247.73</ymax>
    </bndbox>
  </object>
  <object>
    <name>shoe</name>
    <pose>Unspecified</pose>
    <truncated>0</truncated>
    <difficult>0</difficult>
    <bndbox>
      <xmin>138.64</xmin>
      <ymin>118.64</ymin>
      <xmax>216.82</xmax>
      <ymax>230.00</ymax>
    </bndbox>
  </object>
</annotation>