<?xml version="1.0" encoding="UTF-8" ?>
<annotation>
  <folder>RGB200W_202006292030_116444743644144387.jpg</folder>
  <filename>RGB200W_202006292030_116444743644144387.jpg</filename>
  <path>http://172.18.39.209:9000/aliimages1999999990/RGB200W_202006292030_116444743644144387.jpg</path>
  <source>
    <database>Unknown</database>
  </source>
  <size>
    <width>642</width>
    <height>361</height>
    <depth>0</depth>
  </size>
  <segmented>0</segmented>
  <object>
    <name>washing_machine</name>
    <pose>Unspecified</pose>
    <truncated>0</truncated>
    <difficult>0</difficult>
    <bndbox>
      <xmin>272.73</xmin>
      <ymin>104.55</ymin>
      <xmax>335.91</xmax>
      <ymax>200.00</ymax>
    </bndbox>
  </object>
  <object>
    <name>refrigerator</name>
    <pose>Unspecified</pose>
    <truncated>0</truncated>
    <difficult>0</difficult>
    <bndbox>
      <xmin>208.18</xmin>
      <ymin>103.64</ymin>
      <xmax>273.18</xmax>
      <ymax>201.36</ymax>
    </bndbox>
  </object>
  <object>
    <name>slipper</name>
    <pose>Unspecified</pose>
    <truncated>0</truncated>
    <difficult>0</difficult>
    <bndbox>
      <xmin>108.64</xmin>
      <ymin>188.18</ymin>
      <xmax>153.18</xmax>
      <ymax>204.55</ymax>
    </bndbox>
  </object>
  <object>
    <name>cupboard</name>
    <pose>Unspecified</pose>
    <truncated>0</truncated>
    <difficult>0</difficult>
    <bndbox>
      <xmin>0.00</xmin>
      <ymin>0.00</ymin>
      <xmax>124.55</xmax>
      <ymax>215.45</ymax>
    </bndbox>
  </object>
</annotation>