<?xml version="1.0" encoding="UTF-8" ?>
<annotation>
  <folder>RGB200W_29984_99999320_116447623276751809.jpg</folder>
  <filename>RGB200W_29984_99999320_116447623276751809.jpg</filename>
  <path>http://172.18.39.209:9000/aliimages1999999982/RGB200W_29984_99999320_116447623276751809.jpg</path>
  <source>
    <database>Unknown</database>
  </source>
  <size>
    <width>642</width>
    <height>362</height>
    <depth>0</depth>
  </size>
  <segmented>0</segmented>
  <object>
    <name>blanket</name>
    <pose>Unspecified</pose>
    <truncated>0</truncated>
    <difficult>0</difficult>
    <bndbox>
      <xmin>42.73</xmin>
      <ymin>212.73</ymin>
      <xmax>278.64</xmax>
      <ymax>232.73</ymax>
    </bndbox>
  </object>
  <object>
    <name>cupboard</name>
    <pose>Unspecified</pose>
    <truncated>0</truncated>
    <difficult>0</difficult>
    <bndbox>
      <xmin>45.91</xmin>
      <ymin>75.00</ymin>
      <xmax>345.91</xmax>
      <ymax>216.82</ymax>
    </bndbox>
  </object>
</annotation>