<?xml version="1.0" encoding="UTF-8" ?>
<annotation>
  <folder>RGB200W_277985931_116444761847110246.jpg</folder>
  <filename>RGB200W_277985931_116444761847110246.jpg</filename>
  <path>http://172.18.39.209:9000/aliimages1999999990/RGB200W_277985931_116444761847110246.jpg</path>
  <source>
    <database>Unknown</database>
  </source>
  <size>
    <width>642</width>
    <height>361</height>
    <depth>0</depth>
  </size>
  <segmented>0</segmented>
  <object>
    <name>cupboard</name>
    <pose>Unspecified</pose>
    <truncated>0</truncated>
    <difficult>0</difficult>
    <bndbox>
      <xmin>185.45</xmin>
      <ymin>0.00</ymin>
      <xmax>402.73</xmax>
      <ymax>220.00</ymax>
    </bndbox>
  </object>
  <object>
    <name>refrigerator1</name>
    <pose>Unspecified</pose>
    <truncated>0</truncated>
    <difficult>0</difficult>
    <bndbox>
      <xmin>455.00</xmin>
      <ymin>0.91</ymin>
      <xmax>641.82</xmax>
      <ymax>223.18</ymax>
    </bndbox>
  </object>
  <object>
    <name>wire</name>
    <pose>Unspecified</pose>
    <truncated>0</truncated>
    <difficult>0</difficult>
    <bndbox>
      <xmin>376.82</xmin>
      <ymin>79.55</ymin>
      <xmax>399.09</xmax>
      <ymax>93.64</ymax>
    </bndbox>
  </object>
</annotation>