<?xml version="1.0" encoding="UTF-8" ?>
<annotation>
  <folder>RGB200W_29984_99999897_116445401602793480-226.975_226.978_317.444_185.851_0.313_0.032_-0.022_-0.013.jpg</folder>
  <filename>RGB200W_29984_99999897_116445401602793480-226.975_226.978_317.444_185.851_0.313_0.032_-0.022_-0.013.jpg</filename>
  <path>http://172.18.39.209:9000/aliimages1999999982/RGB200W_29984_99999897_116445401602793480-226.975_226.978_317.444_185.851_0.313_0.032_-0.022_-0.013.jpg</path>
  <source>
    <database>Unknown</database>
  </source>
  <size>
    <width>642</width>
    <height>362</height>
    <depth>0</depth>
  </size>
  <segmented>0</segmented>
  <object>
    <name>chair_base</name>
    <pose>Unspecified</pose>
    <truncated>0</truncated>
    <difficult>0</difficult>
    <bndbox>
      <xmin>416.82</xmin>
      <ymin>202.73</ymin>
      <xmax>462.73</xmax>
      <ymax>215.00</ymax>
    </bndbox>
  </object>
  <object>
    <name>cupboard</name>
    <pose>Unspecified</pose>
    <truncated>0</truncated>
    <difficult>0</difficult>
    <bndbox>
      <xmin>305.91</xmin>
      <ymin>182.73</ymin>
      <xmax>366.82</xmax>
      <ymax>210.00</ymax>
    </bndbox>
  </object>
  <object>
    <name>dining_table</name>
    <pose>Unspecified</pose>
    <truncated>0</truncated>
    <difficult>0</difficult>
    <bndbox>
      <xmin>242.73</xmin>
      <ymin>156.82</ymin>
      <xmax>313.64</xmax>
      <ymax>210.91</ymax>
    </bndbox>
  </object>
  <object>
    <name>TV_stand</name>
    <pose>Unspecified</pose>
    <truncated>0</truncated>
    <difficult>0</difficult>
    <bndbox>
      <xmin>552.73</xmin>
      <ymin>163.64</ymin>
      <xmax>641.82</xmax>
      <ymax>217.73</ymax>
    </bndbox>
  </object>
</annotation>