<?xml version="1.0" encoding="UTF-8" ?>
<annotation>
  <folder>RGB200W_277985919_116445500431961242.jpg</folder>
  <filename>RGB200W_277985919_116445500431961242.jpg</filename>
  <path>http://172.18.39.209:9000/aliimages1999999990/RGB200W_277985919_116445500431961242.jpg</path>
  <source>
    <database>Unknown</database>
  </source>
  <size>
    <width>642</width>
    <height>361</height>
    <depth>0</depth>
  </size>
  <segmented>0</segmented>
  <object>
    <name>cupboard</name>
    <pose>Unspecified</pose>
    <truncated>0</truncated>
    <difficult>0</difficult>
    <bndbox>
      <xmin>457.73</xmin>
      <ymin>126.82</ymin>
      <xmax>551.82</xmax>
      <ymax>212.73</ymax>
    </bndbox>
  </object>
  <object>
    <name>metal_chair_foot</name>
    <pose>Unspecified</pose>
    <truncated>0</truncated>
    <difficult>0</difficult>
    <bndbox>
      <xmin>258.64</xmin>
      <ymin>218.64</ymin>
      <xmax>325.91</xmax>
      <ymax>226.36</ymax>
    </bndbox>
  </object>
  <object>
    <name>refrigerator</name>
    <pose>Unspecified</pose>
    <truncated>0</truncated>
    <difficult>0</difficult>
    <bndbox>
      <xmin>377.73</xmin>
      <ymin>28.64</ymin>
      <xmax>461.36</xmax>
      <ymax>215.00</ymax>
    </bndbox>
  </object>
  <object>
    <name>door_anno</name>
    <pose>Unspecified</pose>
    <truncated>0</truncated>
    <difficult>0</difficult>
    <bndbox>
      <xmin>0.00</xmin>
      <ymin>0.00</ymin>
      <xmax>139.55</xmax>
      <ymax>238.64</ymax>
    </bndbox>
  </object>
</annotation>