<?xml version="1.0" encoding="UTF-8" ?>
<annotation>
  <folder>RGB200W_277985919_116449886905716308.jpg</folder>
  <filename>RGB200W_277985919_116449886905716308.jpg</filename>
  <path>http://172.18.39.209:9000/aliimages1999999990/RGB200W_277985919_116449886905716308.jpg</path>
  <source>
    <database>Unknown</database>
  </source>
  <size>
    <width>642</width>
    <height>361</height>
    <depth>0</depth>
  </size>
  <segmented>0</segmented>
  <object>
    <name>metal_chair_foot</name>
    <pose>Unspecified</pose>
    <truncated>0</truncated>
    <difficult>0</difficult>
    <bndbox>
      <xmin>157.27</xmin>
      <ymin>218.64</ymin>
      <xmax>224.55</xmax>
      <ymax>231.36</ymax>
    </bndbox>
  </object>
  <object>
    <name>cupboard</name>
    <pose>Unspecified</pose>
    <truncated>0</truncated>
    <difficult>0</difficult>
    <bndbox>
      <xmin>297.27</xmin>
      <ymin>125.91</ymin>
      <xmax>402.27</xmax>
      <ymax>221.82</ymax>
    </bndbox>
  </object>
</annotation>