<?xml version="1.0" encoding="UTF-8" ?>
<annotation>
  <folder>2021061702</folder>
  <filename>RGB200W_010102104301127_116444798300527128_UP20210617.jpg</filename>
  <path>http://172.18.39.209:9000/aliimages/2021061702/RGB200W_010102104301127_116444798300527128_UP20210617.jpg</path>
  <source>
    <database>Unknown</database>
  </source>
  <size>
    <width>642</width>
    <height>362</height>
    <depth>0</depth>
  </size>
  <segmented>0</segmented>
  <object>
    <name>TV_stand</name>
    <pose>Unspecified</pose>
    <truncated>0</truncated>
    <difficult>0</difficult>
    <bndbox>
      <xmin>0.00</xmin>
      <ymin>139.55</ymin>
      <xmax>180.91</xmax>
      <ymax>221.82</ymax>
    </bndbox>
  </object>
  <object>
    <name>&#xd;
refrigerator</name>
    <pose>Unspecified</pose>
    <truncated>0</truncated>
    <difficult>0</difficult>
    <bndbox>
      <xmin>141.82</xmin>
      <ymin>79.55</ymin>
      <xmax>221.36</xmax>
      <ymax>220.00</ymax>
    </bndbox>
  </object>
  <object>
    <name>tea_table</name>
    <pose>Unspecified</pose>
    <truncated>0</truncated>
    <difficult>0</difficult>
    <bndbox>
      <xmin>339.09</xmin>
      <ymin>0.00</ymin>
      <xmax>641.82</xmax>
      <ymax>253.18</ymax>
    </bndbox>
  </object>
</annotation>