<?xml version="1.0" encoding="UTF-8" ?>
<annotation>
  <folder>RGB200W_277985919_116445741259790379.jpg</folder>
  <filename>RGB200W_277985919_116445741259790379.jpg</filename>
  <path>http://172.18.39.209:9000/aliimages2021122805/RGB200W_277985919_116445741259790379.jpg</path>
  <source>
    <database>Unknown</database>
  </source>
  <size>
    <width>1920</width>
    <height>1079</height>
    <depth>0</depth>
  </size>
  <segmented>0</segmented>
  <object>
    <name>person_leg</name>
    <pose>Unspecified</pose>
    <truncated>0</truncated>
    <difficult>0</difficult>
    <bndbox>
      <xmin>793.88</xmin>
      <ymin>0.00</ymin>
      <xmax>1325.40</xmax>
      <ymax>863.21</ymax>
    </bndbox>
  </object>
  <object>
    <name>slipper</name>
    <pose>Unspecified</pose>
    <truncated>0</truncated>
    <difficult>0</difficult>
    <bndbox>
      <xmin>792.52</xmin>
      <ymin>606.29</ymin>
      <xmax>1339.00</xmax>
      <ymax>863.21</ymax>
    </bndbox>
  </object>
  <object>
    <name>metal_chair_foot</name>
    <pose>Unspecified</pose>
    <truncated>0</truncated>
    <difficult>0</difficult>
    <bndbox>
      <xmin>205.27</xmin>
      <ymin>585.90</ymin>
      <xmax>516.57</xmax>
      <ymax>689.21</ymax>
    </bndbox>
  </object>
  <object>
    <name>cupboard</name>
    <pose>Unspecified</pose>
    <truncated>0</truncated>
    <difficult>0</difficult>
    <bndbox>
      <xmin>501.61</xmin>
      <ymin>214.78</ymin>
      <xmax>867.29</xmax>
      <ymax>676.98</ymax>
    </bndbox>
  </object>
</annotation>