<?xml version="1.0" encoding="UTF-8" ?>
<annotation>
  <folder>RGB200W_202006292030_116444738213511950.jpg</folder>
  <filename>RGB200W_202006292030_116444738213511950.jpg</filename>
  <path>http://172.18.39.209:9000/aliimages1999999990/RGB200W_202006292030_116444738213511950.jpg</path>
  <source>
    <database>Unknown</database>
  </source>
  <size>
    <width>642</width>
    <height>361</height>
    <depth>0</depth>
  </size>
  <segmented>0</segmented>
  <object>
    <name>slipper</name>
    <pose>Unspecified</pose>
    <truncated>0</truncated>
    <difficult>0</difficult>
    <bndbox>
      <xmin>317.73</xmin>
      <ymin>190.45</ymin>
      <xmax>335.91</xmax>
      <ymax>199.09</ymax>
    </bndbox>
  </object>
  <object>
    <name>slipper</name>
    <pose>Unspecified</pose>
    <truncated>0</truncated>
    <difficult>0</difficult>
    <bndbox>
      <xmin>337.27</xmin>
      <ymin>191.82</ymin>
      <xmax>359.09</xmax>
      <ymax>199.55</ymax>
    </bndbox>
  </object>
  <object>
    <name>cupboard</name>
    <pose>Unspecified</pose>
    <truncated>0</truncated>
    <difficult>0</difficult>
    <bndbox>
      <xmin>0.91</xmin>
      <ymin>0.00</ymin>
      <xmax>304.55</xmax>
      <ymax>213.18</ymax>
    </bndbox>
  </object>
</annotation>