<?xml version="1.0" encoding="UTF-8" ?>
<annotation>
  <folder>RGB200W_29984_99999897_116445157939037078.jpg</folder>
  <filename>RGB200W_29984_99999897_116445157939037078.jpg</filename>
  <path>http://172.18.39.209:9000/aliimages1999999990/RGB200W_29984_99999897_116445157939037078.jpg</path>
  <source>
    <database>Unknown</database>
  </source>
  <size>
    <width>642</width>
    <height>362</height>
    <depth>0</depth>
  </size>
  <segmented>0</segmented>
  <object>
    <name>cupboard</name>
    <pose>Unspecified</pose>
    <truncated>0</truncated>
    <difficult>0</difficult>
    <bndbox>
      <xmin>40.00</xmin>
      <ymin>170.91</ymin>
      <xmax>130.91</xmax>
      <ymax>210.00</ymax>
    </bndbox>
  </object>
  <object>
    <name>sofa</name>
    <pose>Unspecified</pose>
    <truncated>0</truncated>
    <difficult>0</difficult>
    <bndbox>
      <xmin>313.64</xmin>
      <ymin>0.91</ymin>
      <xmax>527.73</xmax>
      <ymax>225.00</ymax>
    </bndbox>
  </object>
</annotation>