<?xml version="1.0" encoding="UTF-8" ?>
<annotation>
  <folder>RGB200W_277985927_116445600019735604.jpg</folder>
  <filename>RGB200W_277985927_116445600019735604.jpg</filename>
  <path>http://172.18.39.209:9000/aliimages2021122805/RGB200W_277985927_116445600019735604.jpg</path>
  <source>
    <database>Unknown</database>
  </source>
  <size>
    <width>1920</width>
    <height>1079</height>
    <depth>0</depth>
  </size>
  <segmented>0</segmented>
  <object>
    <name>person_leg</name>
    <pose>Unspecified</pose>
    <truncated>0</truncated>
    <difficult>0</difficult>
    <bndbox>
      <xmin>738.15</xmin>
      <ymin>0.00</ymin>
      <xmax>1109.26</xmax>
      <ymax>678.33</ymax>
    </bndbox>
  </object>
  <object>
    <name>person_leg</name>
    <pose>Unspecified</pose>
    <truncated>0</truncated>
    <difficult>0</difficult>
    <bndbox>
      <xmin>0.00</xmin>
      <ymin>0.00</ymin>
      <xmax>579.10</xmax>
      <ymax>715.04</ymax>
    </bndbox>
  </object>
  <object>
    <name>slipper</name>
    <pose>Unspecified</pose>
    <truncated>0</truncated>
    <difficult>0</difficult>
    <bndbox>
      <xmin>728.63</xmin>
      <ymin>536.96</ymin>
      <xmax>1111.98</xmax>
      <ymax>676.98</ymax>
    </bndbox>
  </object>
  <object>
    <name>slipper</name>
    <pose>Unspecified</pose>
    <truncated>0</truncated>
    <difficult>0</difficult>
    <bndbox>
      <xmin>0.00</xmin>
      <ymin>508.41</ymin>
      <xmax>466.27</xmax>
      <ymax>713.68</ymax>
    </bndbox>
  </object>
  <object>
    <name>cupboard</name>
    <pose>Unspecified</pose>
    <truncated>0</truncated>
    <difficult>0</difficult>
    <bndbox>
      <xmin>1076.64</xmin>
      <ymin>1.36</ymin>
      <xmax>1919.46</xmax>
      <ymax>687.85</ymax>
    </bndbox>
  </object>
  <object>
    <name>trash_can</name>
    <pose>Unspecified</pose>
    <truncated>0</truncated>
    <difficult>0</difficult>
    <bndbox>
      <xmin>553.27</xmin>
      <ymin>335.77</ymin>
      <xmax>770.77</xmax>
      <ymax>609.01</ymax>
    </bndbox>
  </object>
</annotation>