<?xml version="1.0" encoding="UTF-8" ?>
<annotation>
  <folder>RGB200W_010102104301111_116446050302920443.jpg</folder>
  <filename>RGB200W_010102104301111_116446050302920443.jpg</filename>
  <path>http://172.18.39.209:9000/aliimages1999999986/RGB200W_010102104301111_116446050302920443.jpg</path>
  <source>
    <database>Unknown</database>
  </source>
  <size>
    <width>642</width>
    <height>362</height>
    <depth>0</depth>
  </size>
  <segmented>0</segmented>
  <object>
    <name>wire</name>
    <pose>Unspecified</pose>
    <truncated>0</truncated>
    <difficult>0</difficult>
    <bndbox>
      <xmin>288.64</xmin>
      <ymin>27.73</ymin>
      <xmax>316.82</xmax>
      <ymax>131.82</ymax>
    </bndbox>
  </object>
  <object>
    <name>refrigerator</name>
    <pose>Unspecified</pose>
    <truncated>0</truncated>
    <difficult>0</difficult>
    <bndbox>
      <xmin>240.00</xmin>
      <ymin>31.82</ymin>
      <xmax>312.73</xmax>
      <ymax>203.64</ymax>
    </bndbox>
  </object>
  <object>
    <name>washing_machine</name>
    <pose>Unspecified</pose>
    <truncated>0</truncated>
    <difficult>0</difficult>
    <bndbox>
      <xmin>488.64</xmin>
      <ymin>97.73</ymin>
      <xmax>525.91</xmax>
      <ymax>181.82</ymax>
    </bndbox>
  </object>
  <object>
    <name>cupboard</name>
    <pose>Unspecified</pose>
    <truncated>0</truncated>
    <difficult>0</difficult>
    <bndbox>
      <xmin>500.91</xmin>
      <ymin>50.91</ymin>
      <xmax>607.73</xmax>
      <ymax>183.64</ymax>
    </bndbox>
  </object>
  <object>
    <name>wire</name>
    <pose>Unspecified</pose>
    <truncated>0</truncated>
    <difficult>0</difficult>
    <bndbox>
      <xmin>436.82</xmin>
      <ymin>30.00</ymin>
      <xmax>490.00</xmax>
      <ymax>181.82</ymax>
    </bndbox>
  </object>
</annotation>