<?xml version="1.0" encoding="UTF-8" ?>
<annotation>
  <folder>RGB200W_277985947_116444755479755048.jpg</folder>
  <filename>RGB200W_277985947_116444755479755048.jpg</filename>
  <path>http://172.18.39.209:9000/aliimages2021122805/RGB200W_277985947_116444755479755048.jpg</path>
  <source>
    <database>Unknown</database>
  </source>
  <size>
    <width>1920</width>
    <height>1079</height>
    <depth>0</depth>
  </size>
  <segmented>0</segmented>
  <object>
    <name>person_leg</name>
    <pose>Unspecified</pose>
    <truncated>0</truncated>
    <difficult>0</difficult>
    <bndbox>
      <xmin>918.95</xmin>
      <ymin>327.61</ymin>
      <xmax>996.43</xmax>
      <ymax>602.21</ymax>
    </bndbox>
  </object>
  <object>
    <name>person_leg</name>
    <pose>Unspecified</pose>
    <truncated>0</truncated>
    <difficult>0</difficult>
    <bndbox>
      <xmin>995.07</xmin>
      <ymin>330.33</ymin>
      <xmax>1054.89</xmax>
      <ymax>604.93</ymax>
    </bndbox>
  </object>
  <object>
    <name>slipper</name>
    <pose>Unspecified</pose>
    <truncated>0</truncated>
    <difficult>0</difficult>
    <bndbox>
      <xmin>921.67</xmin>
      <ymin>598.13</ymin>
      <xmax>986.92</xmax>
      <ymax>642.99</ymax>
    </bndbox>
  </object>
  <object>
    <name>slipper</name>
    <pose>Unspecified</pose>
    <truncated>0</truncated>
    <difficult>0</difficult>
    <bndbox>
      <xmin>989.63</xmin>
      <ymin>598.13</ymin>
      <xmax>1073.92</xmax>
      <ymax>638.91</ymax>
    </bndbox>
  </object>
  <object>
    <name>cupboard</name>
    <pose>Unspecified</pose>
    <truncated>0</truncated>
    <difficult>0</difficult>
    <bndbox>
      <xmin>615.80</xmin>
      <ymin>1.36</ymin>
      <xmax>1919.46</xmax>
      <ymax>727.27</ymax>
    </bndbox>
  </object>
  <object>
    <name>person</name>
    <pose>Unspecified</pose>
    <truncated>0</truncated>
    <difficult>0</difficult>
    <bndbox>
      <xmin>899.92</xmin>
      <ymin>5.44</ymin>
      <xmax>1126.93</xmax>
      <ymax>642.99</ymax>
    </bndbox>
  </object>
  <object>
    <name>trash_can</name>
    <pose>Unspecified</pose>
    <truncated>0</truncated>
    <difficult>0</difficult>
    <bndbox>
      <xmin>562.79</xmin>
      <ymin>447.24</ymin>
      <xmax>773.49</xmax>
      <ymax>664.74</ymax>
    </bndbox>
  </object>
</annotation>