<?xml version="1.0" encoding="UTF-8" ?>
<annotation>
  <folder>RGB200W_277985919_116447178146617951.jpg</folder>
  <filename>RGB200W_277985919_116447178146617951.jpg</filename>
  <path>http://172.18.39.209:9000/aliimages1999999996/RGB200W_277985919_116447178146617951.jpg</path>
  <source>
    <database>Unknown</database>
  </source>
  <size>
    <width>642</width>
    <height>361</height>
    <depth>0</depth>
  </size>
  <segmented>0</segmented>
  <object>
    <name>cupboard</name>
    <pose>Unspecified</pose>
    <truncated>0</truncated>
    <difficult>0</difficult>
    <bndbox>
      <xmin>404.55</xmin>
      <ymin>97.27</ymin>
      <xmax>602.73</xmax>
      <ymax>225.45</ymax>
    </bndbox>
  </object>
  <object>
    <name>metal_chair_foot</name>
    <pose>Unspecified</pose>
    <truncated>0</truncated>
    <difficult>0</difficult>
    <bndbox>
      <xmin>0.00</xmin>
      <ymin>219.55</ymin>
      <xmax>144.09</xmax>
      <ymax>300.45</ymax>
    </bndbox>
  </object>
  <object>
    <name>refrigerator_1</name>
    <pose>Unspecified</pose>
    <truncated>0</truncated>
    <difficult>0</difficult>
    <bndbox>
      <xmin>346.36</xmin>
      <ymin>0.00</ymin>
      <xmax>408.64</xmax>
      <ymax>220.00</ymax>
    </bndbox>
  </object>
</annotation>