<?xml version="1.0" encoding="UTF-8" ?>
<annotation>
  <folder>RGB200W_29984CRL30V00067130_116445154109113432.jpg</folder>
  <filename>RGB200W_29984CRL30V00067130_116445154109113432.jpg</filename>
  <path>http://172.18.39.209:9000/aliimages1999999979/RGB200W_29984CRL30V00067130_116445154109113432.jpg</path>
  <source>
    <database>Unknown</database>
  </source>
  <size>
    <width>642</width>
    <height>362</height>
    <depth>0</depth>
  </size>
  <segmented>0</segmented>
  <object>
    <name>refrigerator</name>
    <pose>Unspecified</pose>
    <truncated>0</truncated>
    <difficult>0</difficult>
    <bndbox>
      <xmin>27.73</xmin>
      <ymin>65.00</ymin>
      <xmax>108.64</xmax>
      <ymax>207.73</ymax>
    </bndbox>
  </object>
  <object>
    <name>blanket</name>
    <pose>Unspecified</pose>
    <truncated>0</truncated>
    <difficult>0</difficult>
    <bndbox>
      <xmin>296.82</xmin>
      <ymin>211.82</ymin>
      <xmax>392.73</xmax>
      <ymax>220.00</ymax>
    </bndbox>
  </object>
  <object>
    <name>cupboard</name>
    <pose>Unspecified</pose>
    <truncated>0</truncated>
    <difficult>0</difficult>
    <bndbox>
      <xmin>270.00</xmin>
      <ymin>140.00</ymin>
      <xmax>373.64</xmax>
      <ymax>212.73</ymax>
    </bndbox>
  </object>
</annotation>