<?xml version="1.0" encoding="UTF-8" ?>
<annotation>
  <folder>RGB200W_CRL9993I202006069999_1591690559806486.jpg</folder>
  <filename>RGB200W_CRL9993I202006069999_1591690559806486.jpg</filename>
  <path>http://172.18.39.209:9000/aliimages1999999990/RGB200W_CRL9993I202006069999_1591690559806486.jpg</path>
  <source>
    <database>Unknown</database>
  </source>
  <size>
    <width>642</width>
    <height>361</height>
    <depth>0</depth>
  </size>
  <segmented>0</segmented>
  <object>
    <name>shoe</name>
    <pose>Unspecified</pose>
    <truncated>0</truncated>
    <difficult>0</difficult>
    <bndbox>
      <xmin>501.82</xmin>
      <ymin>166.82</ymin>
      <xmax>540.91</xmax>
      <ymax>195.91</ymax>
    </bndbox>
  </object>
  <object>
    <name>shoe</name>
    <pose>Unspecified</pose>
    <truncated>0</truncated>
    <difficult>0</difficult>
    <bndbox>
      <xmin>484.55</xmin>
      <ymin>168.18</ymin>
      <xmax>506.82</xmax>
      <ymax>194.55</ymax>
    </bndbox>
  </object>
  <object>
    <name>shoe</name>
    <pose>Unspecified</pose>
    <truncated>0</truncated>
    <difficult>0</difficult>
    <bndbox>
      <xmin>460.00</xmin>
      <ymin>124.09</ymin>
      <xmax>504.55</xmax>
      <ymax>146.36</ymax>
    </bndbox>
  </object>
  <object>
    <name>cupboard</name>
    <pose>Unspecified</pose>
    <truncated>0</truncated>
    <difficult>0</difficult>
    <bndbox>
      <xmin>202.27</xmin>
      <ymin>139.09</ymin>
      <xmax>240.45</xmax>
      <ymax>190.00</ymax>
    </bndbox>
  </object>
  <object>
    <name>shoe</name>
    <pose>Unspecified</pose>
    <truncated>0</truncated>
    <difficult>0</difficult>
    <bndbox>
      <xmin>72.73</xmin>
      <ymin>177.27</ymin>
      <xmax>103.64</xmax>
      <ymax>194.55</ymax>
    </bndbox>
  </object>
  <object>
    <name>shoe</name>
    <pose>Unspecified</pose>
    <truncated>0</truncated>
    <difficult>0</difficult>
    <bndbox>
      <xmin>0.00</xmin>
      <ymin>175.91</ymin>
      <xmax>36.82</xmax>
      <ymax>197.27</ymax>
    </bndbox>
  </object>
</annotation>