<?xml version="1.0" encoding="UTF-8" ?>
<annotation>
  <folder>2022011016</folder>
  <filename>132859277435797475.jpg</filename>
  <path>http://172.18.39.209:9000/aliimages/2022011016/132859277435797475.jpg</path>
  <source>
    <database>Unknown</database>
  </source>
  <size>
    <width>960</width>
    <height>539</height>
    <depth>0</depth>
  </size>
  <segmented>0</segmented>
  <object>
    <name>shoe19</name>
    <pose>Unspecified</pose>
    <truncated>0</truncated>
    <difficult>0</difficult>
    <bndbox>
      <xmin>456.75</xmin>
      <ymin>252.17</ymin>
      <xmax>498.22</xmax>
      <ymax>280.03</ymax>
    </bndbox>
  </object>
  <object>
    <name>shoe19</name>
    <pose>Unspecified</pose>
    <truncated>0</truncated>
    <difficult>0</difficult>
    <bndbox>
      <xmin>396.26</xmin>
      <ymin>262.36</ymin>
      <xmax>433.64</xmax>
      <ymax>288.87</ymax>
    </bndbox>
  </object>
  <object>
    <name>shoe14</name>
    <pose>Unspecified</pose>
    <truncated>0</truncated>
    <difficult>0</difficult>
    <bndbox>
      <xmin>359.56</xmin>
      <ymin>235.17</ymin>
      <xmax>393.54</xmax>
      <ymax>275.96</ymax>
    </bndbox>
  </object>
  <object>
    <name>shoe14</name>
    <pose>Unspecified</pose>
    <truncated>0</truncated>
    <difficult>0</difficult>
    <bndbox>
      <xmin>348.68</xmin>
      <ymin>262.36</ymin>
      <xmax>379.27</xmax>
      <ymax>280.71</ymax>
    </bndbox>
  </object>
  <object>
    <name>person_leg19</name>
    <pose>Unspecified</pose>
    <truncated>0</truncated>
    <difficult>0</difficult>
    <bndbox>
      <xmin>394.90</xmin>
      <ymin>169.92</ymin>
      <xmax>498.22</xmax>
      <ymax>288.87</ymax>
    </bndbox>
  </object>
  <object>
    <name>person_leg14</name>
    <pose>Unspecified</pose>
    <truncated>0</truncated>
    <difficult>0</difficult>
    <bndbox>
      <xmin>347.32</xmin>
      <ymin>188.28</ymin>
      <xmax>409.18</xmax>
      <ymax>280.71</ymax>
    </bndbox>
  </object>
  <object>
    <name>person14</name>
    <pose>Unspecified</pose>
    <truncated>0</truncated>
    <difficult>0</difficult>
    <bndbox>
      <xmin>323.53</xmin>
      <ymin>65.93</ymin>
      <xmax>400.34</xmax>
      <ymax>279.35</ymax>
    </bndbox>
  </object>
  <object>
    <name>person19</name>
    <pose>Unspecified</pose>
    <truncated>0</truncated>
    <difficult>0</difficult>
    <bndbox>
      <xmin>398.30</xmin>
      <ymin>-1.36</ymin>
      <xmax>515.89</xmax>
      <ymax>286.83</ymax>
    </bndbox>
  </object>
</annotation>