<?xml version="1.0" encoding="UTF-8" ?>
<annotation>
  <folder>2022011016</folder>
  <filename>132859277453673951.jpg</filename>
  <path>http://172.18.39.209:9000/aliimages/2022011016/132859277453673951.jpg</path>
  <source>
    <database>Unknown</database>
  </source>
  <size>
    <width>960</width>
    <height>539</height>
    <depth>0</depth>
  </size>
  <segmented>0</segmented>
  <object>
    <name>person14</name>
    <pose>Unspecified</pose>
    <truncated>0</truncated>
    <difficult>0</difficult>
    <bndbox>
      <xmin>434.32</xmin>
      <ymin>174.00</ymin>
      <xmax>480.54</xmax>
      <ymax>275.96</ymax>
    </bndbox>
  </object>
  <object>
    <name>person19</name>
    <pose>Unspecified</pose>
    <truncated>0</truncated>
    <difficult>0</difficult>
    <bndbox>
      <xmin>491.42</xmin>
      <ymin>169.92</ymin>
      <xmax>532.88</xmax>
      <ymax>278.67</ymax>
    </bndbox>
  </object>
  <object>
    <name>person_leg19</name>
    <pose>Unspecified</pose>
    <truncated>0</truncated>
    <difficult>0</difficult>
    <bndbox>
      <xmin>503.65</xmin>
      <ymin>240.61</ymin>
      <xmax>522.68</xmax>
      <ymax>276.64</ymax>
    </bndbox>
  </object>
  <object>
    <name>person_leg14</name>
    <pose>Unspecified</pose>
    <truncated>0</truncated>
    <difficult>0</difficult>
    <bndbox>
      <xmin>447.92</xmin>
      <ymin>238.57</ymin>
      <xmax>468.99</xmax>
      <ymax>275.28</ymax>
    </bndbox>
  </object>
</annotation>