<?xml version="1.0" encoding="UTF-8" ?>
<annotation>
  <folder>2022011015</folder>
  <filename>132859272177308361.jpg</filename>
  <path>http://172.18.39.209:9000/aliimages/2022011015/132859272177308361.jpg</path>
  <source>
    <database>Unknown</database>
  </source>
  <size>
    <width>960</width>
    <height>539</height>
    <depth>0</depth>
  </size>
  <segmented>0</segmented>
  <object>
    <name>shoe13</name>
    <pose>Unspecified</pose>
    <truncated>0</truncated>
    <difficult>0</difficult>
    <bndbox>
      <xmin>360.24</xmin>
      <ymin>258.96</ymin>
      <xmax>410.54</xmax>
      <ymax>284.79</ymax>
    </bndbox>
  </object>
  <object>
    <name>shoe13</name>
    <pose>Unspecified</pose>
    <truncated>0</truncated>
    <difficult>0</difficult>
    <bndbox>
      <xmin>430.93</xmin>
      <ymin>235.85</ymin>
      <xmax>456.75</xmax>
      <ymax>273.92</ymax>
    </bndbox>
  </object>
  <object>
    <name>shoe14</name>
    <pose>Unspecified</pose>
    <truncated>0</truncated>
    <difficult>0</difficult>
    <bndbox>
      <xmin>481.22</xmin>
      <ymin>254.89</ymin>
      <xmax>517.93</xmax>
      <ymax>276.64</ymax>
    </bndbox>
  </object>
  <object>
    <name>shoe14</name>
    <pose>Unspecified</pose>
    <truncated>0</truncated>
    <difficult>0</difficult>
    <bndbox>
      <xmin>534.24</xmin>
      <ymin>259.64</ymin>
      <xmax>570.94</xmax>
      <ymax>280.03</ymax>
    </bndbox>
  </object>
  <object>
    <name>person_leg14</name>
    <pose>Unspecified</pose>
    <truncated>0</truncated>
    <difficult>0</difficult>
    <bndbox>
      <xmin>479.86</xmin>
      <ymin>226.34</ymin>
      <xmax>572.30</xmax>
      <ymax>279.35</ymax>
    </bndbox>
  </object>
  <object>
    <name>person_leg13</name>
    <pose>Unspecified</pose>
    <truncated>0</truncated>
    <difficult>0</difficult>
    <bndbox>
      <xmin>361.60</xmin>
      <ymin>216.82</ymin>
      <xmax>458.79</xmax>
      <ymax>286.15</ymax>
    </bndbox>
  </object>
  <object>
    <name>person13</name>
    <pose>Unspecified</pose>
    <truncated>0</truncated>
    <difficult>0</difficult>
    <bndbox>
      <xmin>359.56</xmin>
      <ymin>55.73</ymin>
      <xmax>462.19</xmax>
      <ymax>284.79</ymax>
    </bndbox>
  </object>
  <object>
    <name>person14</name>
    <pose>Unspecified</pose>
    <truncated>0</truncated>
    <difficult>0</difficult>
    <bndbox>
      <xmin>477.82</xmin>
      <ymin>109.43</ymin>
      <xmax>570.26</xmax>
      <ymax>282.07</ymax>
    </bndbox>
  </object>
  <object>
    <name>person16</name>
    <pose>Unspecified</pose>
    <truncated>0</truncated>
    <difficult>0</difficult>
    <bndbox>
      <xmin>116.91</xmin>
      <ymin>93.80</ymin>
      <xmax>182.16</xmax>
      <ymax>274.60</ymax>
    </bndbox>
  </object>
</annotation>