<?xml version="1.0" encoding="UTF-8" ?>
<annotation>
  <folder>2022011016</folder>
  <filename>132859275923963071.jpg</filename>
  <path>http://172.18.39.209:9000/aliimages/2022011016/132859275923963071.jpg</path>
  <source>
    <database>Unknown</database>
  </source>
  <size>
    <width>960</width>
    <height>539</height>
    <depth>0</depth>
  </size>
  <segmented>0</segmented>
  <object>
    <name>person14</name>
    <pose>Unspecified</pose>
    <truncated>0</truncated>
    <difficult>0</difficult>
    <bndbox>
      <xmin>602.21</xmin>
      <ymin>66.61</ymin>
      <xmax>704.16</xmax>
      <ymax>285.47</ymax>
    </bndbox>
  </object>
  <object>
    <name>person_leg14</name>
    <pose>Unspecified</pose>
    <truncated>0</truncated>
    <difficult>0</difficult>
    <bndbox>
      <xmin>618.52</xmin>
      <ymin>201.19</ymin>
      <xmax>690.57</xmax>
      <ymax>282.75</ymax>
    </bndbox>
  </object>
  <object>
    <name>shoe14</name>
    <pose>Unspecified</pose>
    <truncated>0</truncated>
    <difficult>0</difficult>
    <bndbox>
      <xmin>619.20</xmin>
      <ymin>263.72</ymin>
      <xmax>662.02</xmax>
      <ymax>282.75</ymax>
    </bndbox>
  </object>
</annotation>