<?xml version="1.0" encoding="UTF-8" ?>
<annotation>
  <folder>2022011015</folder>
  <filename>132859272195186334.jpg</filename>
  <path>http://172.18.39.209:9000/aliimages/2022011015/132859272195186334.jpg</path>
  <source>
    <database>Unknown</database>
  </source>
  <size>
    <width>960</width>
    <height>539</height>
    <depth>0</depth>
  </size>
  <segmented>0</segmented>
  <object>
    <name>person14</name>
    <pose>Unspecified</pose>
    <truncated>0</truncated>
    <difficult>0</difficult>
    <bndbox>
      <xmin>243.33</xmin>
      <ymin>118.27</ymin>
      <xmax>338.49</xmax>
      <ymax>277.32</ymax>
    </bndbox>
  </object>
  <object>
    <name>person_leg13</name>
    <pose>Unspecified</pose>
    <truncated>0</truncated>
    <difficult>0</difficult>
    <bndbox>
      <xmin>101.27</xmin>
      <ymin>218.18</ymin>
      <xmax>182.84</xmax>
      <ymax>277.99</ymax>
    </bndbox>
  </object>
  <object>
    <name>shoe14</name>
    <pose>Unspecified</pose>
    <truncated>0</truncated>
    <difficult>0</difficult>
    <bndbox>
      <xmin>252.17</xmin>
      <ymin>260.32</ymin>
      <xmax>286.15</xmax>
      <ymax>278.67</ymax>
    </bndbox>
  </object>
  <object>
    <name>shoe14</name>
    <pose>Unspecified</pose>
    <truncated>0</truncated>
    <difficult>0</difficult>
    <bndbox>
      <xmin>308.58</xmin>
      <ymin>247.41</ymin>
      <xmax>339.85</xmax>
      <ymax>277.32</ymax>
    </bndbox>
  </object>
  <object>
    <name>shoe13</name>
    <pose>Unspecified</pose>
    <truncated>0</truncated>
    <difficult>0</difficult>
    <bndbox>
      <xmin>151.57</xmin>
      <ymin>257.60</ymin>
      <xmax>182.16</xmax>
      <ymax>276.64</ymax>
    </bndbox>
  </object>
  <object>
    <name>person_leg14</name>
    <pose>Unspecified</pose>
    <truncated>0</truncated>
    <difficult>0</difficult>
    <bndbox>
      <xmin>261.00</xmin>
      <ymin>220.22</ymin>
      <xmax>339.17</xmax>
      <ymax>277.99</ymax>
    </bndbox>
  </object>
  <object>
    <name>person13</name>
    <pose>Unspecified</pose>
    <truncated>0</truncated>
    <difficult>0</difficult>
    <bndbox>
      <xmin>105.35</xmin>
      <ymin>93.80</ymin>
      <xmax>194.39</xmax>
      <ymax>277.99</ymax>
    </bndbox>
  </object>
</annotation>