<?xml version="1.0" encoding="UTF-8" ?>
<annotation>
  <folder>2022011015</folder>
  <filename>132859272198782141.jpg</filename>
  <path>http://172.18.39.209:9000/aliimages/2022011015/132859272198782141.jpg</path>
  <source>
    <database>Unknown</database>
  </source>
  <size>
    <width>960</width>
    <height>539</height>
    <depth>0</depth>
  </size>
  <segmented>0</segmented>
  <object>
    <name>shoe14</name>
    <pose>Unspecified</pose>
    <truncated>0</truncated>
    <difficult>0</difficult>
    <bndbox>
      <xmin>196.43</xmin>
      <ymin>258.96</ymin>
      <xmax>235.85</xmax>
      <ymax>277.99</ymax>
    </bndbox>
  </object>
  <object>
    <name>shoe14</name>
    <pose>Unspecified</pose>
    <truncated>0</truncated>
    <difficult>0</difficult>
    <bndbox>
      <xmin>256.92</xmin>
      <ymin>261.00</ymin>
      <xmax>281.39</xmax>
      <ymax>278.67</ymax>
    </bndbox>
  </object>
  <object>
    <name>person_leg14</name>
    <pose>Unspecified</pose>
    <truncated>0</truncated>
    <difficult>0</difficult>
    <bndbox>
      <xmin>195.07</xmin>
      <ymin>237.21</ymin>
      <xmax>284.79</xmax>
      <ymax>280.71</ymax>
    </bndbox>
  </object>
  <object>
    <name>person14</name>
    <pose>Unspecified</pose>
    <truncated>0</truncated>
    <difficult>0</difficult>
    <bndbox>
      <xmin>195.75</xmin>
      <ymin>116.23</ymin>
      <xmax>287.51</xmax>
      <ymax>282.75</ymax>
    </bndbox>
  </object>
</annotation>