<?xml version="1.0" encoding="UTF-8" ?>
<annotation>
  <folder>2022011015</folder>
  <filename>132859272205930104.jpg</filename>
  <path>http://172.18.39.209:9000/aliimages/2022011015/132859272205930104.jpg</path>
  <source>
    <database>Unknown</database>
  </source>
  <size>
    <width>960</width>
    <height>539</height>
    <depth>0</depth>
  </size>
  <segmented>0</segmented>
  <object>
    <name>person14</name>
    <pose>Unspecified</pose>
    <truncated>0</truncated>
    <difficult>0</difficult>
    <bndbox>
      <xmin>120.99</xmin>
      <ymin>123.02</ymin>
      <xmax>212.06</xmax>
      <ymax>280.03</ymax>
    </bndbox>
  </object>
  <object>
    <name>shoe14</name>
    <pose>Unspecified</pose>
    <truncated>0</truncated>
    <difficult>0</difficult>
    <bndbox>
      <xmin>127.78</xmin>
      <ymin>256.24</ymin>
      <xmax>156.33</xmax>
      <ymax>275.28</ymax>
    </bndbox>
  </object>
  <object>
    <name>shoe14</name>
    <pose>Unspecified</pose>
    <truncated>0</truncated>
    <difficult>0</difficult>
    <bndbox>
      <xmin>182.84</xmin>
      <ymin>252.17</ymin>
      <xmax>211.38</xmax>
      <ymax>279.35</ymax>
    </bndbox>
  </object>
  <object>
    <name>person_leg14</name>
    <pose>Unspecified</pose>
    <truncated>0</truncated>
    <difficult>0</difficult>
    <bndbox>
      <xmin>126.42</xmin>
      <ymin>233.14</ymin>
      <xmax>210.03</xmax>
      <ymax>280.03</ymax>
    </bndbox>
  </object>
</annotation>