<?xml version="1.0" encoding="UTF-8" ?>
<annotation>
  <folder>2022011016</folder>
  <filename>132859277457245066.jpg</filename>
  <path>http://172.18.39.209:9000/aliimages/2022011016/132859277457245066.jpg</path>
  <source>
    <database>Unknown</database>
  </source>
  <size>
    <width>960</width>
    <height>539</height>
    <depth>0</depth>
  </size>
  <segmented>0</segmented>
  <object>
    <name>person_leg14</name>
    <pose>Unspecified</pose>
    <truncated>0</truncated>
    <difficult>0</difficult>
    <bndbox>
      <xmin>459.47</xmin>
      <ymin>242.65</ymin>
      <xmax>491.42</xmax>
      <ymax>277.32</ymax>
    </bndbox>
  </object>
  <object>
    <name>person14</name>
    <pose>Unspecified</pose>
    <truncated>0</truncated>
    <difficult>0</difficult>
    <bndbox>
      <xmin>456.07</xmin>
      <ymin>178.76</ymin>
      <xmax>493.46</xmax>
      <ymax>280.03</ymax>
    </bndbox>
  </object>
</annotation>