<?xml version="1.0" encoding="UTF-8" ?>
<annotation>
  <folder>2022011015</folder>
  <filename>132859272166620171.jpg</filename>
  <path>http://172.18.39.209:9000/aliimages/2022011015/132859272166620171.jpg</path>
  <source>
    <database>Unknown</database>
  </source>
  <size>
    <width>960</width>
    <height>539</height>
    <depth>0</depth>
  </size>
  <segmented>0</segmented>
  <object>
    <name>shoe16</name>
    <pose>Unspecified</pose>
    <truncated>0</truncated>
    <difficult>0</difficult>
    <bndbox>
      <xmin>280.03</xmin>
      <ymin>255.56</ymin>
      <xmax>326.25</xmax>
      <ymax>279.35</ymax>
    </bndbox>
  </object>
  <object>
    <name>shoe14</name>
    <pose>Unspecified</pose>
    <truncated>0</truncated>
    <difficult>0</difficult>
    <bndbox>
      <xmin>612.40</xmin>
      <ymin>257.60</ymin>
      <xmax>638.23</xmax>
      <ymax>278.67</ymax>
    </bndbox>
  </object>
  <object>
    <name>shoe14</name>
    <pose>Unspecified</pose>
    <truncated>0</truncated>
    <difficult>0</difficult>
    <bndbox>
      <xmin>642.99</xmin>
      <ymin>257.60</ymin>
      <xmax>671.54</xmax>
      <ymax>279.35</ymax>
    </bndbox>
  </object>
  <object>
    <name>shoe13</name>
    <pose>Unspecified</pose>
    <truncated>0</truncated>
    <difficult>0</difficult>
    <bndbox>
      <xmin>566.19</xmin>
      <ymin>248.09</ymin>
      <xmax>612.40</xmax>
      <ymax>284.11</ymax>
    </bndbox>
  </object>
  <object>
    <name>person_leg13</name>
    <pose>Unspecified</pose>
    <truncated>0</truncated>
    <difficult>0</difficult>
    <bndbox>
      <xmin>551.91</xmin>
      <ymin>206.63</ymin>
      <xmax>612.40</xmax>
      <ymax>284.11</ymax>
    </bndbox>
  </object>
  <object>
    <name>person_leg14</name>
    <pose>Unspecified</pose>
    <truncated>0</truncated>
    <difficult>0</difficult>
    <bndbox>
      <xmin>613.76</xmin>
      <ymin>227.70</ymin>
      <xmax>674.26</xmax>
      <ymax>279.35</ymax>
    </bndbox>
  </object>
  <object>
    <name>person_leg16</name>
    <pose>Unspecified</pose>
    <truncated>0</truncated>
    <difficult>0</difficult>
    <bndbox>
      <xmin>274.60</xmin>
      <ymin>204.59</ymin>
      <xmax>328.97</xmax>
      <ymax>278.67</ymax>
    </bndbox>
  </object>
  <object>
    <name>person14</name>
    <pose>Unspecified</pose>
    <truncated>0</truncated>
    <difficult>0</difficult>
    <bndbox>
      <xmin>609.69</xmin>
      <ymin>129.14</ymin>
      <xmax>676.98</xmax>
      <ymax>280.03</ymax>
    </bndbox>
  </object>
  <object>
    <name>person16</name>
    <pose>Unspecified</pose>
    <truncated>0</truncated>
    <difficult>0</difficult>
    <bndbox>
      <xmin>265.08</xmin>
      <ymin>60.49</ymin>
      <xmax>343.25</xmax>
      <ymax>277.99</ymax>
    </bndbox>
  </object>
  <object>
    <name>person13</name>
    <pose>Unspecified</pose>
    <truncated>0</truncated>
    <difficult>0</difficult>
    <bndbox>
      <xmin>549.87</xmin>
      <ymin>59.81</ymin>
      <xmax>611.72</xmax>
      <ymax>282.75</ymax>
    </bndbox>
  </object>
</annotation>