<?xml version="1.0" encoding="UTF-8" ?>
<annotation>
  <folder>2022011015</folder>
  <filename>132859272180872100.jpg</filename>
  <path>http://172.18.39.209:9000/aliimages/2022011015/132859272180872100.jpg</path>
  <source>
    <database>Unknown</database>
  </source>
  <size>
    <width>960</width>
    <height>539</height>
    <depth>0</depth>
  </size>
  <segmented>0</segmented>
  <object>
    <name>person14</name>
    <pose>Unspecified</pose>
    <truncated>0</truncated>
    <difficult>0</difficult>
    <bndbox>
      <xmin>454.04</xmin>
      <ymin>103.99</ymin>
      <xmax>512.49</xmax>
      <ymax>278.67</ymax>
    </bndbox>
  </object>
  <object>
    <name>person13</name>
    <pose>Unspecified</pose>
    <truncated>0</truncated>
    <difficult>0</difficult>
    <bndbox>
      <xmin>277.99</xmin>
      <ymin>65.25</ymin>
      <xmax>405.78</xmax>
      <ymax>282.07</ymax>
    </bndbox>
  </object>
  <object>
    <name>person_leg13</name>
    <pose>Unspecified</pose>
    <truncated>0</truncated>
    <difficult>0</difficult>
    <bndbox>
      <xmin>287.51</xmin>
      <ymin>207.99</ymin>
      <xmax>403.74</xmax>
      <ymax>282.75</ymax>
    </bndbox>
  </object>
  <object>
    <name>person_leg14</name>
    <pose>Unspecified</pose>
    <truncated>0</truncated>
    <difficult>0</difficult>
    <bndbox>
      <xmin>458.79</xmin>
      <ymin>224.30</ymin>
      <xmax>511.13</xmax>
      <ymax>277.32</ymax>
    </bndbox>
  </object>
  <object>
    <name>shoe14</name>
    <pose>Unspecified</pose>
    <truncated>0</truncated>
    <difficult>0</difficult>
    <bndbox>
      <xmin>490.06</xmin>
      <ymin>250.13</ymin>
      <xmax>508.41</xmax>
      <ymax>272.56</ymax>
    </bndbox>
  </object>
  <object>
    <name>shoe14</name>
    <pose>Unspecified</pose>
    <truncated>0</truncated>
    <difficult>0</difficult>
    <bndbox>
      <xmin>463.55</xmin>
      <ymin>262.36</ymin>
      <xmax>495.50</xmax>
      <ymax>277.99</ymax>
    </bndbox>
  </object>
  <object>
    <name>shoe13</name>
    <pose>Unspecified</pose>
    <truncated>0</truncated>
    <difficult>0</difficult>
    <bndbox>
      <xmin>362.28</xmin>
      <ymin>249.45</ymin>
      <xmax>403.74</xmax>
      <ymax>280.71</ymax>
    </bndbox>
  </object>
  <object>
    <name>shoe13</name>
    <pose>Unspecified</pose>
    <truncated>0</truncated>
    <difficult>0</difficult>
    <bndbox>
      <xmin>289.55</xmin>
      <ymin>256.24</ymin>
      <xmax>320.82</xmax>
      <ymax>281.39</ymax>
    </bndbox>
  </object>
</annotation>