<?xml version="1.0" encoding="UTF-8" ?>
<annotation>
  <folder>2022011014</folder>
  <filename>132859349670914314.jpg</filename>
  <path>http://172.18.39.209:9000/aliimages/2022011014/132859349670914314.jpg</path>
  <source>
    <database>Unknown</database>
  </source>
  <size>
    <width>960</width>
    <height>539</height>
    <depth>0</depth>
  </size>
  <segmented>0</segmented>
  <object>
    <name>person14</name>
    <pose>Unspecified</pose>
    <truncated>0</truncated>
    <difficult>0</difficult>
    <bndbox>
      <xmin>507.05</xmin>
      <ymin>118.95</ymin>
      <xmax>582.50</xmax>
      <ymax>275.96</ymax>
    </bndbox>
  </object>
  <object>
    <name>person_leg14</name>
    <pose>Unspecified</pose>
    <truncated>0</truncated>
    <difficult>0</difficult>
    <bndbox>
      <xmin>513.85</xmin>
      <ymin>227.02</ymin>
      <xmax>580.46</xmax>
      <ymax>275.96</ymax>
    </bndbox>
  </object>
  <object>
    <name>shoe14</name>
    <pose>Unspecified</pose>
    <truncated>0</truncated>
    <difficult>0</difficult>
    <bndbox>
      <xmin>555.99</xmin>
      <ymin>255.56</ymin>
      <xmax>578.42</xmax>
      <ymax>273.92</ymax>
    </bndbox>
  </object>
</annotation>