<?xml version="1.0" encoding="UTF-8" ?>
<annotation>
  <folder>2022011016</folder>
  <filename>132859275927579470.jpg</filename>
  <path>http://172.18.39.209:9000/aliimages/2022011016/132859275927579470.jpg</path>
  <source>
    <database>Unknown</database>
  </source>
  <size>
    <width>960</width>
    <height>539</height>
    <depth>0</depth>
  </size>
  <segmented>0</segmented>
  <object>
    <name>person14</name>
    <pose>Unspecified</pose>
    <truncated>0</truncated>
    <difficult>0</difficult>
    <bndbox>
      <xmin>550.55</xmin>
      <ymin>45.54</ymin>
      <xmax>659.30</xmax>
      <ymax>281.39</ymax>
    </bndbox>
  </object>
  <object>
    <name>person_leg14</name>
    <pose>Unspecified</pose>
    <truncated>0</truncated>
    <difficult>0</difficult>
    <bndbox>
      <xmin>561.43</xmin>
      <ymin>195.07</ymin>
      <xmax>651.83</xmax>
      <ymax>282.07</ymax>
    </bndbox>
  </object>
  <object>
    <name>shoe14</name>
    <pose>Unspecified</pose>
    <truncated>0</truncated>
    <difficult>0</difficult>
    <bndbox>
      <xmin>611.72</xmin>
      <ymin>241.29</ymin>
      <xmax>651.15</xmax>
      <ymax>281.39</ymax>
    </bndbox>
  </object>
  <object>
    <name>shoe14</name>
    <pose>Unspecified</pose>
    <truncated>0</truncated>
    <difficult>0</difficult>
    <bndbox>
      <xmin>558.71</xmin>
      <ymin>254.89</ymin>
      <xmax>595.41</xmax>
      <ymax>281.39</ymax>
    </bndbox>
  </object>
</annotation>