<?xml version="1.0" encoding="UTF-8" ?>
<annotation>
  <folder>2022011016</folder>
  <filename>132859277432242116.jpg</filename>
  <path>http://172.18.39.209:9000/aliimages/2022011016/132859277432242116.jpg</path>
  <source>
    <database>Unknown</database>
  </source>
  <size>
    <width>960</width>
    <height>539</height>
    <depth>0</depth>
  </size>
  <segmented>0</segmented>
  <object>
    <name>person_leg14</name>
    <pose>Unspecified</pose>
    <truncated>0</truncated>
    <difficult>0</difficult>
    <bndbox>
      <xmin>237.89</xmin>
      <ymin>129.82</ymin>
      <xmax>378.59</xmax>
      <ymax>282.75</ymax>
    </bndbox>
  </object>
  <object>
    <name>shoe14</name>
    <pose>Unspecified</pose>
    <truncated>0</truncated>
    <difficult>0</difficult>
    <bndbox>
      <xmin>346.64</xmin>
      <ymin>254.89</ymin>
      <xmax>375.19</xmax>
      <ymax>284.11</ymax>
    </bndbox>
  </object>
  <object>
    <name>shoe14</name>
    <pose>Unspecified</pose>
    <truncated>0</truncated>
    <difficult>0</difficult>
    <bndbox>
      <xmin>240.61</xmin>
      <ymin>242.65</ymin>
      <xmax>324.21</xmax>
      <ymax>281.39</ymax>
    </bndbox>
  </object>
  <object>
    <name>person_leg19</name>
    <pose>Unspecified</pose>
    <truncated>0</truncated>
    <difficult>0</difficult>
    <bndbox>
      <xmin>61.17</xmin>
      <ymin>53.70</ymin>
      <xmax>449.96</xmax>
      <ymax>329.65</ymax>
    </bndbox>
  </object>
  <object>
    <name>person19</name>
    <pose>Unspecified</pose>
    <truncated>0</truncated>
    <difficult>0</difficult>
    <bndbox>
      <xmin>63.21</xmin>
      <ymin>-1.36</ymin>
      <xmax>493.46</xmax>
      <ymax>331.01</ymax>
    </bndbox>
  </object>
  <object>
    <name>shoe19</name>
    <pose>Unspecified</pose>
    <truncated>0</truncated>
    <difficult>0</difficult>
    <bndbox>
      <xmin>394.22</xmin>
      <ymin>254.89</ymin>
      <xmax>433.64</xmax>
      <ymax>290.91</ymax>
    </bndbox>
  </object>
  <object>
    <name>shoe19</name>
    <pose>Unspecified</pose>
    <truncated>0</truncated>
    <difficult>0</difficult>
    <bndbox>
      <xmin>70.01</xmin>
      <ymin>115.55</ymin>
      <xmax>284.79</xmax>
      <ymax>328.97</ymax>
    </bndbox>
  </object>
</annotation>