<?xml version="1.0" encoding="UTF-8" ?>
<annotation>
  <folder>2022011015</folder>
  <filename>132859272163027126.jpg</filename>
  <path>http://172.18.39.209:9000/aliimages/2022011015/132859272163027126.jpg</path>
  <source>
    <database>Unknown</database>
  </source>
  <size>
    <width>960</width>
    <height>539</height>
    <depth>0</depth>
  </size>
  <segmented>0</segmented>
  <object>
    <name>person16</name>
    <pose>Unspecified</pose>
    <truncated>0</truncated>
    <difficult>0</difficult>
    <bndbox>
      <xmin>300.42</xmin>
      <ymin>63.21</ymin>
      <xmax>441.12</xmax>
      <ymax>282.07</ymax>
    </bndbox>
  </object>
  <object>
    <name>person13</name>
    <pose>Unspecified</pose>
    <truncated>0</truncated>
    <difficult>0</difficult>
    <bndbox>
      <xmin>577.74</xmin>
      <ymin>74.09</ymin>
      <xmax>689.21</xmax>
      <ymax>283.43</ymax>
    </bndbox>
  </object>
  <object>
    <name>person14</name>
    <pose>Unspecified</pose>
    <truncated>0</truncated>
    <difficult>0</difficult>
    <bndbox>
      <xmin>649.79</xmin>
      <ymin>137.30</ymin>
      <xmax>700.76</xmax>
      <ymax>279.35</ymax>
    </bndbox>
  </object>
  <object>
    <name>person_leg16</name>
    <pose>Unspecified</pose>
    <truncated>0</truncated>
    <difficult>0</difficult>
    <bndbox>
      <xmin>299.75</xmin>
      <ymin>197.11</ymin>
      <xmax>440.44</xmax>
      <ymax>282.75</ymax>
    </bndbox>
  </object>
  <object>
    <name>person_leg13</name>
    <pose>Unspecified</pose>
    <truncated>0</truncated>
    <difficult>0</difficult>
    <bndbox>
      <xmin>577.06</xmin>
      <ymin>218.18</ymin>
      <xmax>659.98</xmax>
      <ymax>282.07</ymax>
    </bndbox>
  </object>
  <object>
    <name>person_leg14</name>
    <pose>Unspecified</pose>
    <truncated>0</truncated>
    <difficult>0</difficult>
    <bndbox>
      <xmin>661.34</xmin>
      <ymin>222.26</ymin>
      <xmax>700.08</xmax>
      <ymax>277.99</ymax>
    </bndbox>
  </object>
  <object>
    <name>shoe16</name>
    <pose>Unspecified</pose>
    <truncated>0</truncated>
    <difficult>0</difficult>
    <bndbox>
      <xmin>307.22</xmin>
      <ymin>252.85</ymin>
      <xmax>349.36</xmax>
      <ymax>280.71</ymax>
    </bndbox>
  </object>
  <object>
    <name>shoe16</name>
    <pose>Unspecified</pose>
    <truncated>0</truncated>
    <difficult>0</difficult>
    <bndbox>
      <xmin>401.02</xmin>
      <ymin>253.53</ymin>
      <xmax>439.08</xmax>
      <ymax>280.71</ymax>
    </bndbox>
  </object>
  <object>
    <name>shoe13</name>
    <pose>Unspecified</pose>
    <truncated>0</truncated>
    <difficult>0</difficult>
    <bndbox>
      <xmin>586.58</xmin>
      <ymin>254.89</ymin>
      <xmax>623.96</xmax>
      <ymax>283.43</ymax>
    </bndbox>
  </object>
  <object>
    <name>shoe13</name>
    <pose>Unspecified</pose>
    <truncated>0</truncated>
    <difficult>0</difficult>
    <bndbox>
      <xmin>628.72</xmin>
      <ymin>253.53</ymin>
      <xmax>674.26</xmax>
      <ymax>279.35</ymax>
    </bndbox>
  </object>
  <object>
    <name>shoe14</name>
    <pose>Unspecified</pose>
    <truncated>0</truncated>
    <difficult>0</difficult>
    <bndbox>
      <xmin>681.73</xmin>
      <ymin>252.17</ymin>
      <xmax>700.08</xmax>
      <ymax>272.56</ymax>
    </bndbox>
  </object>
</annotation>