<?xml version="1.0" encoding="UTF-8" ?>
<annotation>
  <folder>2022011016</folder>
  <filename>132859275938425055.jpg</filename>
  <path>http://172.18.39.209:9000/aliimages/2022011016/132859275938425055.jpg</path>
  <source>
    <database>Unknown</database>
  </source>
  <size>
    <width>960</width>
    <height>539</height>
    <depth>0</depth>
  </size>
  <segmented>0</segmented>
  <object>
    <name>person14</name>
    <pose>Unspecified</pose>
    <truncated>0</truncated>
    <difficult>0</difficult>
    <bndbox>
      <xmin>259.64</xmin>
      <ymin>0.68</ymin>
      <xmax>554.63</xmax>
      <ymax>297.71</ymax>
    </bndbox>
  </object>
  <object>
    <name>shoe14</name>
    <pose>Unspecified</pose>
    <truncated>0</truncated>
    <difficult>0</difficult>
    <bndbox>
      <xmin>456.75</xmin>
      <ymin>237.89</ymin>
      <xmax>501.61</xmax>
      <ymax>279.35</ymax>
    </bndbox>
  </object>
  <object>
    <name>shoe14</name>
    <pose>Unspecified</pose>
    <truncated>0</truncated>
    <difficult>0</difficult>
    <bndbox>
      <xmin>260.32</xmin>
      <ymin>236.53</ymin>
      <xmax>393.54</xmax>
      <ymax>295.67</ymax>
    </bndbox>
  </object>
  <object>
    <name>person_leg14</name>
    <pose>Unspecified</pose>
    <truncated>0</truncated>
    <difficult>0</difficult>
    <bndbox>
      <xmin>259.64</xmin>
      <ymin>161.09</ymin>
      <xmax>504.33</xmax>
      <ymax>296.35</ymax>
    </bndbox>
  </object>
</annotation>