<?xml version="1.0" encoding="UTF-8" ?>
<annotation>
  <folder>2022011016</folder>
  <filename>132859275920376641.jpg</filename>
  <path>http://172.18.39.209:9000/aliimages/2022011016/132859275920376641.jpg</path>
  <source>
    <database>Unknown</database>
  </source>
  <size>
    <width>960</width>
    <height>539</height>
    <depth>0</depth>
  </size>
  <segmented>0</segmented>
  <object>
    <name>person14</name>
    <pose>Unspecified</pose>
    <truncated>0</truncated>
    <difficult>0</difficult>
    <bndbox>
      <xmin>625.32</xmin>
      <ymin>76.13</ymin>
      <xmax>736.79</xmax>
      <ymax>282.07</ymax>
    </bndbox>
  </object>
  <object>
    <name>person_leg14</name>
    <pose>Unspecified</pose>
    <truncated>0</truncated>
    <difficult>0</difficult>
    <bndbox>
      <xmin>627.36</xmin>
      <ymin>202.55</ymin>
      <xmax>738.83</xmax>
      <ymax>282.75</ymax>
    </bndbox>
  </object>
  <object>
    <name>shoe14</name>
    <pose>Unspecified</pose>
    <truncated>0</truncated>
    <difficult>0</difficult>
    <bndbox>
      <xmin>628.04</xmin>
      <ymin>254.89</ymin>
      <xmax>665.42</xmax>
      <ymax>275.28</ymax>
    </bndbox>
  </object>
  <object>
    <name>shoe14</name>
    <pose>Unspecified</pose>
    <truncated>0</truncated>
    <difficult>0</difficult>
    <bndbox>
      <xmin>704.16</xmin>
      <ymin>256.24</ymin>
      <xmax>738.15</xmax>
      <ymax>281.39</ymax>
    </bndbox>
  </object>
</annotation>