<?xml version="1.0" encoding="UTF-8" ?>
<annotation>
  <folder>2022011015</folder>
  <filename>132859272202343642.jpg</filename>
  <path>http://172.18.39.209:9000/aliimages/2022011015/132859272202343642.jpg</path>
  <source>
    <database>Unknown</database>
  </source>
  <size>
    <width>960</width>
    <height>539</height>
    <depth>0</depth>
  </size>
  <segmented>0</segmented>
  <object>
    <name>person_leg14</name>
    <pose>Unspecified</pose>
    <truncated>0</truncated>
    <difficult>0</difficult>
    <bndbox>
      <xmin>184.20</xmin>
      <ymin>227.02</ymin>
      <xmax>237.21</xmax>
      <ymax>277.99</ymax>
    </bndbox>
  </object>
  <object>
    <name>person14</name>
    <pose>Unspecified</pose>
    <truncated>0</truncated>
    <difficult>0</difficult>
    <bndbox>
      <xmin>177.40</xmin>
      <ymin>115.55</ymin>
      <xmax>237.21</xmax>
      <ymax>277.32</ymax>
    </bndbox>
  </object>
  <object>
    <name>shoe14</name>
    <pose>Unspecified</pose>
    <truncated>0</truncated>
    <difficult>0</difficult>
    <bndbox>
      <xmin>188.95</xmin>
      <ymin>262.36</ymin>
      <xmax>214.78</xmax>
      <ymax>275.28</ymax>
    </bndbox>
  </object>
  <object>
    <name>shoe14</name>
    <pose>Unspecified</pose>
    <truncated>0</truncated>
    <difficult>0</difficult>
    <bndbox>
      <xmin>216.82</xmin>
      <ymin>248.77</ymin>
      <xmax>236.53</xmax>
      <ymax>273.24</ymax>
    </bndbox>
  </object>
</annotation>