<?xml version="1.0" encoding="UTF-8" ?>
<annotation>
  <folder>2022011015</folder>
  <filename>132859272173737229.jpg</filename>
  <path>http://172.18.39.209:9000/aliimages/2022011015/132859272173737229.jpg</path>
  <source>
    <database>Unknown</database>
  </source>
  <size>
    <width>960</width>
    <height>539</height>
    <depth>0</depth>
  </size>
  <segmented>0</segmented>
  <object>
    <name>person16</name>
    <pose>Unspecified</pose>
    <truncated>0</truncated>
    <difficult>0</difficult>
    <bndbox>
      <xmin>128.46</xmin>
      <ymin>86.32</ymin>
      <xmax>229.74</xmax>
      <ymax>280.71</ymax>
    </bndbox>
  </object>
  <object>
    <name>person_leg13</name>
    <pose>Unspecified</pose>
    <truncated>0</truncated>
    <difficult>0</difficult>
    <bndbox>
      <xmin>396.26</xmin>
      <ymin>216.82</ymin>
      <xmax>506.37</xmax>
      <ymax>280.71</ymax>
    </bndbox>
  </object>
  <object>
    <name>person_leg14</name>
    <pose>Unspecified</pose>
    <truncated>0</truncated>
    <difficult>0</difficult>
    <bndbox>
      <xmin>535.60</xmin>
      <ymin>225.66</ymin>
      <xmax>619.20</xmax>
      <ymax>280.71</ymax>
    </bndbox>
  </object>
  <object>
    <name>person_leg16</name>
    <pose>Unspecified</pose>
    <truncated>0</truncated>
    <difficult>0</difficult>
    <bndbox>
      <xmin>128.46</xmin>
      <ymin>218.86</ymin>
      <xmax>229.74</xmax>
      <ymax>278.67</ymax>
    </bndbox>
  </object>
  <object>
    <name>shoe14</name>
    <pose>Unspecified</pose>
    <truncated>0</truncated>
    <difficult>0</difficult>
    <bndbox>
      <xmin>539.00</xmin>
      <ymin>261.68</ymin>
      <xmax>568.22</xmax>
      <ymax>277.99</ymax>
    </bndbox>
  </object>
  <object>
    <name>shoe14</name>
    <pose>Unspecified</pose>
    <truncated>0</truncated>
    <difficult>0</difficult>
    <bndbox>
      <xmin>602.21</xmin>
      <ymin>247.41</ymin>
      <xmax>619.20</xmax>
      <ymax>279.35</ymax>
    </bndbox>
  </object>
  <object>
    <name>shoe13</name>
    <pose>Unspecified</pose>
    <truncated>0</truncated>
    <difficult>0</difficult>
    <bndbox>
      <xmin>398.30</xmin>
      <ymin>255.56</ymin>
      <xmax>437.04</xmax>
      <ymax>278.67</ymax>
    </bndbox>
  </object>
  <object>
    <name>shoe13</name>
    <pose>Unspecified</pose>
    <truncated>0</truncated>
    <difficult>0</difficult>
    <bndbox>
      <xmin>465.59</xmin>
      <ymin>259.64</ymin>
      <xmax>507.05</xmax>
      <ymax>280.71</ymax>
    </bndbox>
  </object>
  <object>
    <name>shoe16</name>
    <pose>Unspecified</pose>
    <truncated>0</truncated>
    <difficult>0</difficult>
    <bndbox>
      <xmin>203.23</xmin>
      <ymin>246.73</ymin>
      <xmax>230.42</xmax>
      <ymax>277.32</ymax>
    </bndbox>
  </object>
  <object>
    <name>person14</name>
    <pose>Unspecified</pose>
    <truncated>0</truncated>
    <difficult>0</difficult>
    <bndbox>
      <xmin>533.56</xmin>
      <ymin>116.23</ymin>
      <xmax>620.56</xmax>
      <ymax>281.39</ymax>
    </bndbox>
  </object>
  <object>
    <name>person13</name>
    <pose>Unspecified</pose>
    <truncated>0</truncated>
    <difficult>0</difficult>
    <bndbox>
      <xmin>394.22</xmin>
      <ymin>60.49</ymin>
      <xmax>503.65</xmax>
      <ymax>280.71</ymax>
    </bndbox>
  </object>
</annotation>