<?xml version="1.0" encoding="UTF-8" ?>
<annotation>
  <folder>2022011016</folder>
  <filename>132859277442947929.jpg</filename>
  <path>http://172.18.39.209:9000/aliimages/2022011016/132859277442947929.jpg</path>
  <source>
    <database>Unknown</database>
  </source>
  <size>
    <width>960</width>
    <height>539</height>
    <depth>0</depth>
  </size>
  <segmented>0</segmented>
  <object>
    <name>person_leg14</name>
    <pose>Unspecified</pose>
    <truncated>0</truncated>
    <difficult>0</difficult>
    <bndbox>
      <xmin>413.93</xmin>
      <ymin>222.26</ymin>
      <xmax>447.24</xmax>
      <ymax>276.64</ymax>
    </bndbox>
  </object>
  <object>
    <name>person_leg19</name>
    <pose>Unspecified</pose>
    <truncated>0</truncated>
    <difficult>0</difficult>
    <bndbox>
      <xmin>468.99</xmin>
      <ymin>224.30</ymin>
      <xmax>511.81</xmax>
      <ymax>279.35</ymax>
    </bndbox>
  </object>
  <object>
    <name>person19</name>
    <pose>Unspecified</pose>
    <truncated>0</truncated>
    <difficult>0</difficult>
    <bndbox>
      <xmin>454.72</xmin>
      <ymin>101.95</ymin>
      <xmax>528.12</xmax>
      <ymax>280.71</ymax>
    </bndbox>
  </object>
  <object>
    <name>person14</name>
    <pose>Unspecified</pose>
    <truncated>0</truncated>
    <difficult>0</difficult>
    <bndbox>
      <xmin>393.54</xmin>
      <ymin>127.10</ymin>
      <xmax>453.36</xmax>
      <ymax>277.32</ymax>
    </bndbox>
  </object>
  <object>
    <name>shoe14</name>
    <pose>Unspecified</pose>
    <truncated>0</truncated>
    <difficult>0</difficult>
    <bndbox>
      <xmin>414.61</xmin>
      <ymin>262.36</ymin>
      <xmax>434.32</xmax>
      <ymax>274.60</ymax>
    </bndbox>
  </object>
</annotation>