<?xml version="1.0" encoding="UTF-8" ?>
<annotation>
  <folder>2022011015</folder>
  <filename>132859272187995499.jpg</filename>
  <path>http://172.18.39.209:9000/aliimages/2022011015/132859272187995499.jpg</path>
  <source>
    <database>Unknown</database>
  </source>
  <size>
    <width>960</width>
    <height>539</height>
    <depth>0</depth>
  </size>
  <segmented>0</segmented>
  <object>
    <name>person13</name>
    <pose>Unspecified</pose>
    <truncated>0</truncated>
    <difficult>0</difficult>
    <bndbox>
      <xmin>184.88</xmin>
      <ymin>72.05</ymin>
      <xmax>279.35</xmax>
      <ymax>280.03</ymax>
    </bndbox>
  </object>
  <object>
    <name>person14</name>
    <pose>Unspecified</pose>
    <truncated>0</truncated>
    <difficult>0</difficult>
    <bndbox>
      <xmin>328.29</xmin>
      <ymin>110.79</ymin>
      <xmax>422.77</xmax>
      <ymax>280.03</ymax>
    </bndbox>
  </object>
  <object>
    <name>person_leg13</name>
    <pose>Unspecified</pose>
    <truncated>0</truncated>
    <difficult>0</difficult>
    <bndbox>
      <xmin>187.60</xmin>
      <ymin>218.18</ymin>
      <xmax>279.35</xmax>
      <ymax>280.71</ymax>
    </bndbox>
  </object>
  <object>
    <name>person_leg14</name>
    <pose>Unspecified</pose>
    <truncated>0</truncated>
    <difficult>0</difficult>
    <bndbox>
      <xmin>329.65</xmin>
      <ymin>224.98</ymin>
      <xmax>422.77</xmax>
      <ymax>280.71</ymax>
    </bndbox>
  </object>
  <object>
    <name>shoe13</name>
    <pose>Unspecified</pose>
    <truncated>0</truncated>
    <difficult>0</difficult>
    <bndbox>
      <xmin>186.92</xmin>
      <ymin>258.28</ymin>
      <xmax>223.62</xmax>
      <ymax>278.67</ymax>
    </bndbox>
  </object>
  <object>
    <name>shoe13</name>
    <pose>Unspecified</pose>
    <truncated>0</truncated>
    <difficult>0</difficult>
    <bndbox>
      <xmin>247.41</xmin>
      <ymin>237.89</ymin>
      <xmax>276.64</xmax>
      <ymax>273.92</ymax>
    </bndbox>
  </object>
  <object>
    <name>shoe14</name>
    <pose>Unspecified</pose>
    <truncated>0</truncated>
    <difficult>0</difficult>
    <bndbox>
      <xmin>331.01</xmin>
      <ymin>256.24</ymin>
      <xmax>358.88</xmax>
      <ymax>277.32</ymax>
    </bndbox>
  </object>
  <object>
    <name>shoe14</name>
    <pose>Unspecified</pose>
    <truncated>0</truncated>
    <difficult>0</difficult>
    <bndbox>
      <xmin>388.79</xmin>
      <ymin>260.32</ymin>
      <xmax>423.45</xmax>
      <ymax>280.03</ymax>
    </bndbox>
  </object>
</annotation>