<?xml version="1.0" encoding="UTF-8" ?>
<annotation>
  <folder>2022011015</folder>
  <filename>132859272191567197.jpg</filename>
  <path>http://172.18.39.209:9000/aliimages/2022011015/132859272191567197.jpg</path>
  <source>
    <database>Unknown</database>
  </source>
  <size>
    <width>960</width>
    <height>539</height>
    <depth>0</depth>
  </size>
  <segmented>0</segmented>
  <object>
    <name>person13</name>
    <pose>Unspecified</pose>
    <truncated>0</truncated>
    <difficult>0</difficult>
    <bndbox>
      <xmin>140.02</xmin>
      <ymin>85.64</ymin>
      <xmax>239.93</xmax>
      <ymax>280.71</ymax>
    </bndbox>
  </object>
  <object>
    <name>person14</name>
    <pose>Unspecified</pose>
    <truncated>0</truncated>
    <difficult>0</difficult>
    <bndbox>
      <xmin>311.98</xmin>
      <ymin>109.43</ymin>
      <xmax>375.87</xmax>
      <ymax>280.03</ymax>
    </bndbox>
  </object>
  <object>
    <name>person_leg13</name>
    <pose>Unspecified</pose>
    <truncated>0</truncated>
    <difficult>0</difficult>
    <bndbox>
      <xmin>152.93</xmin>
      <ymin>213.42</ymin>
      <xmax>225.66</xmax>
      <ymax>280.03</ymax>
    </bndbox>
  </object>
  <object>
    <name>person_leg14</name>
    <pose>Unspecified</pose>
    <truncated>0</truncated>
    <difficult>0</difficult>
    <bndbox>
      <xmin>317.42</xmin>
      <ymin>227.70</ymin>
      <xmax>377.23</xmax>
      <ymax>281.39</ymax>
    </bndbox>
  </object>
  <object>
    <name>shoe14</name>
    <pose>Unspecified</pose>
    <truncated>0</truncated>
    <difficult>0</difficult>
    <bndbox>
      <xmin>350.72</xmin>
      <ymin>246.73</ymin>
      <xmax>372.47</xmax>
      <ymax>274.60</ymax>
    </bndbox>
  </object>
  <object>
    <name>shoe14</name>
    <pose>Unspecified</pose>
    <truncated>0</truncated>
    <difficult>0</difficult>
    <bndbox>
      <xmin>318.10</xmin>
      <ymin>259.64</ymin>
      <xmax>348.00</xmax>
      <ymax>281.39</ymax>
    </bndbox>
  </object>
  <object>
    <name>shoe13</name>
    <pose>Unspecified</pose>
    <truncated>0</truncated>
    <difficult>0</difficult>
    <bndbox>
      <xmin>186.24</xmin>
      <ymin>252.17</ymin>
      <xmax>224.30</xmax>
      <ymax>278.67</ymax>
    </bndbox>
  </object>
  <object>
    <name>shoe13</name>
    <pose>Unspecified</pose>
    <truncated>0</truncated>
    <difficult>0</difficult>
    <bndbox>
      <xmin>152.25</xmin>
      <ymin>258.28</ymin>
      <xmax>180.12</xmax>
      <ymax>275.96</ymax>
    </bndbox>
  </object>
</annotation>