<?xml version="1.0" encoding="UTF-8" ?>
<annotation>
  <folder>2022011016</folder>
  <filename>132859275931207999.jpg</filename>
  <path>http://172.18.39.209:9000/aliimages/2022011016/132859275931207999.jpg</path>
  <source>
    <database>Unknown</database>
  </source>
  <size>
    <width>960</width>
    <height>539</height>
    <depth>0</depth>
  </size>
  <segmented>0</segmented>
  <object>
    <name>person14</name>
    <pose>Unspecified</pose>
    <truncated>0</truncated>
    <difficult>0</difficult>
    <bndbox>
      <xmin>483.94</xmin>
      <ymin>11.55</ymin>
      <xmax>610.37</xmax>
      <ymax>285.47</ymax>
    </bndbox>
  </object>
  <object>
    <name>person_leg14</name>
    <pose>Unspecified</pose>
    <truncated>0</truncated>
    <difficult>0</difficult>
    <bndbox>
      <xmin>481.22</xmin>
      <ymin>188.28</ymin>
      <xmax>598.13</xmax>
      <ymax>284.11</ymax>
    </bndbox>
  </object>
  <object>
    <name>shoe14</name>
    <pose>Unspecified</pose>
    <truncated>0</truncated>
    <difficult>0</difficult>
    <bndbox>
      <xmin>563.47</xmin>
      <ymin>255.56</ymin>
      <xmax>597.45</xmax>
      <ymax>283.43</ymax>
    </bndbox>
  </object>
  <object>
    <name>shoe14</name>
    <pose>Unspecified</pose>
    <truncated>0</truncated>
    <difficult>0</difficult>
    <bndbox>
      <xmin>479.86</xmin>
      <ymin>253.53</ymin>
      <xmax>534.24</xmax>
      <ymax>276.64</ymax>
    </bndbox>
  </object>
</annotation>