<?xml version="1.0" encoding="UTF-8" ?>
<annotation>
  <folder>2022011016</folder>
  <filename>132859277446528756.jpg</filename>
  <path>http://172.18.39.209:9000/aliimages/2022011016/132859277446528756.jpg</path>
  <source>
    <database>Unknown</database>
  </source>
  <size>
    <width>960</width>
    <height>539</height>
    <depth>0</depth>
  </size>
  <segmented>0</segmented>
  <object>
    <name>person19</name>
    <pose>Unspecified</pose>
    <truncated>0</truncated>
    <difficult>0</difficult>
    <bndbox>
      <xmin>475.11</xmin>
      <ymin>131.18</ymin>
      <xmax>530.84</xmax>
      <ymax>280.03</ymax>
    </bndbox>
  </object>
  <object>
    <name>person14</name>
    <pose>Unspecified</pose>
    <truncated>0</truncated>
    <difficult>0</difficult>
    <bndbox>
      <xmin>413.93</xmin>
      <ymin>149.53</ymin>
      <xmax>468.31</xmax>
      <ymax>276.64</ymax>
    </bndbox>
  </object>
  <object>
    <name>person_leg19</name>
    <pose>Unspecified</pose>
    <truncated>0</truncated>
    <difficult>0</difficult>
    <bndbox>
      <xmin>474.43</xmin>
      <ymin>233.81</ymin>
      <xmax>522.68</xmax>
      <ymax>280.71</ymax>
    </bndbox>
  </object>
  <object>
    <name>person_leg14</name>
    <pose>Unspecified</pose>
    <truncated>0</truncated>
    <difficult>0</difficult>
    <bndbox>
      <xmin>426.17</xmin>
      <ymin>228.38</ymin>
      <xmax>458.11</xmax>
      <ymax>275.28</ymax>
    </bndbox>
  </object>
</annotation>