<?xml version="1.0" encoding="UTF-8" ?>
<annotation>
  <folder>2022011016</folder>
  <filename>132859277428632058.jpg</filename>
  <path>http://172.18.39.209:9000/aliimages/2022011016/132859277428632058.jpg</path>
  <source>
    <database>Unknown</database>
  </source>
  <size>
    <width>960</width>
    <height>539</height>
    <depth>0</depth>
  </size>
  <segmented>0</segmented>
  <object>
    <name>person14</name>
    <pose>Unspecified</pose>
    <truncated>0</truncated>
    <difficult>0</difficult>
    <bndbox>
      <xmin>142.06</xmin>
      <ymin>-1.36</ymin>
      <xmax>350.72</xmax>
      <ymax>281.39</ymax>
    </bndbox>
  </object>
  <object>
    <name>person_leg14</name>
    <pose>Unspecified</pose>
    <truncated>0</truncated>
    <difficult>0</difficult>
    <bndbox>
      <xmin>146.81</xmin>
      <ymin>143.42</ymin>
      <xmax>327.61</xmax>
      <ymax>282.75</ymax>
    </bndbox>
  </object>
  <object>
    <name>shoe14</name>
    <pose>Unspecified</pose>
    <truncated>0</truncated>
    <difficult>0</difficult>
    <bndbox>
      <xmin>244.69</xmin>
      <ymin>245.37</ymin>
      <xmax>325.57</xmax>
      <ymax>280.03</ymax>
    </bndbox>
  </object>
</annotation>