<?xml version="1.0" encoding="UTF-8" ?>
<annotation>
  <folder>2022011016</folder>
  <filename>132859275934837952.jpg</filename>
  <path>http://172.18.39.209:9000/aliimages/2022011016/132859275934837952.jpg</path>
  <source>
    <database>Unknown</database>
  </source>
  <size>
    <width>960</width>
    <height>539</height>
    <depth>0</depth>
  </size>
  <segmented>0</segmented>
  <object>
    <name>shoe14</name>
    <pose>Unspecified</pose>
    <truncated>0</truncated>
    <difficult>0</difficult>
    <bndbox>
      <xmin>512.49</xmin>
      <ymin>236.53</ymin>
      <xmax>545.79</xmax>
      <ymax>280.03</ymax>
    </bndbox>
  </object>
  <object>
    <name>shoe14</name>
    <pose>Unspecified</pose>
    <truncated>0</truncated>
    <difficult>0</difficult>
    <bndbox>
      <xmin>455.40</xmin>
      <ymin>256.92</ymin>
      <xmax>514.53</xmax>
      <ymax>282.75</ymax>
    </bndbox>
  </object>
  <object>
    <name>person_leg14</name>
    <pose>Unspecified</pose>
    <truncated>0</truncated>
    <difficult>0</difficult>
    <bndbox>
      <xmin>453.36</xmin>
      <ymin>148.17</ymin>
      <xmax>545.79</xmax>
      <ymax>280.71</ymax>
    </bndbox>
  </object>
  <object>
    <name>person14</name>
    <pose>Unspecified</pose>
    <truncated>0</truncated>
    <difficult>0</difficult>
    <bndbox>
      <xmin>441.12</xmin>
      <ymin>-1.36</ymin>
      <xmax>564.83</xmax>
      <ymax>283.43</ymax>
    </bndbox>
  </object>
</annotation>