<?xml version="1.0" encoding="UTF-8" ?>
<annotation>
  <folder>2022011014</folder>
  <filename>132859349674543234.jpg</filename>
  <path>http://172.18.39.209:9000/aliimages/2022011014/132859349674543234.jpg</path>
  <source>
    <database>Unknown</database>
  </source>
  <size>
    <width>960</width>
    <height>539</height>
    <depth>0</depth>
  </size>
  <segmented>0</segmented>
  <object>
    <name>shoe14</name>
    <pose>Unspecified</pose>
    <truncated>0</truncated>
    <difficult>0</difficult>
    <bndbox>
      <xmin>549.87</xmin>
      <ymin>254.21</ymin>
      <xmax>570.94</xmax>
      <ymax>279.35</ymax>
    </bndbox>
  </object>
  <object>
    <name>person_leg14</name>
    <pose>Unspecified</pose>
    <truncated>0</truncated>
    <difficult>0</difficult>
    <bndbox>
      <xmin>548.51</xmin>
      <ymin>217.50</ymin>
      <xmax>589.29</xmax>
      <ymax>281.39</ymax>
    </bndbox>
  </object>
  <object>
    <name>person14</name>
    <pose>Unspecified</pose>
    <truncated>0</truncated>
    <difficult>0</difficult>
    <bndbox>
      <xmin>541.72</xmin>
      <ymin>89.04</ymin>
      <xmax>617.16</xmax>
      <ymax>282.75</ymax>
    </bndbox>
  </object>
  <object>
    <name>shoe17</name>
    <pose>Unspecified</pose>
    <truncated>0</truncated>
    <difficult>0</difficult>
    <bndbox>
      <xmin>507.05</xmin>
      <ymin>258.96</ymin>
      <xmax>528.80</xmax>
      <ymax>273.92</ymax>
    </bndbox>
  </object>
  <object>
    <name>person_leg17</name>
    <pose>Unspecified</pose>
    <truncated>0</truncated>
    <difficult>0</difficult>
    <bndbox>
      <xmin>485.30</xmin>
      <ymin>235.17</ymin>
      <xmax>528.80</xmax>
      <ymax>273.92</ymax>
    </bndbox>
  </object>
  <object>
    <name>person17</name>
    <pose>Unspecified</pose>
    <truncated>0</truncated>
    <difficult>0</difficult>
    <bndbox>
      <xmin>484.62</xmin>
      <ymin>143.42</ymin>
      <xmax>529.48</xmax>
      <ymax>272.56</ymax>
    </bndbox>
  </object>
</annotation>