<?xml version="1.0" encoding="UTF-8" ?>
<annotation>
  <folder>2022011015</folder>
  <filename>132859272170186383.jpg</filename>
  <path>http://172.18.39.209:9000/aliimages/2022011015/132859272170186383.jpg</path>
  <source>
    <database>Unknown</database>
  </source>
  <size>
    <width>960</width>
    <height>539</height>
    <depth>0</depth>
  </size>
  <segmented>0</segmented>
  <object>
    <name>person13</name>
    <pose>Unspecified</pose>
    <truncated>0</truncated>
    <difficult>0</difficult>
    <bndbox>
      <xmin>463.55</xmin>
      <ymin>65.93</ymin>
      <xmax>591.33</xmax>
      <ymax>283.43</ymax>
    </bndbox>
  </object>
  <object>
    <name>person14</name>
    <pose>Unspecified</pose>
    <truncated>0</truncated>
    <difficult>0</difficult>
    <bndbox>
      <xmin>577.74</xmin>
      <ymin>118.27</ymin>
      <xmax>638.91</xmax>
      <ymax>280.03</ymax>
    </bndbox>
  </object>
  <object>
    <name>person16</name>
    <pose>Unspecified</pose>
    <truncated>0</truncated>
    <difficult>0</difficult>
    <bndbox>
      <xmin>189.63</xmin>
      <ymin>77.49</ymin>
      <xmax>273.92</xmax>
      <ymax>280.03</ymax>
    </bndbox>
  </object>
  <object>
    <name>person_leg16</name>
    <pose>Unspecified</pose>
    <truncated>0</truncated>
    <difficult>0</difficult>
    <bndbox>
      <xmin>195.07</xmin>
      <ymin>210.03</ymin>
      <xmax>254.21</xmax>
      <ymax>280.03</ymax>
    </bndbox>
  </object>
  <object>
    <name>person_leg13</name>
    <pose>Unspecified</pose>
    <truncated>0</truncated>
    <difficult>0</difficult>
    <bndbox>
      <xmin>464.23</xmin>
      <ymin>210.71</ymin>
      <xmax>588.62</xmax>
      <ymax>283.43</ymax>
    </bndbox>
  </object>
  <object>
    <name>person_leg14</name>
    <pose>Unspecified</pose>
    <truncated>0</truncated>
    <difficult>0</difficult>
    <bndbox>
      <xmin>580.46</xmin>
      <ymin>224.30</ymin>
      <xmax>636.19</xmax>
      <ymax>278.67</ymax>
    </bndbox>
  </object>
  <object>
    <name>shoe14</name>
    <pose>Unspecified</pose>
    <truncated>0</truncated>
    <difficult>0</difficult>
    <bndbox>
      <xmin>582.50</xmin>
      <ymin>258.28</ymin>
      <xmax>604.93</xmax>
      <ymax>277.99</ymax>
    </bndbox>
  </object>
  <object>
    <name>shoe14</name>
    <pose>Unspecified</pose>
    <truncated>0</truncated>
    <difficult>0</difficult>
    <bndbox>
      <xmin>613.08</xmin>
      <ymin>263.04</ymin>
      <xmax>636.87</xmax>
      <ymax>279.35</ymax>
    </bndbox>
  </object>
  <object>
    <name>shoe13</name>
    <pose>Unspecified</pose>
    <truncated>0</truncated>
    <difficult>0</difficult>
    <bndbox>
      <xmin>563.47</xmin>
      <ymin>243.33</ymin>
      <xmax>587.26</xmax>
      <ymax>281.39</ymax>
    </bndbox>
  </object>
  <object>
    <name>shoe13</name>
    <pose>Unspecified</pose>
    <truncated>0</truncated>
    <difficult>0</difficult>
    <bndbox>
      <xmin>462.87</xmin>
      <ymin>255.56</ymin>
      <xmax>506.37</xmax>
      <ymax>283.43</ymax>
    </bndbox>
  </object>
  <object>
    <name>shoe16</name>
    <pose>Unspecified</pose>
    <truncated>0</truncated>
    <difficult>0</difficult>
    <bndbox>
      <xmin>203.91</xmin>
      <ymin>241.29</ymin>
      <xmax>248.09</xmax>
      <ymax>281.39</ymax>
    </bndbox>
  </object>
</annotation>