<?xml version="1.0" encoding="UTF-8" ?>
<annotation>
  <folder>2022011016</folder>
  <filename>132859277450102968.jpg</filename>
  <path>http://172.18.39.209:9000/aliimages/2022011016/132859277450102968.jpg</path>
  <source>
    <database>Unknown</database>
  </source>
  <size>
    <width>960</width>
    <height>539</height>
    <depth>0</depth>
  </size>
  <segmented>0</segmented>
  <object>
    <name>person_leg14</name>
    <pose>Unspecified</pose>
    <truncated>0</truncated>
    <difficult>0</difficult>
    <bndbox>
      <xmin>429.57</xmin>
      <ymin>239.93</ymin>
      <xmax>473.07</xmax>
      <ymax>278.67</ymax>
    </bndbox>
  </object>
  <object>
    <name>person_leg19</name>
    <pose>Unspecified</pose>
    <truncated>0</truncated>
    <difficult>0</difficult>
    <bndbox>
      <xmin>484.62</xmin>
      <ymin>239.25</ymin>
      <xmax>520.65</xmax>
      <ymax>278.67</ymax>
    </bndbox>
  </object>
  <object>
    <name>person19</name>
    <pose>Unspecified</pose>
    <truncated>0</truncated>
    <difficult>0</difficult>
    <bndbox>
      <xmin>481.22</xmin>
      <ymin>154.29</ymin>
      <xmax>529.48</xmax>
      <ymax>280.03</ymax>
    </bndbox>
  </object>
  <object>
    <name>person14</name>
    <pose>Unspecified</pose>
    <truncated>0</truncated>
    <difficult>0</difficult>
    <bndbox>
      <xmin>427.53</xmin>
      <ymin>159.05</ymin>
      <xmax>475.11</xmax>
      <ymax>280.71</ymax>
    </bndbox>
  </object>
</annotation>