<?xml version="1.0" encoding="UTF-8" ?>
<annotation>
  <folder>2022011016</folder>
  <filename>132859277439361061.jpg</filename>
  <path>http://172.18.39.209:9000/aliimages/2022011016/132859277439361061.jpg</path>
  <source>
    <database>Unknown</database>
  </source>
  <size>
    <width>960</width>
    <height>539</height>
    <depth>0</depth>
  </size>
  <segmented>0</segmented>
  <object>
    <name>person19</name>
    <pose>Unspecified</pose>
    <truncated>0</truncated>
    <difficult>0</difficult>
    <bndbox>
      <xmin>423.45</xmin>
      <ymin>50.98</ymin>
      <xmax>534.92</xmax>
      <ymax>284.11</ymax>
    </bndbox>
  </object>
  <object>
    <name>person14</name>
    <pose>Unspecified</pose>
    <truncated>0</truncated>
    <difficult>0</difficult>
    <bndbox>
      <xmin>354.80</xmin>
      <ymin>106.71</ymin>
      <xmax>439.08</xmax>
      <ymax>280.03</ymax>
    </bndbox>
  </object>
  <object>
    <name>person_leg14</name>
    <pose>Unspecified</pose>
    <truncated>0</truncated>
    <difficult>0</difficult>
    <bndbox>
      <xmin>354.12</xmin>
      <ymin>199.83</ymin>
      <xmax>427.53</xmax>
      <ymax>280.71</ymax>
    </bndbox>
  </object>
  <object>
    <name>person_leg19</name>
    <pose>Unspecified</pose>
    <truncated>0</truncated>
    <difficult>0</difficult>
    <bndbox>
      <xmin>439.76</xmin>
      <ymin>197.79</ymin>
      <xmax>504.33</xmax>
      <ymax>286.15</ymax>
    </bndbox>
  </object>
  <object>
    <name>shoe14</name>
    <pose>Unspecified</pose>
    <truncated>0</truncated>
    <difficult>0</difficult>
    <bndbox>
      <xmin>359.56</xmin>
      <ymin>241.97</ymin>
      <xmax>382.67</xmax>
      <ymax>279.35</ymax>
    </bndbox>
  </object>
  <object>
    <name>shoe19</name>
    <pose>Unspecified</pose>
    <truncated>0</truncated>
    <difficult>0</difficult>
    <bndbox>
      <xmin>464.23</xmin>
      <ymin>263.04</ymin>
      <xmax>497.54</xmax>
      <ymax>284.11</ymax>
    </bndbox>
  </object>
</annotation>