<?xml version="1.0" encoding="UTF-8" ?>
<annotation>
  <folder>2021062201</folder>
  <filename>19700101-082532right_calibration_UP20210623.jpg</filename>
  <path>http://172.18.39.209:9000/aliimages/2021062201/19700101-082532right_calibration_UP20210623.jpg</path>
  <source>
    <database>Unknown</database>
  </source>
  <size>
    <width>642</width>
    <height>362</height>
    <depth>0</depth>
  </size>
  <segmented>0</segmented>
  <object>
    <name>toilet</name>
    <pose>Unspecified</pose>
    <truncated>0</truncated>
    <difficult>0</difficult>
    <bndbox>
      <xmin>0.00</xmin>
      <ymin>55.91</ymin>
      <xmax>88.64</xmax>
      <ymax>235.00</ymax>
    </bndbox>
  </object>
  <object>
    <name>socks</name>
    <pose>Unspecified</pose>
    <truncated>0</truncated>
    <difficult>0</difficult>
    <bndbox>
      <xmin>211.82</xmin>
      <ymin>240.91</ymin>
      <xmax>385.00</xmax>
      <ymax>284.09</ymax>
    </bndbox>
  </object>
</annotation>