<?xml version="1.0" encoding="UTF-8" ?>
<annotation>
  <folder>19700101-085342right_calibration.jpg</folder>
  <filename>19700101-085342right_calibration.jpg</filename>
  <path>http://172.18.39.209:9000/aliimages1999999966/19700101-085342right_calibration.jpg</path>
  <source>
    <database>Unknown</database>
  </source>
  <size>
    <width>640</width>
    <height>360</height>
    <depth>0</depth>
  </size>
  <segmented>0</segmented>
  <object>
    <name>metal_chair_foot</name>
    <pose>Unspecified</pose>
    <truncated>0</truncated>
    <difficult>0</difficult>
    <bndbox>
      <xmin>0.91</xmin>
      <ymin>171.82</ymin>
      <xmax>370.00</xmax>
      <ymax>325.91</ymax>
    </bndbox>
  </object>
  <object>
    <name>metal_chair_foot</name>
    <pose>Unspecified</pose>
    <truncated>0</truncated>
    <difficult>0</difficult>
    <bndbox>
      <xmin>60.91</xmin>
      <ymin>151.82</ymin>
      <xmax>331.82</xmax>
      <ymax>203.64</ymax>
    </bndbox>
  </object>
  <object>
    <name>washing_machine</name>
    <pose>Unspecified</pose>
    <truncated>0</truncated>
    <difficult>0</difficult>
    <bndbox>
      <xmin>195.00</xmin>
      <ymin>0.91</ymin>
      <xmax>410.00</xmax>
      <ymax>186.82</ymax>
    </bndbox>
  </object>
  <object>
    <name>toilet</name>
    <pose>Unspecified</pose>
    <truncated>0</truncated>
    <difficult>0</difficult>
    <bndbox>
      <xmin>563.64</xmin>
      <ymin>0.91</ymin>
      <xmax>640.00</xmax>
      <ymax>187.73</ymax>
    </bndbox>
  </object>
</annotation>