<?xml version="1.0" encoding="UTF-8" ?>
<annotation>
  <folder>2021062201</folder>
  <filename>19700101-082727right_calibration_UP20210623.jpg</filename>
  <path>http://172.18.39.209:9000/aliimages/2021062201/19700101-082727right_calibration_UP20210623.jpg</path>
  <source>
    <database>Unknown</database>
  </source>
  <size>
    <width>642</width>
    <height>362</height>
    <depth>0</depth>
  </size>
  <segmented>0</segmented>
  <object>
    <name>toilet</name>
    <pose>Unspecified</pose>
    <truncated>0</truncated>
    <difficult>0</difficult>
    <bndbox>
      <xmin>111.82</xmin>
      <ymin>103.64</ymin>
      <xmax>191.82</xmax>
      <ymax>225.91</ymax>
    </bndbox>
  </object>
  <object>
    <name>socks</name>
    <pose>Unspecified</pose>
    <truncated>0</truncated>
    <difficult>0</difficult>
    <bndbox>
      <xmin>274.55</xmin>
      <ymin>225.45</ymin>
      <xmax>339.09</xmax>
      <ymax>256.82</ymax>
    </bndbox>
  </object>
</annotation>