<?xml version="1.0" encoding="UTF-8" ?>
<annotation>
  <folder>19700101-084806right_calibration.jpg</folder>
  <filename>19700101-084806right_calibration.jpg</filename>
  <path>http://172.18.39.209:9000/aliimages1999999969/19700101-084806right_calibration.jpg</path>
  <source>
    <database>Unknown</database>
  </source>
  <size>
    <width>642</width>
    <height>362</height>
    <depth>0</depth>
  </size>
  <segmented>0</segmented>
  <object>
    <name>toilet</name>
    <pose>Unspecified</pose>
    <truncated>0</truncated>
    <difficult>0</difficult>
    <bndbox>
      <xmin>180.91</xmin>
      <ymin>75.00</ymin>
      <xmax>270.91</xmax>
      <ymax>232.73</ymax>
    </bndbox>
  </object>
  <object>
    <name>washing_machine</name>
    <pose>Unspecified</pose>
    <truncated>0</truncated>
    <difficult>0</difficult>
    <bndbox>
      <xmin>0.91</xmin>
      <ymin>0.91</ymin>
      <xmax>120.00</xmax>
      <ymax>228.64</ymax>
    </bndbox>
  </object>
</annotation>