<?xml version="1.0" encoding="UTF-8" ?>
<annotation>
  <folder>19700101-122232right_calibration.jpg</folder>
  <filename>19700101-122232right_calibration.jpg</filename>
  <path>http://172.18.39.209:9000/aliimages1999999969/19700101-122232right_calibration.jpg</path>
  <source>
    <database>Unknown</database>
  </source>
  <size>
    <width>642</width>
    <height>362</height>
    <depth>0</depth>
  </size>
  <segmented>0</segmented>
  <object>
    <name>socks</name>
    <pose>Unspecified</pose>
    <truncated>0</truncated>
    <difficult>0</difficult>
    <bndbox>
      <xmin>402.73</xmin>
      <ymin>236.82</ymin>
      <xmax>630.00</xmax>
      <ymax>267.73</ymax>
    </bndbox>
  </object>
  <object>
    <name>toilet</name>
    <pose>Unspecified</pose>
    <truncated>0</truncated>
    <difficult>0</difficult>
    <bndbox>
      <xmin>66.82</xmin>
      <ymin>107.73</ymin>
      <xmax>140.91</xmax>
      <ymax>222.73</ymax>
    </bndbox>
  </object>
  <object>
    <name>shoe</name>
    <pose>Unspecified</pose>
    <truncated>0</truncated>
    <difficult>0</difficult>
    <bndbox>
      <xmin>0.91</xmin>
      <ymin>153.64</ymin>
      <xmax>140.91</xmax>
      <ymax>276.82</ymax>
    </bndbox>
  </object>
</annotation>