<?xml version="1.0" encoding="UTF-8" ?>
<annotation>
  <folder>19700101-122305right_calibration.jpg</folder>
  <filename>19700101-122305right_calibration.jpg</filename>
  <path>http://172.18.39.209:9000/aliimages1999999969/19700101-122305right_calibration.jpg</path>
  <source>
    <database>Unknown</database>
  </source>
  <size>
    <width>642</width>
    <height>362</height>
    <depth>0</depth>
  </size>
  <segmented>0</segmented>
  <object>
    <name>socks</name>
    <pose>Unspecified</pose>
    <truncated>0</truncated>
    <difficult>0</difficult>
    <bndbox>
      <xmin>375.00</xmin>
      <ymin>235.91</ymin>
      <xmax>523.64</xmax>
      <ymax>280.00</ymax>
    </bndbox>
  </object>
  <object>
    <name>toilet</name>
    <pose>Unspecified</pose>
    <truncated>0</truncated>
    <difficult>0</difficult>
    <bndbox>
      <xmin>227.73</xmin>
      <ymin>115.00</ymin>
      <xmax>305.00</xmax>
      <ymax>223.64</ymax>
    </bndbox>
  </object>
  <object>
    <name>washing_machine</name>
    <pose>Unspecified</pose>
    <truncated>0</truncated>
    <difficult>0</difficult>
    <bndbox>
      <xmin>0.91</xmin>
      <ymin>20.00</ymin>
      <xmax>167.73</xmax>
      <ymax>225.91</ymax>
    </bndbox>
  </object>
</annotation>