<?xml version="1.0" encoding="UTF-8" ?>
<annotation>
  <folder>19700101-112511right_calibration.jpg</folder>
  <filename>19700101-112511right_calibration.jpg</filename>
  <path>http://172.18.39.209:9000/aliimages1999999969/19700101-112511right_calibration.jpg</path>
  <source>
    <database>Unknown</database>
  </source>
  <size>
    <width>642</width>
    <height>362</height>
    <depth>0</depth>
  </size>
  <segmented>0</segmented>
  <object>
    <name>washing_machine</name>
    <pose>Unspecified</pose>
    <truncated>0</truncated>
    <difficult>0</difficult>
    <bndbox>
      <xmin>0.91</xmin>
      <ymin>3.64</ymin>
      <xmax>125.00</xmax>
      <ymax>225.00</ymax>
    </bndbox>
  </object>
  <object>
    <name>toilet</name>
    <pose>Unspecified</pose>
    <truncated>0</truncated>
    <difficult>0</difficult>
    <bndbox>
      <xmin>183.64</xmin>
      <ymin>111.82</ymin>
      <xmax>268.64</xmax>
      <ymax>226.82</ymax>
    </bndbox>
  </object>
  <object>
    <name>socks</name>
    <pose>Unspecified</pose>
    <truncated>0</truncated>
    <difficult>0</difficult>
    <bndbox>
      <xmin>357.73</xmin>
      <ymin>228.64</ymin>
      <xmax>453.64</xmax>
      <ymax>258.64</ymax>
    </bndbox>
  </object>
</annotation>