<?xml version="1.0" encoding="UTF-8" ?>
<annotation>
  <folder>19700101-084308right_calibration.jpg</folder>
  <filename>19700101-084308right_calibration.jpg</filename>
  <path>http://172.18.39.209:9000/aliimages1999999969/19700101-084308right_calibration.jpg</path>
  <source>
    <database>Unknown</database>
  </source>
  <size>
    <width>642</width>
    <height>362</height>
    <depth>0</depth>
  </size>
  <segmented>0</segmented>
  <object>
    <name>toilet</name>
    <pose>Unspecified</pose>
    <truncated>0</truncated>
    <difficult>0</difficult>
    <bndbox>
      <xmin>87.73</xmin>
      <ymin>58.64</ymin>
      <xmax>186.82</xmax>
      <ymax>233.64</ymax>
    </bndbox>
  </object>
</annotation>