<?xml version="1.0" encoding="UTF-8" ?>
<annotation>
  <folder>19700101-121616right_calibration.jpg</folder>
  <filename>19700101-121616right_calibration.jpg</filename>
  <path>http://172.18.39.209:9000/aliimages1999999969/19700101-121616right_calibration.jpg</path>
  <source>
    <database>Unknown</database>
  </source>
  <size>
    <width>642</width>
    <height>362</height>
    <depth>0</depth>
  </size>
  <segmented>0</segmented>
  <object>
    <name>toilet</name>
    <pose>Unspecified</pose>
    <truncated>0</truncated>
    <difficult>0</difficult>
    <bndbox>
      <xmin>95.91</xmin>
      <ymin>97.73</ymin>
      <xmax>172.73</xmax>
      <ymax>227.73</ymax>
    </bndbox>
  </object>
  <object>
    <name>socks</name>
    <pose>Unspecified</pose>
    <truncated>0</truncated>
    <difficult>0</difficult>
    <bndbox>
      <xmin>227.73</xmin>
      <ymin>235.00</ymin>
      <xmax>393.64</xmax>
      <ymax>275.91</ymax>
    </bndbox>
  </object>
</annotation>