<?xml version="1.0" encoding="UTF-8" ?>
<annotation>
  <folder>19700101-082531right_calibration.jpg</folder>
  <filename>19700101-082531right_calibration.jpg</filename>
  <path>http://172.18.39.209:9000/aliimages1999999969/19700101-082531right_calibration.jpg</path>
  <source>
    <database>Unknown</database>
  </source>
  <size>
    <width>642</width>
    <height>362</height>
    <depth>0</depth>
  </size>
  <segmented>0</segmented>
  <object>
    <name>socks</name>
    <pose>Unspecified</pose>
    <truncated>0</truncated>
    <difficult>0</difficult>
    <bndbox>
      <xmin>170.00</xmin>
      <ymin>263.64</ymin>
      <xmax>517.73</xmax>
      <ymax>361.82</ymax>
    </bndbox>
  </object>
  <object>
    <name>toilet</name>
    <pose>Unspecified</pose>
    <truncated>0</truncated>
    <difficult>0</difficult>
    <bndbox>
      <xmin>0.91</xmin>
      <ymin>52.73</ymin>
      <xmax>75.00</xmax>
      <ymax>230.91</ymax>
    </bndbox>
  </object>
</annotation>