<?xml version="1.0" encoding="UTF-8" ?>
<annotation>
  <folder>19700101-081837right_calibration.jpg</folder>
  <filename>19700101-081837right_calibration.jpg</filename>
  <path>http://172.18.39.209:9000/aliimages1999999969/19700101-081837right_calibration.jpg</path>
  <source>
    <database>Unknown</database>
  </source>
  <size>
    <width>642</width>
    <height>362</height>
    <depth>0</depth>
  </size>
  <segmented>0</segmented>
  <object>
    <name>toilet</name>
    <pose>Unspecified</pose>
    <truncated>0</truncated>
    <difficult>0</difficult>
    <bndbox>
      <xmin>2.73</xmin>
      <ymin>63.64</ymin>
      <xmax>72.73</xmax>
      <ymax>231.82</ymax>
    </bndbox>
  </object>
  <object>
    <name>socks</name>
    <pose>Unspecified</pose>
    <truncated>0</truncated>
    <difficult>0</difficult>
    <bndbox>
      <xmin>195.00</xmin>
      <ymin>265.00</ymin>
      <xmax>593.64</xmax>
      <ymax>305.00</ymax>
    </bndbox>
  </object>
</annotation>