<?xml version="1.0" encoding="UTF-8" ?>
<annotation>
  <folder>19700101-082800right_calibration.jpg</folder>
  <filename>19700101-082800right_calibration.jpg</filename>
  <path>http://172.18.39.209:9000/aliimages1999999969/19700101-082800right_calibration.jpg</path>
  <source>
    <database>Unknown</database>
  </source>
  <size>
    <width>642</width>
    <height>362</height>
    <depth>0</depth>
  </size>
  <segmented>0</segmented>
  <object>
    <name>toilet</name>
    <pose>Unspecified</pose>
    <truncated>0</truncated>
    <difficult>0</difficult>
    <bndbox>
      <xmin>198.64</xmin>
      <ymin>92.73</ymin>
      <xmax>276.82</xmax>
      <ymax>230.91</ymax>
    </bndbox>
  </object>
  <object>
    <name>unknown</name>
    <pose>Unspecified</pose>
    <truncated>0</truncated>
    <difficult>0</difficult>
    <bndbox>
      <xmin>0.91</xmin>
      <ymin>2.73</ymin>
      <xmax>145.91</xmax>
      <ymax>225.91</ymax>
    </bndbox>
  </object>
</annotation>