<?xml version="1.0" encoding="UTF-8" ?>
<annotation>
  <folder>2021062201</folder>
  <filename>19700101-115429right_calibration_UP20210623.jpg</filename>
  <path>http://172.18.39.209:9000/aliimages/2021062201/19700101-115429right_calibration_UP20210623.jpg</path>
  <source>
    <database>Unknown</database>
  </source>
  <size>
    <width>642</width>
    <height>362</height>
    <depth>0</depth>
  </size>
  <segmented>0</segmented>
  <object>
    <name>socks</name>
    <pose>Unspecified</pose>
    <truncated>0</truncated>
    <difficult>0</difficult>
    <bndbox>
      <xmin>350.00</xmin>
      <ymin>230.45</ymin>
      <xmax>505.45</xmax>
      <ymax>270.91</ymax>
    </bndbox>
  </object>
  <object>
    <name>toilet</name>
    <pose>Unspecified</pose>
    <truncated>0</truncated>
    <difficult>0</difficult>
    <bndbox>
      <xmin>0.00</xmin>
      <ymin>99.55</ymin>
      <xmax>59.55</xmax>
      <ymax>229.55</ymax>
    </bndbox>
  </object>
</annotation>