<?xml version="1.0" encoding="UTF-8" ?>
<annotation>
  <folder>2021062201</folder>
  <filename>19700101-121322right_calibration_UP20210623.jpg</filename>
  <path>http://172.18.39.209:9000/aliimages/2021062201/19700101-121322right_calibration_UP20210623.jpg</path>
  <source>
    <database>Unknown</database>
  </source>
  <size>
    <width>642</width>
    <height>362</height>
    <depth>0</depth>
  </size>
  <segmented>0</segmented>
  <object>
    <name>socks</name>
    <pose>Unspecified</pose>
    <truncated>0</truncated>
    <difficult>0</difficult>
    <bndbox>
      <xmin>394.55</xmin>
      <ymin>239.09</ymin>
      <xmax>501.36</xmax>
      <ymax>307.27</ymax>
    </bndbox>
  </object>
  <object>
    <name>toilet</name>
    <pose>Unspecified</pose>
    <truncated>0</truncated>
    <difficult>0</difficult>
    <bndbox>
      <xmin>187.73</xmin>
      <ymin>99.55</ymin>
      <xmax>276.82</xmax>
      <ymax>230.00</ymax>
    </bndbox>
  </object>
  <object>
    <name>washing_machine</name>
    <pose>Unspecified</pose>
    <truncated>0</truncated>
    <difficult>0</difficult>
    <bndbox>
      <xmin>0.00</xmin>
      <ymin>0.00</ymin>
      <xmax>123.64</xmax>
      <ymax>228.18</ymax>
    </bndbox>
  </object>
</annotation>