<?xml version="1.0" encoding="UTF-8" ?>
<annotation>
  <folder>19700101-084757right_calibration.jpg</folder>
  <filename>19700101-084757right_calibration.jpg</filename>
  <path>http://172.18.39.209:9000/aliimages1999999966/19700101-084757right_calibration.jpg</path>
  <source>
    <database>Unknown</database>
  </source>
  <size>
    <width>640</width>
    <height>360</height>
    <depth>0</depth>
  </size>
  <segmented>0</segmented>
  <object>
    <name>metal_chair_foot</name>
    <pose>Unspecified</pose>
    <truncated>0</truncated>
    <difficult>0</difficult>
    <bndbox>
      <xmin>191.82</xmin>
      <ymin>168.64</ymin>
      <xmax>432.73</xmax>
      <ymax>200.91</ymax>
    </bndbox>
  </object>
  <object>
    <name>metal_chair_foot</name>
    <pose>Unspecified</pose>
    <truncated>0</truncated>
    <difficult>0</difficult>
    <bndbox>
      <xmin>75.91</xmin>
      <ymin>170.91</ymin>
      <xmax>595.00</xmax>
      <ymax>240.00</ymax>
    </bndbox>
  </object>
  <object>
    <name>toilet</name>
    <pose>Unspecified</pose>
    <truncated>0</truncated>
    <difficult>0</difficult>
    <bndbox>
      <xmin>65.91</xmin>
      <ymin>0.91</ymin>
      <xmax>361.82</xmax>
      <ymax>200.91</ymax>
    </bndbox>
  </object>
</annotation>