<?xml version="1.0" encoding="UTF-8" ?>
<annotation>
  <folder>19700101-122309right_calibration.jpg</folder>
  <filename>19700101-122309right_calibration.jpg</filename>
  <path>http://172.18.39.209:9000/aliimages1999999969/19700101-122309right_calibration.jpg</path>
  <source>
    <database>Unknown</database>
  </source>
  <size>
    <width>642</width>
    <height>362</height>
    <depth>0</depth>
  </size>
  <segmented>0</segmented>
  <object>
    <name>socks</name>
    <pose>Unspecified</pose>
    <truncated>0</truncated>
    <difficult>0</difficult>
    <bndbox>
      <xmin>361.82</xmin>
      <ymin>236.82</ymin>
      <xmax>525.00</xmax>
      <ymax>287.73</ymax>
    </bndbox>
  </object>
  <object>
    <name>toilet</name>
    <pose>Unspecified</pose>
    <truncated>0</truncated>
    <difficult>0</difficult>
    <bndbox>
      <xmin>215.91</xmin>
      <ymin>108.64</ymin>
      <xmax>291.82</xmax>
      <ymax>227.73</ymax>
    </bndbox>
  </object>
  <object>
    <name>washing_machine</name>
    <pose>Unspecified</pose>
    <truncated>0</truncated>
    <difficult>0</difficult>
    <bndbox>
      <xmin>0.91</xmin>
      <ymin>5.00</ymin>
      <xmax>152.73</xmax>
      <ymax>225.00</ymax>
    </bndbox>
  </object>
</annotation>