<?xml version="1.0" encoding="UTF-8" ?>
<annotation>
  <folder>19700101-090146right_calibration.jpg</folder>
  <filename>19700101-090146right_calibration.jpg</filename>
  <path>http://172.18.39.209:9000/aliimages1999999969/19700101-090146right_calibration.jpg</path>
  <source>
    <database>Unknown</database>
  </source>
  <size>
    <width>642</width>
    <height>362</height>
    <depth>0</depth>
  </size>
  <segmented>0</segmented>
  <object>
    <name>toilet</name>
    <pose>Unspecified</pose>
    <truncated>0</truncated>
    <difficult>0</difficult>
    <bndbox>
      <xmin>13.64</xmin>
      <ymin>60.00</ymin>
      <xmax>133.64</xmax>
      <ymax>235.00</ymax>
    </bndbox>
  </object>
  <object>
    <name>socks</name>
    <pose>Unspecified</pose>
    <truncated>0</truncated>
    <difficult>0</difficult>
    <bndbox>
      <xmin>295.00</xmin>
      <ymin>253.64</ymin>
      <xmax>570.91</xmax>
      <ymax>361.82</ymax>
    </bndbox>
  </object>
</annotation>