<?xml version="1.0" encoding="UTF-8" ?>
<annotation>
  <folder>2021062201</folder>
  <filename>19700101-085031right_calibration_UP20210623.jpg</filename>
  <path>http://172.18.39.209:9000/aliimages/2021062201/19700101-085031right_calibration_UP20210623.jpg</path>
  <source>
    <database>Unknown</database>
  </source>
  <size>
    <width>642</width>
    <height>362</height>
    <depth>0</depth>
  </size>
  <segmented>0</segmented>
  <object>
    <name>socks</name>
    <pose>Unspecified</pose>
    <truncated>0</truncated>
    <difficult>0</difficult>
    <bndbox>
      <xmin>307.27</xmin>
      <ymin>177.73</ymin>
      <xmax>599.55</xmax>
      <ymax>308.64</ymax>
    </bndbox>
  </object>
  <object>
    <name>toilet</name>
    <pose>Unspecified</pose>
    <truncated>0</truncated>
    <difficult>0</difficult>
    <bndbox>
      <xmin>78.18</xmin>
      <ymin>31.82</ymin>
      <xmax>190.00</xmax>
      <ymax>197.27</ymax>
    </bndbox>
  </object>
</annotation>