<?xml version="1.0" encoding="UTF-8" ?>
<annotation>
  <folder>19700101-081202right_calibration.jpg</folder>
  <filename>19700101-081202right_calibration.jpg</filename>
  <path>http://172.18.39.209:9000/aliimages1999999969/19700101-081202right_calibration.jpg</path>
  <source>
    <database>Unknown</database>
  </source>
  <size>
    <width>642</width>
    <height>362</height>
    <depth>0</depth>
  </size>
  <segmented>0</segmented>
  <object>
    <name>unknown</name>
    <pose>Unspecified</pose>
    <truncated>0</truncated>
    <difficult>0</difficult>
    <bndbox>
      <xmin>0.91</xmin>
      <ymin>25.91</ymin>
      <xmax>110.91</xmax>
      <ymax>222.73</ymax>
    </bndbox>
  </object>
  <object>
    <name>socks</name>
    <pose>Unspecified</pose>
    <truncated>0</truncated>
    <difficult>0</difficult>
    <bndbox>
      <xmin>216.82</xmin>
      <ymin>227.73</ymin>
      <xmax>352.73</xmax>
      <ymax>260.00</ymax>
    </bndbox>
  </object>
  <object>
    <name>toilet</name>
    <pose>Unspecified</pose>
    <truncated>0</truncated>
    <difficult>0</difficult>
    <bndbox>
      <xmin>147.73</xmin>
      <ymin>112.73</ymin>
      <xmax>198.64</xmax>
      <ymax>225.91</ymax>
    </bndbox>
  </object>
</annotation>