<?xml version="1.0" encoding="UTF-8" ?>
<annotation>
  <folder>19700101-085335right_calibration.jpg</folder>
  <filename>19700101-085335right_calibration.jpg</filename>
  <path>http://172.18.39.209:9000/aliimages1999999969/19700101-085335right_calibration.jpg</path>
  <source>
    <database>Unknown</database>
  </source>
  <size>
    <width>642</width>
    <height>362</height>
    <depth>0</depth>
  </size>
  <segmented>0</segmented>
  <object>
    <name>toilet</name>
    <pose>Unspecified</pose>
    <truncated>0</truncated>
    <difficult>0</difficult>
    <bndbox>
      <xmin>10.00</xmin>
      <ymin>33.64</ymin>
      <xmax>141.82</xmax>
      <ymax>235.00</ymax>
    </bndbox>
  </object>
  <object>
    <name>socks</name>
    <pose>Unspecified</pose>
    <truncated>0</truncated>
    <difficult>0</difficult>
    <bndbox>
      <xmin>465.91</xmin>
      <ymin>240.91</ymin>
      <xmax>606.82</xmax>
      <ymax>308.64</ymax>
    </bndbox>
  </object>
</annotation>