<?xml version="1.0" encoding="UTF-8" ?>
<annotation>
  <folder>RGB100W_542500008913_116449572259378313.jpg</folder>
  <filename>RGB100W_542500008913_116449572259378313.jpg</filename>
  <path>http://172.18.39.209:9000/aliimages1999999990/RGB100W_542500008913_116449572259378313.jpg</path>
  <source>
    <database>Unknown</database>
  </source>
  <size>
    <width>640</width>
    <height>360</height>
    <depth>0</depth>
  </size>
  <segmented>0</segmented>
  <object>
    <name>toilet</name>
    <pose>Unspecified</pose>
    <truncated>0</truncated>
    <difficult>0</difficult>
    <bndbox>
      <xmin>10.00</xmin>
      <ymin>0.91</ymin>
      <xmax>225.91</xmax>
      <ymax>196.82</ymax>
    </bndbox>
  </object>
  <object>
    <name>cupboard</name>
    <pose>Unspecified</pose>
    <truncated>0</truncated>
    <difficult>0</difficult>
    <bndbox>
      <xmin>512.73</xmin>
      <ymin>12.73</ymin>
      <xmax>587.73</xmax>
      <ymax>177.73</ymax>
    </bndbox>
  </object>
</annotation>