<?xml version="1.0" encoding="UTF-8" ?>
<annotation>
  <folder>RGB100W_CRL30VDJ208Z2081_116445650123563955.jpg</folder>
  <filename>RGB100W_CRL30VDJ208Z2081_116445650123563955.jpg</filename>
  <path>http://172.18.39.209:9000/aliimages1999999990/RGB100W_CRL30VDJ208Z2081_116445650123563955.jpg</path>
  <source>
    <database>Unknown</database>
  </source>
  <size>
    <width>640</width>
    <height>360</height>
    <depth>0</depth>
  </size>
  <segmented>0</segmented>
  <object>
    <name>toilet</name>
    <pose>Unspecified</pose>
    <truncated>0</truncated>
    <difficult>0</difficult>
    <bndbox>
      <xmin>51.82</xmin>
      <ymin>42.73</ymin>
      <xmax>215.00</xmax>
      <ymax>177.73</ymax>
    </bndbox>
  </object>
</annotation>