<?xml version="1.0" encoding="UTF-8" ?>
<annotation>
  <folder>RGB100W_542500001364_116467410118148345.jpg</folder>
  <filename>RGB100W_542500001364_116467410118148345.jpg</filename>
  <path>http://172.18.39.209:9000/aliimages1999999990/RGB100W_542500001364_116467410118148345.jpg</path>
  <source>
    <database>Unknown</database>
  </source>
  <size>
    <width>640</width>
    <height>360</height>
    <depth>0</depth>
  </size>
  <segmented>0</segmented>
  <object>
    <name>sofa1</name>
    <pose>Unspecified</pose>
    <truncated>0</truncated>
    <difficult>0</difficult>
    <bndbox>
      <xmin>20.91</xmin>
      <ymin>51.82</ymin>
      <xmax>330.91</xmax>
      <ymax>175.91</ymax>
    </bndbox>
  </object>
  <object>
    <name>toilet</name>
    <pose>Unspecified</pose>
    <truncated>0</truncated>
    <difficult>0</difficult>
    <bndbox>
      <xmin>408.64</xmin>
      <ymin>153.64</ymin>
      <xmax>435.00</xmax>
      <ymax>170.00</ymax>
    </bndbox>
  </object>
  <object>
    <name>toilet</name>
    <pose>Unspecified</pose>
    <truncated>0</truncated>
    <difficult>0</difficult>
    <bndbox>
      <xmin>385.00</xmin>
      <ymin>153.64</ymin>
      <xmax>406.82</xmax>
      <ymax>166.82</ymax>
    </bndbox>
  </object>
</annotation>