<?xml version="1.0" encoding="UTF-8" ?>
<annotation>
  <folder>RGB100W_542500000092_116447491886388527.jpg</folder>
  <filename>RGB100W_542500000092_116447491886388527.jpg</filename>
  <path>http://172.18.39.209:9000/aliimages1999999990/RGB100W_542500000092_116447491886388527.jpg</path>
  <source>
    <database>Unknown</database>
  </source>
  <size>
    <width>640</width>
    <height>360</height>
    <depth>0</depth>
  </size>
  <segmented>0</segmented>
  <object>
    <name>toilet</name>
    <pose>Unspecified</pose>
    <truncated>0</truncated>
    <difficult>0</difficult>
    <bndbox>
      <xmin>173.64</xmin>
      <ymin>0.91</ymin>
      <xmax>338.64</xmax>
      <ymax>176.82</ymax>
    </bndbox>
  </object>
</annotation>