<?xml version="1.0" encoding="UTF-8" ?>
<annotation>
  <folder>RGB100W_375468186_116445512704127575.jpg</folder>
  <filename>RGB100W_375468186_116445512704127575.jpg</filename>
  <path>http://172.18.39.209:9000/aliimages1999999990/RGB100W_375468186_116445512704127575.jpg</path>
  <source>
    <database>Unknown</database>
  </source>
  <size>
    <width>640</width>
    <height>360</height>
    <depth>0</depth>
  </size>
  <segmented>0</segmented>
  <object>
    <name>toilet</name>
    <pose>Unspecified</pose>
    <truncated>0</truncated>
    <difficult>0</difficult>
    <bndbox>
      <xmin>231.82</xmin>
      <ymin>33.64</ymin>
      <xmax>376.82</xmax>
      <ymax>178.64</ymax>
    </bndbox>
  </object>
</annotation>