<?xml version="1.0" encoding="UTF-8" ?>
<annotation>
  <folder>RGB100W_CRL30VDJ208Z2072_116460213212381510.jpg</folder>
  <filename>RGB100W_CRL30VDJ208Z2072_116460213212381510.jpg</filename>
  <path>http://172.18.39.209:9000/aliimages1999999980/RGB100W_CRL30VDJ208Z2072_116460213212381510.jpg</path>
  <source>
    <database>Unknown</database>
  </source>
  <size>
    <width>640</width>
    <height>360</height>
    <depth>0</depth>
  </size>
  <segmented>0</segmented>
  <object>
    <name>door_anno</name>
    <pose>Unspecified</pose>
    <truncated>0</truncated>
    <difficult>0</difficult>
    <bndbox>
      <xmin>28.64</xmin>
      <ymin>0.91</ymin>
      <xmax>590.00</xmax>
      <ymax>198.64</ymax>
    </bndbox>
  </object>
  <object>
    <name>toilet</name>
    <pose>Unspecified</pose>
    <truncated>0</truncated>
    <difficult>0</difficult>
    <bndbox>
      <xmin>252.73</xmin>
      <ymin>80.91</ymin>
      <xmax>341.82</xmax>
      <ymax>173.64</ymax>
    </bndbox>
  </object>
  <object>
    <name>toilet</name>
    <pose>Unspecified</pose>
    <truncated>0</truncated>
    <difficult>0</difficult>
    <bndbox>
      <xmin>110.91</xmin>
      <ymin>80.00</ymin>
      <xmax>185.00</xmax>
      <ymax>176.82</ymax>
    </bndbox>
  </object>
</annotation>