<?xml version="1.0" encoding="UTF-8" ?>
<annotation>
  <folder>RGB100W_277985926_116445002568412596.jpg</folder>
  <filename>RGB100W_277985926_116445002568412596.jpg</filename>
  <path>http://172.18.39.209:9000/aliimages1999999990/RGB100W_277985926_116445002568412596.jpg</path>
  <source>
    <database>Unknown</database>
  </source>
  <size>
    <width>642</width>
    <height>361</height>
    <depth>0</depth>
  </size>
  <segmented>0</segmented>
  <object>
    <name>toilet</name>
    <pose>Unspecified</pose>
    <truncated>0</truncated>
    <difficult>0</difficult>
    <bndbox>
      <xmin>124.09</xmin>
      <ymin>0.45</ymin>
      <xmax>295.00</xmax>
      <ymax>179.55</ymax>
    </bndbox>
  </object>
</annotation>