<?xml version="1.0" encoding="UTF-8" ?>
<annotation>
  <folder>RGB100W_CRL30VDJ208Z2107_116445593533685060.jpg</folder>
  <filename>RGB100W_CRL30VDJ208Z2107_116445593533685060.jpg</filename>
  <path>http://172.18.39.209:9000/aliimages1999999990/RGB100W_CRL30VDJ208Z2107_116445593533685060.jpg</path>
  <source>
    <database>Unknown</database>
  </source>
  <size>
    <width>640</width>
    <height>360</height>
    <depth>0</depth>
  </size>
  <segmented>0</segmented>
  <object>
    <name>blanket</name>
    <pose>Unspecified</pose>
    <truncated>0</truncated>
    <difficult>0</difficult>
    <bndbox>
      <xmin>357.73</xmin>
      <ymin>186.82</ymin>
      <xmax>640.00</xmax>
      <ymax>280.00</ymax>
    </bndbox>
  </object>
  <object>
    <name>toilet</name>
    <pose>Unspecified</pose>
    <truncated>0</truncated>
    <difficult>0</difficult>
    <bndbox>
      <xmin>507.73</xmin>
      <ymin>35.00</ymin>
      <xmax>611.82</xmax>
      <ymax>166.82</ymax>
    </bndbox>
  </object>
</annotation>