<?xml version="1.0" encoding="UTF-8" ?>
<annotation>
  <folder>RGB100W_542500000139_116445592395287768.jpg</folder>
  <filename>RGB100W_542500000139_116445592395287768.jpg</filename>
  <path>http://172.18.39.209:9000/aliimages1999999990/RGB100W_542500000139_116445592395287768.jpg</path>
  <source>
    <database>Unknown</database>
  </source>
  <size>
    <width>640</width>
    <height>360</height>
    <depth>0</depth>
  </size>
  <segmented>0</segmented>
  <object>
    <name>toilet</name>
    <pose>Unspecified</pose>
    <truncated>0</truncated>
    <difficult>0</difficult>
    <bndbox>
      <xmin>230.00</xmin>
      <ymin>15.00</ymin>
      <xmax>400.91</xmax>
      <ymax>143.64</ymax>
    </bndbox>
  </object>
</annotation>