<?xml version="1.0" encoding="UTF-8" ?>
<annotation>
  <folder>RGB100W_202006292021_116444938601225043.jpg</folder>
  <filename>RGB100W_202006292021_116444938601225043.jpg</filename>
  <path>http://172.18.39.209:9000/aliimages1999999990/RGB100W_202006292021_116444938601225043.jpg</path>
  <source>
    <database>Unknown</database>
  </source>
  <size>
    <width>642</width>
    <height>361</height>
    <depth>0</depth>
  </size>
  <segmented>0</segmented>
  <object>
    <name>charger</name>
    <pose>Unspecified</pose>
    <truncated>0</truncated>
    <difficult>0</difficult>
    <bndbox>
      <xmin>78.18</xmin>
      <ymin>96.36</ymin>
      <xmax>305.91</xmax>
      <ymax>236.36</ymax>
    </bndbox>
  </object>
  <object>
    <name>toilet</name>
    <pose>Unspecified</pose>
    <truncated>0</truncated>
    <difficult>0</difficult>
    <bndbox>
      <xmin>472.27</xmin>
      <ymin>59.09</ymin>
      <xmax>641.82</xmax>
      <ymax>179.55</ymax>
    </bndbox>
  </object>
</annotation>