<?xml version="1.0" encoding="UTF-8" ?>
<annotation>
  <folder>RGB100W_CRL9993I202006069999_1591699714478632.jpg</folder>
  <filename>RGB100W_CRL9993I202006069999_1591699714478632.jpg</filename>
  <path>http://172.18.39.209:9000/aliimages1999999965/RGB100W_CRL9993I202006069999_1591699714478632.jpg</path>
  <source>
    <database>Unknown</database>
  </source>
  <size>
    <width>642</width>
    <height>361</height>
    <depth>0</depth>
  </size>
  <segmented>0</segmented>
  <object>
    <name>toilet</name>
    <pose>Unspecified</pose>
    <truncated>0</truncated>
    <difficult>0</difficult>
    <bndbox>
      <xmin>83.64</xmin>
      <ymin>0.45</ymin>
      <xmax>340.91</xmax>
      <ymax>219.55</ymax>
    </bndbox>
  </object>
  <object>
    <name>slipper</name>
    <pose>Unspecified</pose>
    <truncated>0</truncated>
    <difficult>0</difficult>
    <bndbox>
      <xmin>60.00</xmin>
      <ymin>179.55</ymin>
      <xmax>135.00</xmax>
      <ymax>203.18</ymax>
    </bndbox>
  </object>
  <object>
    <name>slipper</name>
    <pose>Unspecified</pose>
    <truncated>0</truncated>
    <difficult>0</difficult>
    <bndbox>
      <xmin>0.45</xmin>
      <ymin>174.09</ymin>
      <xmax>67.27</xmax>
      <ymax>211.36</ymax>
    </bndbox>
  </object>
  <object>
    <name>unknown</name>
    <pose>Unspecified</pose>
    <truncated>0</truncated>
    <difficult>0</difficult>
    <bndbox>
      <xmin>52.27</xmin>
      <ymin>8.18</ymin>
      <xmax>114.55</xmax>
      <ymax>165.00</ymax>
    </bndbox>
  </object>
  <object>
    <name>unknown</name>
    <pose>Unspecified</pose>
    <truncated>0</truncated>
    <difficult>0</difficult>
    <bndbox>
      <xmin>0.45</xmin>
      <ymin>0.45</ymin>
      <xmax>68.64</xmax>
      <ymax>168.18</ymax>
    </bndbox>
  </object>
</annotation>