<?xml version="1.0" encoding="UTF-8" ?>
<annotation>
  <folder>RGB100W_542500001344_116452678209597152.jpg</folder>
  <filename>RGB100W_542500001344_116452678209597152.jpg</filename>
  <path>http://172.18.39.209:9000/aliimages1999999980/RGB100W_542500001344_116452678209597152.jpg</path>
  <source>
    <database>Unknown</database>
  </source>
  <size>
    <width>640</width>
    <height>360</height>
    <depth>0</depth>
  </size>
  <segmented>0</segmented>
  <object>
    <name>wire</name>
    <pose>Unspecified</pose>
    <truncated>0</truncated>
    <difficult>0</difficult>
    <bndbox>
      <xmin>376.82</xmin>
      <ymin>152.73</ymin>
      <xmax>413.64</xmax>
      <ymax>205.91</ymax>
    </bndbox>
  </object>
  <object>
    <name>charger</name>
    <pose>Unspecified</pose>
    <truncated>0</truncated>
    <difficult>0</difficult>
    <bndbox>
      <xmin>330.91</xmin>
      <ymin>132.73</ymin>
      <xmax>380.00</xmax>
      <ymax>212.73</ymax>
    </bndbox>
  </object>
  <object>
    <name>toilet</name>
    <pose>Unspecified</pose>
    <truncated>0</truncated>
    <difficult>0</difficult>
    <bndbox>
      <xmin>0.91</xmin>
      <ymin>0.91</ymin>
      <xmax>358.64</xmax>
      <ymax>280.91</ymax>
    </bndbox>
  </object>
</annotation>