<?xml version="1.0" encoding="UTF-8" ?>
<annotation>
  <folder>RGB100W_CRL30VDJ208Z2114_116445508971576218.jpg</folder>
  <filename>RGB100W_CRL30VDJ208Z2114_116445508971576218.jpg</filename>
  <path>http://172.18.39.209:9000/aliimages1999999990/RGB100W_CRL30VDJ208Z2114_116445508971576218.jpg</path>
  <source>
    <database>Unknown</database>
  </source>
  <size>
    <width>640</width>
    <height>360</height>
    <depth>0</depth>
  </size>
  <segmented>0</segmented>
  <object>
    <name>toilet</name>
    <pose>Unspecified</pose>
    <truncated>0</truncated>
    <difficult>0</difficult>
    <bndbox>
      <xmin>46.82</xmin>
      <ymin>0.91</ymin>
      <xmax>266.82</xmax>
      <ymax>185.00</ymax>
    </bndbox>
  </object>
  <object>
    <name>blanket</name>
    <pose>Unspecified</pose>
    <truncated>0</truncated>
    <difficult>0</difficult>
    <bndbox>
      <xmin>567.73</xmin>
      <ymin>196.82</ymin>
      <xmax>640.00</xmax>
      <ymax>236.82</ymax>
    </bndbox>
  </object>
</annotation>