<?xml version="1.0" encoding="UTF-8" ?>
<annotation>
  <folder>RGB100W_542500004102_116454434039476931.jpg</folder>
  <filename>RGB100W_542500004102_116454434039476931.jpg</filename>
  <path>http://172.18.39.209:9000/aliimages1999999990/RGB100W_542500004102_116454434039476931.jpg</path>
  <source>
    <database>Unknown</database>
  </source>
  <size>
    <width>640</width>
    <height>360</height>
    <depth>0</depth>
  </size>
  <segmented>0</segmented>
  <object>
    <name>toilet</name>
    <pose>Unspecified</pose>
    <truncated>0</truncated>
    <difficult>0</difficult>
    <bndbox>
      <xmin>240.91</xmin>
      <ymin>102.73</ymin>
      <xmax>272.73</xmax>
      <ymax>155.91</ymax>
    </bndbox>
  </object>
</annotation>