<?xml version="1.0" encoding="UTF-8" ?>
<annotation>
  <folder>RGB100W_CRL30VDJ208Z2094_116445376004923574.jpg</folder>
  <filename>RGB100W_CRL30VDJ208Z2094_116445376004923574.jpg</filename>
  <path>http://172.18.39.209:9000/aliimages1999999984/RGB100W_CRL30VDJ208Z2094_116445376004923574.jpg</path>
  <source>
    <database>Unknown</database>
  </source>
  <size>
    <width>640</width>
    <height>360</height>
    <depth>0</depth>
  </size>
  <segmented>0</segmented>
  <object>
    <name>toilet</name>
    <pose>Unspecified</pose>
    <truncated>0</truncated>
    <difficult>0</difficult>
    <bndbox>
      <xmin>470.00</xmin>
      <ymin>26.82</ymin>
      <xmax>602.73</xmax>
      <ymax>173.64</ymax>
    </bndbox>
  </object>
</annotation>