<?xml version="1.0" encoding="UTF-8" ?>
<annotation>
  <folder>RGB100W_542500000133_116444917249109075.jpg</folder>
  <filename>RGB100W_542500000133_116444917249109075.jpg</filename>
  <path>http://172.18.39.209:9000/aliimages1999999984/RGB100W_542500000133_116444917249109075.jpg</path>
  <source>
    <database>Unknown</database>
  </source>
  <size>
    <width>640</width>
    <height>360</height>
    <depth>0</depth>
  </size>
  <segmented>0</segmented>
  <object>
    <name>toilet</name>
    <pose>Unspecified</pose>
    <truncated>0</truncated>
    <difficult>0</difficult>
    <bndbox>
      <xmin>235.91</xmin>
      <ymin>0.91</ymin>
      <xmax>373.64</xmax>
      <ymax>162.73</ymax>
    </bndbox>
  </object>
</annotation>