<?xml version="1.0" encoding="UTF-8" ?>
<annotation>
  <folder>RGB100W_375468187_116445223966955511.jpg</folder>
  <filename>RGB100W_375468187_116445223966955511.jpg</filename>
  <path>http://172.18.39.209:9000/aliimages1999999990/RGB100W_375468187_116445223966955511.jpg</path>
  <source>
    <database>Unknown</database>
  </source>
  <size>
    <width>640</width>
    <height>360</height>
    <depth>0</depth>
  </size>
  <segmented>0</segmented>
  <object>
    <name>toilet</name>
    <pose>Unspecified</pose>
    <truncated>0</truncated>
    <difficult>0</difficult>
    <bndbox>
      <xmin>553.64</xmin>
      <ymin>7.73</ymin>
      <xmax>640.00</xmax>
      <ymax>165.91</ymax>
    </bndbox>
  </object>
  <object>
    <name>dining_table</name>
    <pose>Unspecified</pose>
    <truncated>0</truncated>
    <difficult>0</difficult>
    <bndbox>
      <xmin>393.64</xmin>
      <ymin>61.82</ymin>
      <xmax>530.91</xmax>
      <ymax>120.00</ymax>
    </bndbox>
  </object>
</annotation>