<?xml version="1.0" encoding="UTF-8" ?>
<annotation>
  <folder>RGB100W_542500000118_116444759183125986.jpg</folder>
  <filename>RGB100W_542500000118_116444759183125986.jpg</filename>
  <path>http://172.18.39.209:9000/aliimages1999999990/RGB100W_542500000118_116444759183125986.jpg</path>
  <source>
    <database>Unknown</database>
  </source>
  <size>
    <width>640</width>
    <height>480</height>
    <depth>0</depth>
  </size>
  <segmented>0</segmented>
  <object>
    <name>toilet</name>
    <pose>Unspecified</pose>
    <truncated>0</truncated>
    <difficult>0</difficult>
    <bndbox>
      <xmin>270.00</xmin>
      <ymin>17.73</ymin>
      <xmax>466.82</xmax>
      <ymax>205.91</ymax>
    </bndbox>
  </object>
</annotation>