<?xml version="1.0" encoding="UTF-8" ?>
<annotation>
  <folder>RGB100W_CRL9993I202006069999_1591697909529078.jpg</folder>
  <filename>RGB100W_CRL9993I202006069999_1591697909529078.jpg</filename>
  <path>http://172.18.39.209:9000/aliimages1999999990/RGB100W_CRL9993I202006069999_1591697909529078.jpg</path>
  <source>
    <database>Unknown</database>
  </source>
  <size>
    <width>642</width>
    <height>361</height>
    <depth>0</depth>
  </size>
  <segmented>0</segmented>
  <object>
    <name>toilet</name>
    <pose>Unspecified</pose>
    <truncated>0</truncated>
    <difficult>0</difficult>
    <bndbox>
      <xmin>51.36</xmin>
      <ymin>39.09</ymin>
      <xmax>219.55</xmax>
      <ymax>231.82</ymax>
    </bndbox>
  </object>
</annotation>