<?xml version="1.0" encoding="UTF-8" ?>
<annotation>
  <folder>RGB100W_277985926_116444773569998345.jpg</folder>
  <filename>RGB100W_277985926_116444773569998345.jpg</filename>
  <path>http://172.18.39.209:9000/aliimages1999999990/RGB100W_277985926_116444773569998345.jpg</path>
  <source>
    <database>Unknown</database>
  </source>
  <size>
    <width>642</width>
    <height>361</height>
    <depth>0</depth>
  </size>
  <segmented>0</segmented>
  <object>
    <name>toilet</name>
    <pose>Unspecified</pose>
    <truncated>0</truncated>
    <difficult>0</difficult>
    <bndbox>
      <xmin>115.00</xmin>
      <ymin>30.00</ymin>
      <xmax>239.55</xmax>
      <ymax>190.91</ymax>
    </bndbox>
  </object>
</annotation>