<?xml version="1.0" encoding="UTF-8" ?>
<annotation>
  <folder>RGB100W_CRL30VDJ208Z2094_116444826707784611.jpg</folder>
  <filename>RGB100W_CRL30VDJ208Z2094_116444826707784611.jpg</filename>
  <path>http://172.18.39.209:9000/aliimages1999999984/RGB100W_CRL30VDJ208Z2094_116444826707784611.jpg</path>
  <source>
    <database>Unknown</database>
  </source>
  <size>
    <width>640</width>
    <height>360</height>
    <depth>0</depth>
  </size>
  <segmented>0</segmented>
  <object>
    <name>toilet</name>
    <pose>Unspecified</pose>
    <truncated>0</truncated>
    <difficult>0</difficult>
    <bndbox>
      <xmin>0.91</xmin>
      <ymin>36.82</ymin>
      <xmax>135.00</xmax>
      <ymax>171.82</ymax>
    </bndbox>
  </object>
</annotation>