<?xml version="1.0" encoding="UTF-8" ?>
<annotation>
  <folder>RGB100W_542500008913_116446951754171186.jpg</folder>
  <filename>RGB100W_542500008913_116446951754171186.jpg</filename>
  <path>http://172.18.39.209:9000/aliimages1999999990/RGB100W_542500008913_116446951754171186.jpg</path>
  <source>
    <database>Unknown</database>
  </source>
  <size>
    <width>640</width>
    <height>360</height>
    <depth>0</depth>
  </size>
  <segmented>0</segmented>
  <object>
    <name>toilet</name>
    <pose>Unspecified</pose>
    <truncated>0</truncated>
    <difficult>0</difficult>
    <bndbox>
      <xmin>455.00</xmin>
      <ymin>80.00</ymin>
      <xmax>498.64</xmax>
      <ymax>171.82</ymax>
    </bndbox>
  </object>
</annotation>