<?xml version="1.0" encoding="UTF-8" ?>
<annotation>
  <folder>RGB100W_542500001557_116448242000545783.jpg</folder>
  <filename>RGB100W_542500001557_116448242000545783.jpg</filename>
  <path>http://172.18.39.209:9000/aliimages2021122805/RGB100W_542500001557_116448242000545783.jpg</path>
  <source>
    <database>Unknown</database>
  </source>
  <size>
    <width>640</width>
    <height>360</height>
    <depth>0</depth>
  </size>
  <segmented>0</segmented>
  <object>
    <name>person_leg</name>
    <pose>Unspecified</pose>
    <truncated>0</truncated>
    <difficult>0</difficult>
    <bndbox>
      <xmin>332.27</xmin>
      <ymin>0.91</ymin>
      <xmax>455.91</xmax>
      <ymax>205.91</ymax>
    </bndbox>
  </object>
  <object>
    <name>person_leg</name>
    <pose>Unspecified</pose>
    <truncated>0</truncated>
    <difficult>0</difficult>
    <bndbox>
      <xmin>248.64</xmin>
      <ymin>0.91</ymin>
      <xmax>346.82</xmax>
      <ymax>195.91</ymax>
    </bndbox>
  </object>
  <object>
    <name>slipper</name>
    <pose>Unspecified</pose>
    <truncated>0</truncated>
    <difficult>0</difficult>
    <bndbox>
      <xmin>362.73</xmin>
      <ymin>164.55</ymin>
      <xmax>452.73</xmax>
      <ymax>200.91</ymax>
    </bndbox>
  </object>
  <object>
    <name>slipper</name>
    <pose>Unspecified</pose>
    <truncated>0</truncated>
    <difficult>0</difficult>
    <bndbox>
      <xmin>282.73</xmin>
      <ymin>168.64</ymin>
      <xmax>347.73</xmax>
      <ymax>193.64</ymax>
    </bndbox>
  </object>
  <object>
    <name>toilet</name>
    <pose>Unspecified</pose>
    <truncated>0</truncated>
    <difficult>0</difficult>
    <bndbox>
      <xmin>65.00</xmin>
      <ymin>33.64</ymin>
      <xmax>210.00</xmax>
      <ymax>191.82</ymax>
    </bndbox>
  </object>
</annotation>