<?xml version="1.0" encoding="UTF-8" ?>
<annotation>
  <folder>RGB100W_277985926_116444962997896110.jpg</folder>
  <filename>RGB100W_277985926_116444962997896110.jpg</filename>
  <path>http://172.18.39.209:9000/aliimages1999999984/RGB100W_277985926_116444962997896110.jpg</path>
  <source>
    <database>Unknown</database>
  </source>
  <size>
    <width>642</width>
    <height>361</height>
    <depth>0</depth>
  </size>
  <segmented>0</segmented>
  <object>
    <name>metal_chair_foot</name>
    <pose>Unspecified</pose>
    <truncated>0</truncated>
    <difficult>0</difficult>
    <bndbox>
      <xmin>279.09</xmin>
      <ymin>205.00</ymin>
      <xmax>624.55</xmax>
      <ymax>246.36</ymax>
    </bndbox>
  </object>
  <object>
    <name>blanket</name>
    <pose>Unspecified</pose>
    <truncated>0</truncated>
    <difficult>0</difficult>
    <bndbox>
      <xmin>0.45</xmin>
      <ymin>202.27</ymin>
      <xmax>201.36</xmax>
      <ymax>265.00</ymax>
    </bndbox>
  </object>
  <object>
    <name>door_anno</name>
    <pose>Unspecified</pose>
    <truncated>0</truncated>
    <difficult>0</difficult>
    <bndbox>
      <xmin>160.45</xmin>
      <ymin>0.45</ymin>
      <xmax>274.55</xmax>
      <ymax>207.73</ymax>
    </bndbox>
  </object>
  <object>
    <name>toilet</name>
    <pose>Unspecified</pose>
    <truncated>0</truncated>
    <difficult>0</difficult>
    <bndbox>
      <xmin>0.45</xmin>
      <ymin>0.45</ymin>
      <xmax>100.91</xmax>
      <ymax>191.82</ymax>
    </bndbox>
  </object>
</annotation>