<?xml version="1.0" encoding="UTF-8" ?>
<annotation>
  <folder>RGB100W_542500001344_116456437539451482.jpg</folder>
  <filename>RGB100W_542500001344_116456437539451482.jpg</filename>
  <path>http://172.18.39.209:9000/aliimages1999999990/RGB100W_542500001344_116456437539451482.jpg</path>
  <source>
    <database>Unknown</database>
  </source>
  <size>
    <width>640</width>
    <height>360</height>
    <depth>0</depth>
  </size>
  <segmented>0</segmented>
  <object>
    <name>charger</name>
    <pose>Unspecified</pose>
    <truncated>0</truncated>
    <difficult>0</difficult>
    <bndbox>
      <xmin>372.73</xmin>
      <ymin>142.73</ymin>
      <xmax>445.00</xmax>
      <ymax>196.82</ymax>
    </bndbox>
  </object>
  <object>
    <name>wire</name>
    <pose>Unspecified</pose>
    <truncated>0</truncated>
    <difficult>0</difficult>
    <bndbox>
      <xmin>448.64</xmin>
      <ymin>170.91</ymin>
      <xmax>485.91</xmax>
      <ymax>185.00</ymax>
    </bndbox>
  </object>
  <object>
    <name>wire</name>
    <pose>Unspecified</pose>
    <truncated>0</truncated>
    <difficult>0</difficult>
    <bndbox>
      <xmin>410.00</xmin>
      <ymin>10.00</ymin>
      <xmax>533.64</xmax>
      <ymax>95.91</ymax>
    </bndbox>
  </object>
  <object>
    <name>toilet</name>
    <pose>Unspecified</pose>
    <truncated>0</truncated>
    <difficult>0</difficult>
    <bndbox>
      <xmin>232.73</xmin>
      <ymin>0.91</ymin>
      <xmax>430.91</xmax>
      <ymax>190.00</ymax>
    </bndbox>
  </object>
</annotation>