<?xml version="1.0" encoding="UTF-8" ?>
<annotation>
  <folder>RGB100W_542500000789_116451497160450585.jpg</folder>
  <filename>RGB100W_542500000789_116451497160450585.jpg</filename>
  <path>http://172.18.39.209:9000/aliimages1999999980/RGB100W_542500000789_116451497160450585.jpg</path>
  <source>
    <database>Unknown</database>
  </source>
  <size>
    <width>640</width>
    <height>360</height>
    <depth>0</depth>
  </size>
  <segmented>0</segmented>
  <object>
    <name>toilet</name>
    <pose>Unspecified</pose>
    <truncated>0</truncated>
    <difficult>0</difficult>
    <bndbox>
      <xmin>365.00</xmin>
      <ymin>7.73</ymin>
      <xmax>563.64</xmax>
      <ymax>175.91</ymax>
    </bndbox>
  </object>
</annotation>