<?xml version="1.0" encoding="UTF-8" ?>
<annotation>
  <folder>RGB200W_29984_99999775_116446092948930833.jpg</folder>
  <filename>RGB200W_29984_99999775_116446092948930833.jpg</filename>
  <path>http://172.18.39.209:9000/aliimages1999999996/RGB200W_29984_99999775_116446092948930833.jpg</path>
  <source>
    <database>Unknown</database>
  </source>
  <size>
    <width>642</width>
    <height>362</height>
    <depth>0</depth>
  </size>
  <segmented>0</segmented>
  <object>
    <name>toilet</name>
    <pose>Unspecified</pose>
    <truncated>0</truncated>
    <difficult>0</difficult>
    <bndbox>
      <xmin>83.64</xmin>
      <ymin>73.64</ymin>
      <xmax>240.91</xmax>
      <ymax>225.91</ymax>
    </bndbox>
  </object>
</annotation>