<?xml version="1.0" encoding="UTF-8" ?>
<annotation>
  <folder>2021121602</folder>
  <filename>RGB200W_29984CRL30V00066215_1637329882_3849.jpg</filename>
  <path>http://172.18.39.209:9000/aliimages/2021121602/RGB200W_29984CRL30V00066215_1637329882_3849.jpg</path>
  <source>
    <database>Unknown</database>
  </source>
  <size>
    <width>642</width>
    <height>362</height>
    <depth>0</depth>
  </size>
  <segmented>0</segmented>
  <object>
    <name>toilet</name>
    <pose>Unspecified</pose>
    <truncated>0</truncated>
    <difficult>0</difficult>
    <bndbox>
      <xmin>71.36</xmin>
      <ymin>0.00</ymin>
      <xmax>300.45</xmax>
      <ymax>248.64</ymax>
    </bndbox>
  </object>
</annotation>