<?xml version="1.0" encoding="UTF-8" ?>
<annotation>
  <folder>RGB200W_202006292025_116445847899142484.jpg</folder>
  <filename>RGB200W_202006292025_116445847899142484.jpg</filename>
  <path>http://172.18.39.209:9000/aliimages1999999984/RGB200W_202006292025_116445847899142484.jpg</path>
  <source>
    <database>Unknown</database>
  </source>
  <size>
    <width>642</width>
    <height>361</height>
    <depth>0</depth>
  </size>
  <segmented>0</segmented>
  <object>
    <name>toilet</name>
    <pose>Unspecified</pose>
    <truncated>0</truncated>
    <difficult>0</difficult>
    <bndbox>
      <xmin>0.00</xmin>
      <ymin>86.36</ymin>
      <xmax>138.64</xmax>
      <ymax>191.36</ymax>
    </bndbox>
  </object>
</annotation>