<?xml version="1.0" encoding="UTF-8" ?>
<annotation>
  <folder>RGB200W_2998499999314_116444815977523243.jpg</folder>
  <filename>RGB200W_2998499999314_116444815977523243.jpg</filename>
  <path>http://172.18.39.209:9000/aliimages1999999982/RGB200W_2998499999314_116444815977523243.jpg</path>
  <source>
    <database>Unknown</database>
  </source>
  <size>
    <width>642</width>
    <height>362</height>
    <depth>0</depth>
  </size>
  <segmented>0</segmented>
  <object>
    <name>toilet</name>
    <pose>Unspecified</pose>
    <truncated>0</truncated>
    <difficult>0</difficult>
    <bndbox>
      <xmin>376.82</xmin>
      <ymin>60.00</ymin>
      <xmax>612.73</xmax>
      <ymax>235.00</ymax>
    </bndbox>
  </object>
</annotation>