<?xml version="1.0" encoding="UTF-8" ?>
<annotation>
  <folder>RGB200W_29984CRL30V00061919_116444915540776073.jpg</folder>
  <filename>RGB200W_29984CRL30V00061919_116444915540776073.jpg</filename>
  <path>http://172.18.39.209:9000/aliimages1999999979/RGB200W_29984CRL30V00061919_116444915540776073.jpg</path>
  <source>
    <database>Unknown</database>
  </source>
  <size>
    <width>642</width>
    <height>362</height>
    <depth>0</depth>
  </size>
  <segmented>0</segmented>
  <object>
    <name>slipper</name>
    <pose>Unspecified</pose>
    <truncated>0</truncated>
    <difficult>0</difficult>
    <bndbox>
      <xmin>0.91</xmin>
      <ymin>142.73</ymin>
      <xmax>216.82</xmax>
      <ymax>333.64</ymax>
    </bndbox>
  </object>
  <object>
    <name>toilet</name>
    <pose>Unspecified</pose>
    <truncated>0</truncated>
    <difficult>0</difficult>
    <bndbox>
      <xmin>572.73</xmin>
      <ymin>115.00</ymin>
      <xmax>641.82</xmax>
      <ymax>220.00</ymax>
    </bndbox>
  </object>
</annotation>