<?xml version="1.0" encoding="UTF-8" ?>
<annotation>
  <folder>RGB200W_2998499999810_20201225143350.jpg</folder>
  <filename>RGB200W_2998499999810_20201225143350.jpg</filename>
  <path>http://172.18.39.209:9000/aliimages1999999990/RGB200W_2998499999810_20201225143350.jpg</path>
  <source>
    <database>Unknown</database>
  </source>
  <size>
    <width>642</width>
    <height>362</height>
    <depth>0</depth>
  </size>
  <segmented>0</segmented>
  <object>
    <name>wire</name>
    <pose>Unspecified</pose>
    <truncated>0</truncated>
    <difficult>0</difficult>
    <bndbox>
      <xmin>465.91</xmin>
      <ymin>0.91</ymin>
      <xmax>508.64</xmax>
      <ymax>77.73</ymax>
    </bndbox>
  </object>
  <object>
    <name>toilet</name>
    <pose>Unspecified</pose>
    <truncated>0</truncated>
    <difficult>0</difficult>
    <bndbox>
      <xmin>412.73</xmin>
      <ymin>128.64</ymin>
      <xmax>503.64</xmax>
      <ymax>218.64</ymax>
    </bndbox>
  </object>
  <object>
    <name>washing_machine</name>
    <pose>Unspecified</pose>
    <truncated>0</truncated>
    <difficult>0</difficult>
    <bndbox>
      <xmin>475.91</xmin>
      <ymin>0.91</ymin>
      <xmax>640.91</xmax>
      <ymax>228.64</ymax>
    </bndbox>
  </object>
  <object>
    <name>dirt</name>
    <pose>Unspecified</pose>
    <truncated>0</truncated>
    <difficult>0</difficult>
    <bndbox>
      <xmin>202.73</xmin>
      <ymin>268.64</ymin>
      <xmax>458.64</xmax>
      <ymax>347.73</ymax>
    </bndbox>
  </object>
</annotation>