<?xml version="1.0" encoding="UTF-8" ?>
<annotation>
  <folder>RGB200W_277985919_116448274960603937.jpg</folder>
  <filename>RGB200W_277985919_116448274960603937.jpg</filename>
  <path>http://172.18.39.209:9000/aliimages1999999984/RGB200W_277985919_116448274960603937.jpg</path>
  <source>
    <database>Unknown</database>
  </source>
  <size>
    <width>642</width>
    <height>361</height>
    <depth>0</depth>
  </size>
  <segmented>0</segmented>
  <object>
    <name>toilet</name>
    <pose>Unspecified</pose>
    <truncated>0</truncated>
    <difficult>0</difficult>
    <bndbox>
      <xmin>161.36</xmin>
      <ymin>62.27</ymin>
      <xmax>273.18</xmax>
      <ymax>235.00</ymax>
    </bndbox>
  </object>
</annotation>