<?xml version="1.0" encoding="UTF-8" ?>
<annotation>
  <folder>RGB200W_010102104221020_116445452110266295.jpg</folder>
  <filename>RGB200W_010102104221020_116445452110266295.jpg</filename>
  <path>http://172.18.39.209:9000/aliimages1999999986/RGB200W_010102104221020_116445452110266295.jpg</path>
  <source>
    <database>Unknown</database>
  </source>
  <size>
    <width>642</width>
    <height>362</height>
    <depth>0</depth>
  </size>
  <segmented>0</segmented>
  <object>
    <name>toilet</name>
    <pose>Unspecified</pose>
    <truncated>0</truncated>
    <difficult>0</difficult>
    <bndbox>
      <xmin>468.64</xmin>
      <ymin>82.73</ymin>
      <xmax>557.73</xmax>
      <ymax>202.73</ymax>
    </bndbox>
  </object>
</annotation>