<?xml version="1.0" encoding="UTF-8" ?>
<annotation>
  <folder>RGB200W_29984CRL30V00061919_116444752139295087.jpg</folder>
  <filename>RGB200W_29984CRL30V00061919_116444752139295087.jpg</filename>
  <path>http://172.18.39.209:9000/aliimages1999999979/RGB200W_29984CRL30V00061919_116444752139295087.jpg</path>
  <source>
    <database>Unknown</database>
  </source>
  <size>
    <width>642</width>
    <height>362</height>
    <depth>0</depth>
  </size>
  <segmented>0</segmented>
  <object>
    <name>dining_table</name>
    <pose>Unspecified</pose>
    <truncated>0</truncated>
    <difficult>0</difficult>
    <bndbox>
      <xmin>375.00</xmin>
      <ymin>40.91</ymin>
      <xmax>641.82</xmax>
      <ymax>215.91</ymax>
    </bndbox>
  </object>
  <object>
    <name>toilet</name>
    <pose>Unspecified</pose>
    <truncated>0</truncated>
    <difficult>0</difficult>
    <bndbox>
      <xmin>135.91</xmin>
      <ymin>108.64</ymin>
      <xmax>181.82</xmax>
      <ymax>205.91</ymax>
    </bndbox>
  </object>
</annotation>