<?xml version="1.0" encoding="UTF-8" ?>
<annotation>
  <folder>2021121501</folder>
  <filename>RGB200W_29984CRL30V00018410_1637285655_14800.jpg</filename>
  <path>http://172.18.39.209:9000/aliimages/2021121501/RGB200W_29984CRL30V00018410_1637285655_14800.jpg</path>
  <source>
    <database>Unknown</database>
  </source>
  <size>
    <width>642</width>
    <height>362</height>
    <depth>0</depth>
  </size>
  <segmented>0</segmented>
  <object>
    <name>shoe</name>
    <pose>Unspecified</pose>
    <truncated>0</truncated>
    <difficult>0</difficult>
    <bndbox>
      <xmin>477.73</xmin>
      <ymin>191.82</ymin>
      <xmax>537.73</xmax>
      <ymax>211.82</ymax>
    </bndbox>
  </object>
  <object>
    <name>toilet</name>
    <pose>Unspecified</pose>
    <truncated>0</truncated>
    <difficult>0</difficult>
    <bndbox>
      <xmin>305.00</xmin>
      <ymin>80.00</ymin>
      <xmax>430.00</xmax>
      <ymax>215.45</ymax>
    </bndbox>
  </object>
</annotation>