<?xml version="1.0" encoding="UTF-8" ?>
<annotation>
  <folder>RGB200W_010102104301124_116446128995900266.jpg</folder>
  <filename>RGB200W_010102104301124_116446128995900266.jpg</filename>
  <path>http://172.18.39.209:9000/aliimages1999999986/RGB200W_010102104301124_116446128995900266.jpg</path>
  <source>
    <database>Unknown</database>
  </source>
  <size>
    <width>642</width>
    <height>362</height>
    <depth>0</depth>
  </size>
  <segmented>0</segmented>
  <object>
    <name>toilet</name>
    <pose>Unspecified</pose>
    <truncated>0</truncated>
    <difficult>0</difficult>
    <bndbox>
      <xmin>355.91</xmin>
      <ymin>150.91</ymin>
      <xmax>417.73</xmax>
      <ymax>222.73</ymax>
    </bndbox>
  </object>
  <object>
    <name>wire</name>
    <pose>Unspecified</pose>
    <truncated>0</truncated>
    <difficult>0</difficult>
    <bndbox>
      <xmin>241.82</xmin>
      <ymin>26.82</ymin>
      <xmax>317.73</xmax>
      <ymax>160.91</ymax>
    </bndbox>
  </object>
</annotation>