<?xml version="1.0" encoding="UTF-8" ?>
<annotation>
  <folder>RGB200W_29984_99999309_116445238868716395.jpg</folder>
  <filename>RGB200W_29984_99999309_116445238868716395.jpg</filename>
  <path>http://172.18.39.209:9000/aliimages1999999982/RGB200W_29984_99999309_116445238868716395.jpg</path>
  <source>
    <database>Unknown</database>
  </source>
  <size>
    <width>642</width>
    <height>362</height>
    <depth>0</depth>
  </size>
  <segmented>0</segmented>
  <object>
    <name>door_anno</name>
    <pose>Unspecified</pose>
    <truncated>0</truncated>
    <difficult>0</difficult>
    <bndbox>
      <xmin>311.82</xmin>
      <ymin>0.91</ymin>
      <xmax>641.82</xmax>
      <ymax>330.00</ymax>
    </bndbox>
  </object>
  <object>
    <name>toilet</name>
    <pose>Unspecified</pose>
    <truncated>0</truncated>
    <difficult>0</difficult>
    <bndbox>
      <xmin>45.91</xmin>
      <ymin>116.82</ymin>
      <xmax>171.82</xmax>
      <ymax>236.82</ymax>
    </bndbox>
  </object>
</annotation>