<?xml version="1.0" encoding="UTF-8" ?>
<annotation>
  <folder>2021123102</folder>
  <filename>RGB200W_29984CRL30V00056343_1637576969_8437.jpg</filename>
  <path>http://172.18.39.209:9000/aliimages/2021123102/RGB200W_29984CRL30V00056343_1637576969_8437.jpg</path>
  <source>
    <database>Unknown</database>
  </source>
  <size>
    <width>642</width>
    <height>362</height>
    <depth>0</depth>
  </size>
  <segmented>0</segmented>
  <object>
    <name>toilet</name>
    <pose>Unspecified</pose>
    <truncated>0</truncated>
    <difficult>0</difficult>
    <bndbox>
      <xmin>515.00</xmin>
      <ymin>61.36</ymin>
      <xmax>612.27</xmax>
      <ymax>207.73</ymax>
    </bndbox>
  </object>
  <object>
    <name>door_sill</name>
    <pose>Unspecified</pose>
    <truncated>0</truncated>
    <difficult>0</difficult>
    <bndbox>
      <xmin>185.91</xmin>
      <ymin>201.82</ymin>
      <xmax>637.27</xmax>
      <ymax>350.45</ymax>
    </bndbox>
  </object>
</annotation>