<?xml version="1.0" encoding="UTF-8" ?>
<annotation>
  <folder>2021123102</folder>
  <filename>RGB200W_29984CRL30V00056343_1637575519_1514.jpg</filename>
  <path>http://172.18.39.209:9000/aliimages/2021123102/RGB200W_29984CRL30V00056343_1637575519_1514.jpg</path>
  <source>
    <database>Unknown</database>
  </source>
  <size>
    <width>642</width>
    <height>362</height>
    <depth>0</depth>
  </size>
  <segmented>0</segmented>
  <object>
    <name>dining_table1</name>
    <pose>Unspecified</pose>
    <truncated>0</truncated>
    <difficult>0</difficult>
    <bndbox>
      <xmin>237.73</xmin>
      <ymin>4.55</ymin>
      <xmax>639.09</xmax>
      <ymax>275.91</ymax>
    </bndbox>
  </object>
  <object>
    <name>toilet</name>
    <pose>Unspecified</pose>
    <truncated>0</truncated>
    <difficult>0</difficult>
    <bndbox>
      <xmin>162.27</xmin>
      <ymin>135.45</ymin>
      <xmax>196.36</xmax>
      <ymax>204.55</ymax>
    </bndbox>
  </object>
</annotation>