<?xml version="1.0" encoding="UTF-8" ?>
<annotation>
  <folder>2021123102</folder>
  <filename>RGB200W_29984CRL30V00056343_1637576250_5018.jpg</filename>
  <path>http://172.18.39.209:9000/aliimages/2021123102/RGB200W_29984CRL30V00056343_1637576250_5018.jpg</path>
  <source>
    <database>Unknown</database>
  </source>
  <size>
    <width>642</width>
    <height>362</height>
    <depth>0</depth>
  </size>
  <segmented>0</segmented>
  <object>
    <name>toilet</name>
    <pose>Unspecified</pose>
    <truncated>0</truncated>
    <difficult>0</difficult>
    <bndbox>
      <xmin>438.18</xmin>
      <ymin>133.64</ymin>
      <xmax>485.00</xmax>
      <ymax>208.64</ymax>
    </bndbox>
  </object>
</annotation>