<?xml version="1.0" encoding="UTF-8" ?>
<annotation>
  <folder>RGB200W_29984CRL30V00067034_116445225855526516.jpg</folder>
  <filename>RGB200W_29984CRL30V00067034_116445225855526516.jpg</filename>
  <path>http://172.18.39.209:9000/aliimages1999999979/RGB200W_29984CRL30V00067034_116445225855526516.jpg</path>
  <source>
    <database>Unknown</database>
  </source>
  <size>
    <width>642</width>
    <height>362</height>
    <depth>0</depth>
  </size>
  <segmented>0</segmented>
  <object>
    <name>toilet</name>
    <pose>Unspecified</pose>
    <truncated>0</truncated>
    <difficult>0</difficult>
    <bndbox>
      <xmin>571.82</xmin>
      <ymin>76.82</ymin>
      <xmax>641.82</xmax>
      <ymax>230.91</ymax>
    </bndbox>
  </object>
  <object>
    <name>cupboard</name>
    <pose>Unspecified</pose>
    <truncated>0</truncated>
    <difficult>0</difficult>
    <bndbox>
      <xmin>168.64</xmin>
      <ymin>0.91</ymin>
      <xmax>405.91</xmax>
      <ymax>238.64</ymax>
    </bndbox>
  </object>
</annotation>