<?xml version="1.0" encoding="UTF-8" ?>
<annotation>
  <folder>2021121501</folder>
  <filename>RGB200W_29984CRL30V00018410_1637285759_15270.jpg</filename>
  <path>http://172.18.39.209:9000/aliimages/2021121501/RGB200W_29984CRL30V00018410_1637285759_15270.jpg</path>
  <source>
    <database>Unknown</database>
  </source>
  <size>
    <width>642</width>
    <height>362</height>
    <depth>0</depth>
  </size>
  <segmented>0</segmented>
  <object>
    <name>door_sill</name>
    <pose>Unspecified</pose>
    <truncated>0</truncated>
    <difficult>0</difficult>
    <bndbox>
      <xmin>70.91</xmin>
      <ymin>234.55</ymin>
      <xmax>266.82</xmax>
      <ymax>361.36</ymax>
    </bndbox>
  </object>
  <object>
    <name>door_anno</name>
    <pose>Unspecified</pose>
    <truncated>0</truncated>
    <difficult>0</difficult>
    <bndbox>
      <xmin>216.82</xmin>
      <ymin>1.36</ymin>
      <xmax>423.18</xmax>
      <ymax>229.55</ymax>
    </bndbox>
  </object>
  <object>
    <name>toilet</name>
    <pose>Unspecified</pose>
    <truncated>0</truncated>
    <difficult>0</difficult>
    <bndbox>
      <xmin>496.82</xmin>
      <ymin>96.82</ymin>
      <xmax>635.45</xmax>
      <ymax>216.36</ymax>
    </bndbox>
  </object>
  <object>
    <name>plastic_stool</name>
    <pose>Unspecified</pose>
    <truncated>0</truncated>
    <difficult>0</difficult>
    <bndbox>
      <xmin>442.27</xmin>
      <ymin>173.18</ymin>
      <xmax>499.09</xmax>
      <ymax>215.45</ymax>
    </bndbox>
  </object>
</annotation>