<?xml version="1.0" encoding="UTF-8" ?>
<annotation>
  <folder>RGB200W_2998499999810_20201225143409.jpg</folder>
  <filename>RGB200W_2998499999810_20201225143409.jpg</filename>
  <path>http://172.18.39.209:9000/aliimages1999999996/RGB200W_2998499999810_20201225143409.jpg</path>
  <source>
    <database>Unknown</database>
  </source>
  <size>
    <width>642</width>
    <height>362</height>
    <depth>0</depth>
  </size>
  <segmented>0</segmented>
  <object>
    <name>dirt</name>
    <pose>Unspecified</pose>
    <truncated>0</truncated>
    <difficult>0</difficult>
    <bndbox>
      <xmin>331.82</xmin>
      <ymin>291.82</ymin>
      <xmax>597.73</xmax>
      <ymax>361.82</ymax>
    </bndbox>
  </object>
  <object>
    <name>washing_machine</name>
    <pose>Unspecified</pose>
    <truncated>0</truncated>
    <difficult>0</difficult>
    <bndbox>
      <xmin>430.91</xmin>
      <ymin>0.91</ymin>
      <xmax>641.82</xmax>
      <ymax>227.73</ymax>
    </bndbox>
  </object>
  <object>
    <name>toilet</name>
    <pose>Unspecified</pose>
    <truncated>0</truncated>
    <difficult>0</difficult>
    <bndbox>
      <xmin>365.91</xmin>
      <ymin>140.91</ymin>
      <xmax>447.73</xmax>
      <ymax>220.91</ymax>
    </bndbox>
  </object>
</annotation>