<?xml version="1.0" encoding="UTF-8" ?>
<annotation>
  <folder>2021121801</folder>
  <filename>RGB200W_29984CRL30V00067087_1637276516_1049.jpg</filename>
  <path>http://172.18.39.209:9000/aliimages/2021121801/RGB200W_29984CRL30V00067087_1637276516_1049.jpg</path>
  <source>
    <database>Unknown</database>
  </source>
  <size>
    <width>642</width>
    <height>362</height>
    <depth>0</depth>
  </size>
  <segmented>0</segmented>
  <object>
    <name>toilet</name>
    <pose>Unspecified</pose>
    <truncated>0</truncated>
    <difficult>0</difficult>
    <bndbox>
      <xmin>105.45</xmin>
      <ymin>0.00</ymin>
      <xmax>548.64</xmax>
      <ymax>254.09</ymax>
    </bndbox>
  </object>
</annotation>