<?xml version="1.0" encoding="UTF-8" ?>
<annotation>
  <folder>RGB200W_2998499999810_20201225143438.jpg</folder>
  <filename>RGB200W_2998499999810_20201225143438.jpg</filename>
  <path>http://172.18.39.209:9000/aliimages1999999984/RGB200W_2998499999810_20201225143438.jpg</path>
  <source>
    <database>Unknown</database>
  </source>
  <size>
    <width>642</width>
    <height>362</height>
    <depth>0</depth>
  </size>
  <segmented>0</segmented>
  <object>
    <name>wire</name>
    <pose>Unspecified</pose>
    <truncated>0</truncated>
    <difficult>0</difficult>
    <bndbox>
      <xmin>426.82</xmin>
      <ymin>36.82</ymin>
      <xmax>641.82</xmax>
      <ymax>150.00</ymax>
    </bndbox>
  </object>
  <object>
    <name>washing_machine</name>
    <pose>Unspecified</pose>
    <truncated>0</truncated>
    <difficult>0</difficult>
    <bndbox>
      <xmin>285.00</xmin>
      <ymin>0.91</ymin>
      <xmax>436.82</xmax>
      <ymax>221.82</ymax>
    </bndbox>
  </object>
  <object>
    <name>toilet</name>
    <pose>Unspecified</pose>
    <truncated>0</truncated>
    <difficult>0</difficult>
    <bndbox>
      <xmin>210.91</xmin>
      <ymin>136.82</ymin>
      <xmax>285.91</xmax>
      <ymax>215.00</ymax>
    </bndbox>
  </object>
  <object>
    <name>dirt</name>
    <pose>Unspecified</pose>
    <truncated>0</truncated>
    <difficult>0</difficult>
    <bndbox>
      <xmin>346.82</xmin>
      <ymin>268.64</ymin>
      <xmax>535.00</xmax>
      <ymax>361.82</ymax>
    </bndbox>
  </object>
</annotation>