<?xml version="1.0" encoding="UTF-8" ?>
<annotation>
  <folder>RGB200W_2998499999810_20201225141629.jpg</folder>
  <filename>RGB200W_2998499999810_20201225141629.jpg</filename>
  <path>http://172.18.39.209:9000/aliimages1999999990/RGB200W_2998499999810_20201225141629.jpg</path>
  <source>
    <database>Unknown</database>
  </source>
  <size>
    <width>642</width>
    <height>362</height>
    <depth>0</depth>
  </size>
  <segmented>0</segmented>
  <object>
    <name>wire</name>
    <pose>Unspecified</pose>
    <truncated>0</truncated>
    <difficult>0</difficult>
    <bndbox>
      <xmin>443.64</xmin>
      <ymin>16.82</ymin>
      <xmax>595.00</xmax>
      <ymax>107.73</ymax>
    </bndbox>
  </object>
  <object>
    <name>washing_machine</name>
    <pose>Unspecified</pose>
    <truncated>0</truncated>
    <difficult>0</difficult>
    <bndbox>
      <xmin>302.73</xmin>
      <ymin>0.91</ymin>
      <xmax>470.91</xmax>
      <ymax>222.73</ymax>
    </bndbox>
  </object>
  <object>
    <name>toilet</name>
    <pose>Unspecified</pose>
    <truncated>0</truncated>
    <difficult>0</difficult>
    <bndbox>
      <xmin>242.73</xmin>
      <ymin>141.82</ymin>
      <xmax>305.91</xmax>
      <ymax>215.00</ymax>
    </bndbox>
  </object>
  <object>
    <name>dirt</name>
    <pose>Unspecified</pose>
    <truncated>0</truncated>
    <difficult>0</difficult>
    <bndbox>
      <xmin>75.91</xmin>
      <ymin>280.00</ymin>
      <xmax>221.82</xmax>
      <ymax>320.91</ymax>
    </bndbox>
  </object>
</annotation>