<?xml version="1.0" encoding="UTF-8" ?>
<annotation>
  <folder>RGB200W_202006292025_116445867577513202.jpg</folder>
  <filename>RGB200W_202006292025_116445867577513202.jpg</filename>
  <path>http://172.18.39.209:9000/aliimages1999999990/RGB200W_202006292025_116445867577513202.jpg</path>
  <source>
    <database>Unknown</database>
  </source>
  <size>
    <width>642</width>
    <height>361</height>
    <depth>0</depth>
  </size>
  <segmented>0</segmented>
  <object>
    <name>toilet</name>
    <pose>Unspecified</pose>
    <truncated>0</truncated>
    <difficult>0</difficult>
    <bndbox>
      <xmin>201.36</xmin>
      <ymin>114.09</ymin>
      <xmax>285.45</xmax>
      <ymax>186.82</ymax>
    </bndbox>
  </object>
  <object>
    <name>wire</name>
    <pose>Unspecified</pose>
    <truncated>0</truncated>
    <difficult>0</difficult>
    <bndbox>
      <xmin>257.73</xmin>
      <ymin>186.82</ymin>
      <xmax>401.82</xmax>
      <ymax>204.55</ymax>
    </bndbox>
  </object>
  <object>
    <name>wire</name>
    <pose>Unspecified</pose>
    <truncated>0</truncated>
    <difficult>0</difficult>
    <bndbox>
      <xmin>0.00</xmin>
      <ymin>191.82</ymin>
      <xmax>228.18</xmax>
      <ymax>210.91</ymax>
    </bndbox>
  </object>
</annotation>