<?xml version="1.0" encoding="UTF-8" ?>
<annotation>
  <folder>RGB200W_010102104221011_116449908000761283.jpg</folder>
  <filename>RGB200W_010102104221011_116449908000761283.jpg</filename>
  <path>http://172.18.39.209:9000/aliimages1999999986/RGB200W_010102104221011_116449908000761283.jpg</path>
  <source>
    <database>Unknown</database>
  </source>
  <size>
    <width>642</width>
    <height>362</height>
    <depth>0</depth>
  </size>
  <segmented>0</segmented>
  <object>
    <name>door_anno</name>
    <pose>Unspecified</pose>
    <truncated>0</truncated>
    <difficult>0</difficult>
    <bndbox>
      <xmin>392.73</xmin>
      <ymin>0.91</ymin>
      <xmax>641.82</xmax>
      <ymax>250.91</ymax>
    </bndbox>
  </object>
  <object>
    <name>toilet</name>
    <pose>Unspecified</pose>
    <truncated>0</truncated>
    <difficult>0</difficult>
    <bndbox>
      <xmin>163.64</xmin>
      <ymin>45.91</ymin>
      <xmax>285.91</xmax>
      <ymax>226.82</ymax>
    </bndbox>
  </object>
</annotation>