<?xml version="1.0" encoding="UTF-8" ?>
<annotation>
  <folder>RGB200W_010102104221014_116445932744666800.jpg</folder>
  <filename>RGB200W_010102104221014_116445932744666800.jpg</filename>
  <path>http://172.18.39.209:9000/aliimages1999999986/RGB200W_010102104221014_116445932744666800.jpg</path>
  <source>
    <database>Unknown</database>
  </source>
  <size>
    <width>642</width>
    <height>362</height>
    <depth>0</depth>
  </size>
  <segmented>0</segmented>
  <object>
    <name>toilet</name>
    <pose>Unspecified</pose>
    <truncated>0</truncated>
    <difficult>0</difficult>
    <bndbox>
      <xmin>357.73</xmin>
      <ymin>132.73</ymin>
      <xmax>403.64</xmax>
      <ymax>225.00</ymax>
    </bndbox>
  </object>
</annotation>