<?xml version="1.0" encoding="UTF-8" ?>
<annotation>
  <folder>RGB200W_29984_99999421_116446009805890683.jpg</folder>
  <filename>RGB200W_29984_99999421_116446009805890683.jpg</filename>
  <path>http://172.18.39.209:9000/aliimages1999999982/RGB200W_29984_99999421_116446009805890683.jpg</path>
  <source>
    <database>Unknown</database>
  </source>
  <size>
    <width>642</width>
    <height>362</height>
    <depth>0</depth>
  </size>
  <segmented>0</segmented>
  <object>
    <name>door_anno</name>
    <pose>Unspecified</pose>
    <truncated>0</truncated>
    <difficult>0</difficult>
    <bndbox>
      <xmin>241.82</xmin>
      <ymin>0.91</ymin>
      <xmax>481.82</xmax>
      <ymax>232.73</ymax>
    </bndbox>
  </object>
  <object>
    <name>toilet</name>
    <pose>Unspecified</pose>
    <truncated>0</truncated>
    <difficult>0</difficult>
    <bndbox>
      <xmin>326.82</xmin>
      <ymin>130.91</ymin>
      <xmax>385.91</xmax>
      <ymax>220.91</ymax>
    </bndbox>
  </object>
  <object>
    <name>shoe</name>
    <pose>Unspecified</pose>
    <truncated>0</truncated>
    <difficult>0</difficult>
    <bndbox>
      <xmin>511.82</xmin>
      <ymin>96.82</ymin>
      <xmax>630.91</xmax>
      <ymax>200.91</ymax>
    </bndbox>
  </object>
  <object>
    <name>shoe</name>
    <pose>Unspecified</pose>
    <truncated>0</truncated>
    <difficult>0</difficult>
    <bndbox>
      <xmin>575.00</xmin>
      <ymin>5.00</ymin>
      <xmax>641.82</xmax>
      <ymax>81.82</ymax>
    </bndbox>
  </object>
  <object>
    <name>shoe</name>
    <pose>Unspecified</pose>
    <truncated>0</truncated>
    <difficult>0</difficult>
    <bndbox>
      <xmin>486.82</xmin>
      <ymin>17.73</ymin>
      <xmax>585.00</xmax>
      <ymax>128.64</ymax>
    </bndbox>
  </object>
</annotation>