<?xml version="1.0" encoding="UTF-8" ?>
<annotation>
  <folder>RGB200W_010102104221011_116445754830745784.jpg</folder>
  <filename>RGB200W_010102104221011_116445754830745784.jpg</filename>
  <path>http://172.18.39.209:9000/aliimages1999999986/RGB200W_010102104221011_116445754830745784.jpg</path>
  <source>
    <database>Unknown</database>
  </source>
  <size>
    <width>642</width>
    <height>362</height>
    <depth>0</depth>
  </size>
  <segmented>0</segmented>
  <object>
    <name>toilet</name>
    <pose>Unspecified</pose>
    <truncated>0</truncated>
    <difficult>0</difficult>
    <bndbox>
      <xmin>16.82</xmin>
      <ymin>66.82</ymin>
      <xmax>195.91</xmax>
      <ymax>230.91</ymax>
    </bndbox>
  </object>
  <object>
    <name>door_anno</name>
    <pose>Unspecified</pose>
    <truncated>0</truncated>
    <difficult>0</difficult>
    <bndbox>
      <xmin>363.64</xmin>
      <ymin>0.91</ymin>
      <xmax>641.82</xmax>
      <ymax>257.73</ymax>
    </bndbox>
  </object>
</annotation>