<?xml version="1.0" encoding="UTF-8" ?>
<annotation>
  <folder>RGB200W_29984_99999559_116446261106158283.jpg</folder>
  <filename>RGB200W_29984_99999559_116446261106158283.jpg</filename>
  <path>http://172.18.39.209:9000/aliimages1999999990/RGB200W_29984_99999559_116446261106158283.jpg</path>
  <source>
    <database>Unknown</database>
  </source>
  <size>
    <width>642</width>
    <height>362</height>
    <depth>0</depth>
  </size>
  <segmented>0</segmented>
  <object>
    <name>bed</name>
    <pose>Unspecified</pose>
    <truncated>0</truncated>
    <difficult>0</difficult>
    <bndbox>
      <xmin>385.00</xmin>
      <ymin>106.82</ymin>
      <xmax>568.64</xmax>
      <ymax>235.91</ymax>
    </bndbox>
  </object>
  <object>
    <name>toilet</name>
    <pose>Unspecified</pose>
    <truncated>0</truncated>
    <difficult>0</difficult>
    <bndbox>
      <xmin>166.82</xmin>
      <ymin>143.64</ymin>
      <xmax>208.64</xmax>
      <ymax>222.73</ymax>
    </bndbox>
  </object>
</annotation>