<?xml version="1.0" encoding="UTF-8" ?>
<annotation>
  <folder>RGB200W_29984_99999368_116446764291657899.jpg</folder>
  <filename>RGB200W_29984_99999368_116446764291657899.jpg</filename>
  <path>http://172.18.39.209:9000/aliimages1999999990/RGB200W_29984_99999368_116446764291657899.jpg</path>
  <source>
    <database>Unknown</database>
  </source>
  <size>
    <width>642</width>
    <height>362</height>
    <depth>0</depth>
  </size>
  <segmented>0</segmented>
  <object>
    <name>toilet</name>
    <pose>Unspecified</pose>
    <truncated>0</truncated>
    <difficult>0</difficult>
    <bndbox>
      <xmin>456.82</xmin>
      <ymin>102.73</ymin>
      <xmax>553.64</xmax>
      <ymax>215.00</ymax>
    </bndbox>
  </object>
</annotation>