<?xml version="1.0" encoding="UTF-8" ?>
<annotation>
  <folder>RGB200W_29984_99999775_116444872959768563.jpg</folder>
  <filename>RGB200W_29984_99999775_116444872959768563.jpg</filename>
  <path>http://172.18.39.209:9000/aliimages1999999996/RGB200W_29984_99999775_116444872959768563.jpg</path>
  <source>
    <database>Unknown</database>
  </source>
  <size>
    <width>642</width>
    <height>362</height>
    <depth>0</depth>
  </size>
  <segmented>0</segmented>
  <object>
    <name>toilet</name>
    <pose>Unspecified</pose>
    <truncated>0</truncated>
    <difficult>0</difficult>
    <bndbox>
      <xmin>178.64</xmin>
      <ymin>3.64</ymin>
      <xmax>397.73</xmax>
      <ymax>228.64</ymax>
    </bndbox>
  </object>
  <object>
    <name>washing_machine</name>
    <pose>Unspecified</pose>
    <truncated>0</truncated>
    <difficult>0</difficult>
    <bndbox>
      <xmin>0.91</xmin>
      <ymin>8.64</ymin>
      <xmax>180.00</xmax>
      <ymax>220.91</ymax>
    </bndbox>
  </object>
</annotation>