<?xml version="1.0" encoding="UTF-8" ?>
<annotation>
  <folder>RGB200W_29984_99999416_116445349766349192.jpg</folder>
  <filename>RGB200W_29984_99999416_116445349766349192.jpg</filename>
  <path>http://172.18.39.209:9000/aliimages1999999990/RGB200W_29984_99999416_116445349766349192.jpg</path>
  <source>
    <database>Unknown</database>
  </source>
  <size>
    <width>642</width>
    <height>362</height>
    <depth>0</depth>
  </size>
  <segmented>0</segmented>
  <object>
    <name>door_anno</name>
    <pose>Unspecified</pose>
    <truncated>0</truncated>
    <difficult>0</difficult>
    <bndbox>
      <xmin>385.00</xmin>
      <ymin>0.91</ymin>
      <xmax>505.91</xmax>
      <ymax>220.00</ymax>
    </bndbox>
  </object>
  <object>
    <name>toilet</name>
    <pose>Unspecified</pose>
    <truncated>0</truncated>
    <difficult>0</difficult>
    <bndbox>
      <xmin>320.00</xmin>
      <ymin>157.73</ymin>
      <xmax>353.64</xmax>
      <ymax>216.82</ymax>
    </bndbox>
  </object>
  <object>
    <name>door_anno</name>
    <pose>Unspecified</pose>
    <truncated>0</truncated>
    <difficult>0</difficult>
    <bndbox>
      <xmin>550.00</xmin>
      <ymin>0.91</ymin>
      <xmax>637.73</xmax>
      <ymax>231.82</ymax>
    </bndbox>
  </object>
</annotation>