<?xml version="1.0" encoding="UTF-8" ?>
<annotation>
  <folder>2021123102</folder>
  <filename>RGB200W_29984CRL30V00056343_1637575231_109.jpg</filename>
  <path>http://172.18.39.209:9000/aliimages/2021123102/RGB200W_29984CRL30V00056343_1637575231_109.jpg</path>
  <source>
    <database>Unknown</database>
  </source>
  <size>
    <width>642</width>
    <height>362</height>
    <depth>0</depth>
  </size>
  <segmented>0</segmented>
  <object>
    <name>metal_chair_foot</name>
    <pose>Unspecified</pose>
    <truncated>0</truncated>
    <difficult>0</difficult>
    <bndbox>
      <xmin>12.27</xmin>
      <ymin>185.00</ymin>
      <xmax>95.91</xmax>
      <ymax>212.27</ymax>
    </bndbox>
  </object>
  <object>
    <name>charger</name>
    <pose>Unspecified</pose>
    <truncated>0</truncated>
    <difficult>0</difficult>
    <bndbox>
      <xmin>373.64</xmin>
      <ymin>193.18</ymin>
      <xmax>402.73</xmax>
      <ymax>211.36</ymax>
    </bndbox>
  </object>
  <object>
    <name>wire</name>
    <pose>Unspecified</pose>
    <truncated>0</truncated>
    <difficult>0</difficult>
    <bndbox>
      <xmin>362.27</xmin>
      <ymin>140.00</ymin>
      <xmax>410.45</xmax>
      <ymax>208.64</ymax>
    </bndbox>
  </object>
  <object>
    <name>sofa</name>
    <pose>Unspecified</pose>
    <truncated>0</truncated>
    <difficult>0</difficult>
    <bndbox>
      <xmin>127.27</xmin>
      <ymin>95.91</ymin>
      <xmax>368.64</xmax>
      <ymax>213.64</ymax>
    </bndbox>
  </object>
  <object>
    <name>toilet</name>
    <pose>Unspecified</pose>
    <truncated>0</truncated>
    <difficult>0</difficult>
    <bndbox>
      <xmin>549.55</xmin>
      <ymin>142.73</ymin>
      <xmax>581.82</xmax>
      <ymax>201.36</ymax>
    </bndbox>
  </object>
  <object>
    <name>trash_can</name>
    <pose>Unspecified</pose>
    <truncated>0</truncated>
    <difficult>0</difficult>
    <bndbox>
      <xmin>570.00</xmin>
      <ymin>157.27</ymin>
      <xmax>610.91</xmax>
      <ymax>201.82</ymax>
    </bndbox>
  </object>
  <object>
    <name>door_sill</name>
    <pose>Unspecified</pose>
    <truncated>0</truncated>
    <difficult>0</difficult>
    <bndbox>
      <xmin>531.36</xmin>
      <ymin>197.27</ymin>
      <xmax>638.18</xmax>
      <ymax>210.00</ymax>
    </bndbox>
  </object>
</annotation>