<?xml version="1.0" encoding="UTF-8" ?>
<annotation>
  <folder>RGB200W_202006292027_116444756037564198.jpg</folder>
  <filename>RGB200W_202006292027_116444756037564198.jpg</filename>
  <path>http://172.18.39.209:9000/aliimages1999999990/RGB200W_202006292027_116444756037564198.jpg</path>
  <source>
    <database>Unknown</database>
  </source>
  <size>
    <width>642</width>
    <height>361</height>
    <depth>0</depth>
  </size>
  <segmented>0</segmented>
  <object>
    <name>washing_machine</name>
    <pose>Unspecified</pose>
    <truncated>0</truncated>
    <difficult>0</difficult>
    <bndbox>
      <xmin>41.36</xmin>
      <ymin>0.45</ymin>
      <xmax>240.00</xmax>
      <ymax>210.91</ymax>
    </bndbox>
  </object>
  <object>
    <name>toilet</name>
    <pose>Unspecified</pose>
    <truncated>0</truncated>
    <difficult>0</difficult>
    <bndbox>
      <xmin>274.09</xmin>
      <ymin>108.64</ymin>
      <xmax>293.18</xmax>
      <ymax>181.82</ymax>
    </bndbox>
  </object>
</annotation>