<?xml version="1.0" encoding="UTF-8" ?>
<annotation>
  <folder>2021121601</folder>
  <filename>RGB200W_29984CRL30V00065502_1637311535_1375.jpg</filename>
  <path>http://172.18.39.209:9000/aliimages/2021121601/RGB200W_29984CRL30V00065502_1637311535_1375.jpg</path>
  <source>
    <database>Unknown</database>
  </source>
  <size>
    <width>642</width>
    <height>362</height>
    <depth>0</depth>
  </size>
  <segmented>0</segmented>
  <object>
    <name>plastic_stool</name>
    <pose>Unspecified</pose>
    <truncated>0</truncated>
    <difficult>0</difficult>
    <bndbox>
      <xmin>1.82</xmin>
      <ymin>121.36</ymin>
      <xmax>114.09</xmax>
      <ymax>199.09</ymax>
    </bndbox>
  </object>
  <object>
    <name>trash_can</name>
    <pose>Unspecified</pose>
    <truncated>0</truncated>
    <difficult>0</difficult>
    <bndbox>
      <xmin>156.82</xmin>
      <ymin>135.45</ymin>
      <xmax>208.64</xmax>
      <ymax>193.18</ymax>
    </bndbox>
  </object>
  <object>
    <name>toilet</name>
    <pose>Unspecified</pose>
    <truncated>0</truncated>
    <difficult>0</difficult>
    <bndbox>
      <xmin>60.00</xmin>
      <ymin>44.55</ymin>
      <xmax>152.27</xmax>
      <ymax>194.09</ymax>
    </bndbox>
  </object>
</annotation>