<?xml version="1.0" encoding="UTF-8" ?>
<annotation>
  <folder>RGB200W_2998499999810_20201225135226.jpg</folder>
  <filename>RGB200W_2998499999810_20201225135226.jpg</filename>
  <path>http://172.18.39.209:9000/aliimages1999999996/RGB200W_2998499999810_20201225135226.jpg</path>
  <source>
    <database>Unknown</database>
  </source>
  <size>
    <width>642</width>
    <height>362</height>
    <depth>0</depth>
  </size>
  <segmented>0</segmented>
  <object>
    <name>dirt</name>
    <pose>Unspecified</pose>
    <truncated>0</truncated>
    <difficult>0</difficult>
    <bndbox>
      <xmin>0.91</xmin>
      <ymin>280.00</ymin>
      <xmax>150.00</xmax>
      <ymax>325.00</ymax>
    </bndbox>
  </object>
  <object>
    <name>toilet</name>
    <pose>Unspecified</pose>
    <truncated>0</truncated>
    <difficult>0</difficult>
    <bndbox>
      <xmin>221.82</xmin>
      <ymin>140.00</ymin>
      <xmax>285.00</xmax>
      <ymax>215.91</ymax>
    </bndbox>
  </object>
  <object>
    <name>washing_machine</name>
    <pose>Unspecified</pose>
    <truncated>0</truncated>
    <difficult>0</difficult>
    <bndbox>
      <xmin>281.82</xmin>
      <ymin>0.91</ymin>
      <xmax>440.91</xmax>
      <ymax>220.91</ymax>
    </bndbox>
  </object>
  <object>
    <name>wire</name>
    <pose>Unspecified</pose>
    <truncated>0</truncated>
    <difficult>0</difficult>
    <bndbox>
      <xmin>423.64</xmin>
      <ymin>21.82</ymin>
      <xmax>641.82</xmax>
      <ymax>128.64</ymax>
    </bndbox>
  </object>
</annotation>