<?xml version="1.0" encoding="UTF-8" ?>
<annotation>
  <folder>2021121501</folder>
  <filename>RGB200W_29984CRL30V00018410_1637286616_19157.jpg</filename>
  <path>http://172.18.39.209:9000/aliimages/2021121501/RGB200W_29984CRL30V00018410_1637286616_19157.jpg</path>
  <source>
    <database>Unknown</database>
  </source>
  <size>
    <width>642</width>
    <height>362</height>
    <depth>0</depth>
  </size>
  <segmented>0</segmented>
  <object>
    <name>door_anno</name>
    <pose>Unspecified</pose>
    <truncated>0</truncated>
    <difficult>0</difficult>
    <bndbox>
      <xmin>416.82</xmin>
      <ymin>2.73</ymin>
      <xmax>636.36</xmax>
      <ymax>219.09</ymax>
    </bndbox>
  </object>
  <object>
    <name>washstand</name>
    <pose>Unspecified</pose>
    <truncated>0</truncated>
    <difficult>0</difficult>
    <bndbox>
      <xmin>37.73</xmin>
      <ymin>19.09</ymin>
      <xmax>186.36</xmax>
      <ymax>212.73</ymax>
    </bndbox>
  </object>
  <object>
    <name>toilet</name>
    <pose>Unspecified</pose>
    <truncated>0</truncated>
    <difficult>0</difficult>
    <bndbox>
      <xmin>0.00</xmin>
      <ymin>106.36</ymin>
      <xmax>44.55</xmax>
      <ymax>212.27</ymax>
    </bndbox>
  </object>
</annotation>