<?xml version="1.0" encoding="UTF-8" ?>
<annotation>
  <folder>2021123102</folder>
  <filename>RGB200W_29984CRL30V00056343_1637576969_8440.jpg</filename>
  <path>http://172.18.39.209:9000/aliimages/2021123102/RGB200W_29984CRL30V00056343_1637576969_8440.jpg</path>
  <source>
    <database>Unknown</database>
  </source>
  <size>
    <width>642</width>
    <height>362</height>
    <depth>0</depth>
  </size>
  <segmented>0</segmented>
  <object>
    <name>bed1</name>
    <pose>Unspecified</pose>
    <truncated>0</truncated>
    <difficult>0</difficult>
    <bndbox>
      <xmin>280.45</xmin>
      <ymin>0.00</ymin>
      <xmax>448.18</xmax>
      <ymax>159.55</ymax>
    </bndbox>
  </object>
  <object>
    <name>toilet</name>
    <pose>Unspecified</pose>
    <truncated>0</truncated>
    <difficult>0</difficult>
    <bndbox>
      <xmin>567.27</xmin>
      <ymin>46.82</ymin>
      <xmax>642.27</xmax>
      <ymax>210.00</ymax>
    </bndbox>
  </object>
</annotation>