<?xml version="1.0" encoding="UTF-8" ?>
<annotation>
  <folder>RGB200W_2998499999600_116446582020194786.jpg</folder>
  <filename>RGB200W_2998499999600_116446582020194786.jpg</filename>
  <path>http://172.18.39.209:9000/aliimages1999999990/RGB200W_2998499999600_116446582020194786.jpg</path>
  <source>
    <database>Unknown</database>
  </source>
  <size>
    <width>642</width>
    <height>362</height>
    <depth>0</depth>
  </size>
  <segmented>0</segmented>
  <object>
    <name>blanket</name>
    <pose>Unspecified</pose>
    <truncated>0</truncated>
    <difficult>0</difficult>
    <bndbox>
      <xmin>291.82</xmin>
      <ymin>212.73</ymin>
      <xmax>641.82</xmax>
      <ymax>271.82</ymax>
    </bndbox>
  </object>
  <object>
    <name>toilet</name>
    <pose>Unspecified</pose>
    <truncated>0</truncated>
    <difficult>0</difficult>
    <bndbox>
      <xmin>220.91</xmin>
      <ymin>85.91</ymin>
      <xmax>276.82</xmax>
      <ymax>226.82</ymax>
    </bndbox>
  </object>
  <object>
    <name>door_anno</name>
    <pose>Unspecified</pose>
    <truncated>0</truncated>
    <difficult>0</difficult>
    <bndbox>
      <xmin>346.82</xmin>
      <ymin>0.91</ymin>
      <xmax>641.82</xmax>
      <ymax>237.73</ymax>
    </bndbox>
  </object>
</annotation>