<?xml version="1.0" encoding="UTF-8" ?>
<annotation>
  <folder>RGB200W_29984_99999433_116447167838360264.jpg</folder>
  <filename>RGB200W_29984_99999433_116447167838360264.jpg</filename>
  <path>http://172.18.39.209:9000/aliimages2021122806/RGB200W_29984_99999433_116447167838360264.jpg</path>
  <source>
    <database>Unknown</database>
  </source>
  <size>
    <width>642</width>
    <height>362</height>
    <depth>0</depth>
  </size>
  <segmented>0</segmented>
  <object>
    <name>person_leg</name>
    <pose>Unspecified</pose>
    <truncated>0</truncated>
    <difficult>0</difficult>
    <bndbox>
      <xmin>166.82</xmin>
      <ymin>1.36</ymin>
      <xmax>496.36</xmax>
      <ymax>267.73</ymax>
    </bndbox>
  </object>
  <object>
    <name>slipper</name>
    <pose>Unspecified</pose>
    <truncated>0</truncated>
    <difficult>0</difficult>
    <bndbox>
      <xmin>170.00</xmin>
      <ymin>195.91</ymin>
      <xmax>363.64</xmax>
      <ymax>273.64</ymax>
    </bndbox>
  </object>
  <object>
    <name>toilet</name>
    <pose>Unspecified</pose>
    <truncated>0</truncated>
    <difficult>0</difficult>
    <bndbox>
      <xmin>392.73</xmin>
      <ymin>53.64</ymin>
      <xmax>533.64</xmax>
      <ymax>240.00</ymax>
    </bndbox>
  </object>
</annotation>