<?xml version="1.0" encoding="UTF-8" ?>
<annotation>
  <folder>RGB200W_29984CRL30V00064975_116445483980455450.jpg</folder>
  <filename>RGB200W_29984CRL30V00064975_116445483980455450.jpg</filename>
  <path>http://172.18.39.209:9000/aliimages1999999979/RGB200W_29984CRL30V00064975_116445483980455450.jpg</path>
  <source>
    <database>Unknown</database>
  </source>
  <size>
    <width>642</width>
    <height>362</height>
    <depth>0</depth>
  </size>
  <segmented>0</segmented>
  <object>
    <name>door_anno</name>
    <pose>Unspecified</pose>
    <truncated>0</truncated>
    <difficult>0</difficult>
    <bndbox>
      <xmin>51.82</xmin>
      <ymin>0.91</ymin>
      <xmax>175.91</xmax>
      <ymax>230.00</ymax>
    </bndbox>
  </object>
  <object>
    <name>toilet</name>
    <pose>Unspecified</pose>
    <truncated>0</truncated>
    <difficult>0</difficult>
    <bndbox>
      <xmin>190.00</xmin>
      <ymin>140.91</ymin>
      <xmax>230.00</xmax>
      <ymax>215.91</ymax>
    </bndbox>
  </object>
  <object>
    <name>blanket</name>
    <pose>Unspecified</pose>
    <truncated>0</truncated>
    <difficult>0</difficult>
    <bndbox>
      <xmin>125.91</xmin>
      <ymin>213.64</ymin>
      <xmax>350.91</xmax>
      <ymax>240.91</ymax>
    </bndbox>
  </object>
  <object>
    <name>door_anno</name>
    <pose>Unspecified</pose>
    <truncated>0</truncated>
    <difficult>0</difficult>
    <bndbox>
      <xmin>491.82</xmin>
      <ymin>0.91</ymin>
      <xmax>640.91</xmax>
      <ymax>252.73</ymax>
    </bndbox>
  </object>
</annotation>