<?xml version="1.0" encoding="UTF-8" ?>
<annotation>
  <folder>2021121801</folder>
  <filename>RGB200W_29984CRL30V00067087_1637276498_956.jpg</filename>
  <path>http://172.18.39.209:9000/aliimages/2021121801/RGB200W_29984CRL30V00067087_1637276498_956.jpg</path>
  <source>
    <database>Unknown</database>
  </source>
  <size>
    <width>642</width>
    <height>362</height>
    <depth>0</depth>
  </size>
  <segmented>0</segmented>
  <object>
    <name>toilet</name>
    <pose>Unspecified</pose>
    <truncated>0</truncated>
    <difficult>0</difficult>
    <bndbox>
      <xmin>309.55</xmin>
      <ymin>0.91</ymin>
      <xmax>641.36</xmax>
      <ymax>235.00</ymax>
    </bndbox>
  </object>
  <object>
    <name>person_leg</name>
    <pose>Unspecified</pose>
    <truncated>0</truncated>
    <difficult>0</difficult>
    <bndbox>
      <xmin>240.00</xmin>
      <ymin>105.00</ymin>
      <xmax>280.00</xmax>
      <ymax>216.36</ymax>
    </bndbox>
  </object>
  <object>
    <name>person_leg</name>
    <pose>Unspecified</pose>
    <truncated>0</truncated>
    <difficult>0</difficult>
    <bndbox>
      <xmin>210.00</xmin>
      <ymin>104.09</ymin>
      <xmax>243.18</xmax>
      <ymax>214.55</ymax>
    </bndbox>
  </object>
</annotation>