<?xml version="1.0" encoding="UTF-8" ?>
<annotation>
  <folder>2021121005</folder>
  <filename>RGB200W_29984CRL30V00065753_1637301250_10329.jpg</filename>
  <path>http://172.18.39.209:9000/aliimages/2021121005/RGB200W_29984CRL30V00065753_1637301250_10329.jpg</path>
  <source>
    <database>Unknown</database>
  </source>
  <size>
    <width>642</width>
    <height>362</height>
    <depth>0</depth>
  </size>
  <segmented>0</segmented>
  <object>
    <name>toilet</name>
    <pose>Unspecified</pose>
    <truncated>0</truncated>
    <difficult>0</difficult>
    <bndbox>
      <xmin>87.73</xmin>
      <ymin>97.27</ymin>
      <xmax>203.64</xmax>
      <ymax>223.18</ymax>
    </bndbox>
  </object>
  <object>
    <name>washstand</name>
    <pose>Unspecified</pose>
    <truncated>0</truncated>
    <difficult>0</difficult>
    <bndbox>
      <xmin>332.73</xmin>
      <ymin>50.00</ymin>
      <xmax>463.18</xmax>
      <ymax>170.91</ymax>
    </bndbox>
  </object>
</annotation>