<?xml version="1.0" encoding="UTF-8" ?>
<annotation>
  <folder>RGB200W_CRL9993I202006069999_1594644116386416.jpg</folder>
  <filename>RGB200W_CRL9993I202006069999_1594644116386416.jpg</filename>
  <path>http://172.18.39.209:9000/aliimages1999999990/RGB200W_CRL9993I202006069999_1594644116386416.jpg</path>
  <source>
    <database>Unknown</database>
  </source>
  <size>
    <width>642</width>
    <height>361</height>
    <depth>0</depth>
  </size>
  <segmented>0</segmented>
  <object>
    <name>door_anno</name>
    <pose>Unspecified</pose>
    <truncated>0</truncated>
    <difficult>0</difficult>
    <bndbox>
      <xmin>271.82</xmin>
      <ymin>0.00</ymin>
      <xmax>430.91</xmax>
      <ymax>202.27</ymax>
    </bndbox>
  </object>
  <object>
    <name>toilet</name>
    <pose>Unspecified</pose>
    <truncated>0</truncated>
    <difficult>0</difficult>
    <bndbox>
      <xmin>118.64</xmin>
      <ymin>102.27</ymin>
      <xmax>185.91</xmax>
      <ymax>194.55</ymax>
    </bndbox>
  </object>
</annotation>