<?xml version="1.0" encoding="UTF-8" ?>
<annotation>
  <folder>RGB200W_CRL9993I202006069999_1591690730334678.jpg</folder>
  <filename>RGB200W_CRL9993I202006069999_1591690730334678.jpg</filename>
  <path>http://172.18.39.209:9000/aliimages1999999965/RGB200W_CRL9993I202006069999_1591690730334678.jpg</path>
  <source>
    <database>Unknown</database>
  </source>
  <size>
    <width>642</width>
    <height>361</height>
    <depth>0</depth>
  </size>
  <segmented>0</segmented>
  <object>
    <name>toilet</name>
    <pose>Unspecified</pose>
    <truncated>0</truncated>
    <difficult>0</difficult>
    <bndbox>
      <xmin>115.00</xmin>
      <ymin>140.45</ymin>
      <xmax>161.36</xmax>
      <ymax>210.45</ymax>
    </bndbox>
  </object>
  <object>
    <name>door_anno</name>
    <pose>Unspecified</pose>
    <truncated>0</truncated>
    <difficult>0</difficult>
    <bndbox>
      <xmin>39.55</xmin>
      <ymin>0.00</ymin>
      <xmax>150.45</xmax>
      <ymax>221.36</ymax>
    </bndbox>
  </object>
  <object>
    <name>slipper</name>
    <pose>Unspecified</pose>
    <truncated>0</truncated>
    <difficult>0</difficult>
    <bndbox>
      <xmin>369.09</xmin>
      <ymin>212.27</ymin>
      <xmax>409.09</xmax>
      <ymax>230.45</ymax>
    </bndbox>
  </object>
  <object>
    <name>door_anno</name>
    <pose>Unspecified</pose>
    <truncated>0</truncated>
    <difficult>0</difficult>
    <bndbox>
      <xmin>447.73</xmin>
      <ymin>112.27</ymin>
      <xmax>507.27</xmax>
      <ymax>225.00</ymax>
    </bndbox>
  </object>
  <object>
    <name>washing_machine</name>
    <pose>Unspecified</pose>
    <truncated>0</truncated>
    <difficult>0</difficult>
    <bndbox>
      <xmin>540.00</xmin>
      <ymin>0.00</ymin>
      <xmax>641.82</xmax>
      <ymax>232.27</ymax>
    </bndbox>
  </object>
  <object>
    <name>unknown</name>
    <pose>Unspecified</pose>
    <truncated>0</truncated>
    <difficult>0</difficult>
    <bndbox>
      <xmin>416.36</xmin>
      <ymin>188.64</ymin>
      <xmax>449.55</xmax>
      <ymax>221.36</ymax>
    </bndbox>
  </object>
</annotation>