<?xml version="1.0" encoding="UTF-8" ?>
<annotation>
  <folder>2021121005</folder>
  <filename>RGB200W_29984CRL30V00065753_1637298727_6742.jpg</filename>
  <path>http://172.18.39.209:9000/aliimages/2021121005/RGB200W_29984CRL30V00065753_1637298727_6742.jpg</path>
  <source>
    <database>Unknown</database>
  </source>
  <size>
    <width>642</width>
    <height>362</height>
    <depth>0</depth>
  </size>
  <segmented>0</segmented>
  <object>
    <name>plastic_stool</name>
    <pose>Unspecified</pose>
    <truncated>0</truncated>
    <difficult>0</difficult>
    <bndbox>
      <xmin>505.45</xmin>
      <ymin>138.18</ymin>
      <xmax>569.09</xmax>
      <ymax>202.73</ymax>
    </bndbox>
  </object>
  <object>
    <name>toilet</name>
    <pose>Unspecified</pose>
    <truncated>0</truncated>
    <difficult>0</difficult>
    <bndbox>
      <xmin>259.55</xmin>
      <ymin>68.18</ymin>
      <xmax>370.00</xmax>
      <ymax>223.64</ymax>
    </bndbox>
  </object>
  <object>
    <name>trash_can</name>
    <pose>Unspecified</pose>
    <truncated>0</truncated>
    <difficult>0</difficult>
    <bndbox>
      <xmin>253.64</xmin>
      <ymin>114.09</ymin>
      <xmax>318.64</xmax>
      <ymax>224.55</ymax>
    </bndbox>
  </object>
</annotation>