<?xml version="1.0" encoding="UTF-8" ?>
<annotation>
  <folder>RGB200W_29984CRL30V00066807_116444952551220829.jpg</folder>
  <filename>RGB200W_29984CRL30V00066807_116444952551220829.jpg</filename>
  <path>http://172.18.39.209:9000/aliimages1999999979/RGB200W_29984CRL30V00066807_116444952551220829.jpg</path>
  <source>
    <database>Unknown</database>
  </source>
  <size>
    <width>642</width>
    <height>362</height>
    <depth>0</depth>
  </size>
  <segmented>0</segmented>
  <object>
    <name>blanket</name>
    <pose>Unspecified</pose>
    <truncated>0</truncated>
    <difficult>0</difficult>
    <bndbox>
      <xmin>0.91</xmin>
      <ymin>235.91</ymin>
      <xmax>260.91</xmax>
      <ymax>361.82</ymax>
    </bndbox>
  </object>
  <object>
    <name>washing_machine</name>
    <pose>Unspecified</pose>
    <truncated>0</truncated>
    <difficult>0</difficult>
    <bndbox>
      <xmin>0.91</xmin>
      <ymin>0.91</ymin>
      <xmax>141.82</xmax>
      <ymax>221.82</ymax>
    </bndbox>
  </object>
  <object>
    <name>toilet</name>
    <pose>Unspecified</pose>
    <truncated>0</truncated>
    <difficult>0</difficult>
    <bndbox>
      <xmin>227.73</xmin>
      <ymin>115.91</ymin>
      <xmax>268.64</xmax>
      <ymax>211.82</ymax>
    </bndbox>
  </object>
</annotation>