<?xml version="1.0" encoding="UTF-8" ?>
<annotation>
  <folder>RGB200W_29984_99999764_116444742144497093-227.634_227.775_323.583_186.727_0.278_0.143_-0.177_0.066.jpg</folder>
  <filename>RGB200W_29984_99999764_116444742144497093-227.634_227.775_323.583_186.727_0.278_0.143_-0.177_0.066.jpg</filename>
  <path>http://172.18.39.209:9000/aliimages1999999990/RGB200W_29984_99999764_116444742144497093-227.634_227.775_323.583_186.727_0.278_0.143_-0.177_0.066.jpg</path>
  <source>
    <database>Unknown</database>
  </source>
  <size>
    <width>642</width>
    <height>362</height>
    <depth>0</depth>
  </size>
  <segmented>0</segmented>
  <object>
    <name>toilet</name>
    <pose>Unspecified</pose>
    <truncated>0</truncated>
    <difficult>0</difficult>
    <bndbox>
      <xmin>173.64</xmin>
      <ymin>87.73</ymin>
      <xmax>423.64</xmax>
      <ymax>235.00</ymax>
    </bndbox>
  </object>
</annotation>