<?xml version="1.0" encoding="UTF-8" ?>
<annotation>
  <folder>RGB200W_29984CRL30V00066387_116446263852048603.jpg</folder>
  <filename>RGB200W_29984CRL30V00066387_116446263852048603.jpg</filename>
  <path>http://172.18.39.209:9000/aliimages1999999979/RGB200W_29984CRL30V00066387_116446263852048603.jpg</path>
  <source>
    <database>Unknown</database>
  </source>
  <size>
    <width>642</width>
    <height>362</height>
    <depth>0</depth>
  </size>
  <segmented>0</segmented>
  <object>
    <name>toilet</name>
    <pose>Unspecified</pose>
    <truncated>0</truncated>
    <difficult>0</difficult>
    <bndbox>
      <xmin>470.00</xmin>
      <ymin>80.00</ymin>
      <xmax>565.91</xmax>
      <ymax>217.73</ymax>
    </bndbox>
  </object>
</annotation>