<?xml version="1.0" encoding="UTF-8" ?>
<annotation>
  <folder>RGB200W_CRL9993I202006069999_1594643685311860.jpg</folder>
  <filename>RGB200W_CRL9993I202006069999_1594643685311860.jpg</filename>
  <path>http://172.18.39.209:9000/aliimages1999999990/RGB200W_CRL9993I202006069999_1594643685311860.jpg</path>
  <source>
    <database>Unknown</database>
  </source>
  <size>
    <width>642</width>
    <height>361</height>
    <depth>0</depth>
  </size>
  <segmented>0</segmented>
  <object>
    <name>door_anno</name>
    <pose>Unspecified</pose>
    <truncated>0</truncated>
    <difficult>0</difficult>
    <bndbox>
      <xmin>347.27</xmin>
      <ymin>0.00</ymin>
      <xmax>635.45</xmax>
      <ymax>254.09</ymax>
    </bndbox>
  </object>
  <object>
    <name>toilet</name>
    <pose>Unspecified</pose>
    <truncated>0</truncated>
    <difficult>0</difficult>
    <bndbox>
      <xmin>99.09</xmin>
      <ymin>24.55</ymin>
      <xmax>241.82</xmax>
      <ymax>204.55</ymax>
    </bndbox>
  </object>
</annotation>