<?xml version="1.0" encoding="UTF-8" ?>
<annotation>
  <folder>2021121005</folder>
  <filename>RGB200W_29984CRL30V00065753_1637301851_12918.jpg</filename>
  <path>http://172.18.39.209:9000/aliimages/2021121005/RGB200W_29984CRL30V00065753_1637301851_12918.jpg</path>
  <source>
    <database>Unknown</database>
  </source>
  <size>
    <width>642</width>
    <height>362</height>
    <depth>0</depth>
  </size>
  <segmented>0</segmented>
  <object>
    <name>toilet</name>
    <pose>Unspecified</pose>
    <truncated>0</truncated>
    <difficult>0</difficult>
    <bndbox>
      <xmin>331.82</xmin>
      <ymin>97.27</ymin>
      <xmax>439.55</xmax>
      <ymax>215.91</ymax>
    </bndbox>
  </object>
  <object>
    <name>door_sill</name>
    <pose>Unspecified</pose>
    <truncated>0</truncated>
    <difficult>0</difficult>
    <bndbox>
      <xmin>-0.45</xmin>
      <ymin>211.36</ymin>
      <xmax>174.55</xmax>
      <ymax>223.18</ymax>
    </bndbox>
  </object>
</annotation>