<?xml version="1.0" encoding="UTF-8" ?>
<annotation>
  <folder>RGB200W_2998499999810_20201225142937.jpg</folder>
  <filename>RGB200W_2998499999810_20201225142937.jpg</filename>
  <path>http://172.18.39.209:9000/aliimages1999999984/RGB200W_2998499999810_20201225142937.jpg</path>
  <source>
    <database>Unknown</database>
  </source>
  <size>
    <width>642</width>
    <height>362</height>
    <depth>0</depth>
  </size>
  <segmented>0</segmented>
  <object>
    <name>dirt</name>
    <pose>Unspecified</pose>
    <truncated>0</truncated>
    <difficult>0</difficult>
    <bndbox>
      <xmin>318.64</xmin>
      <ymin>250.91</ymin>
      <xmax>451.82</xmax>
      <ymax>278.64</ymax>
    </bndbox>
  </object>
  <object>
    <name>washing_machine</name>
    <pose>Unspecified</pose>
    <truncated>0</truncated>
    <difficult>0</difficult>
    <bndbox>
      <xmin>421.82</xmin>
      <ymin>0.91</ymin>
      <xmax>641.82</xmax>
      <ymax>226.82</ymax>
    </bndbox>
  </object>
  <object>
    <name>toilet</name>
    <pose>Unspecified</pose>
    <truncated>0</truncated>
    <difficult>0</difficult>
    <bndbox>
      <xmin>365.00</xmin>
      <ymin>145.00</ymin>
      <xmax>438.64</xmax>
      <ymax>215.91</ymax>
    </bndbox>
  </object>
</annotation>