<?xml version="1.0" encoding="UTF-8" ?>
<annotation>
  <folder>RGB200W_29984_99999473_116445961114128217.jpg</folder>
  <filename>RGB200W_29984_99999473_116445961114128217.jpg</filename>
  <path>http://172.18.39.209:9000/aliimages1999999982/RGB200W_29984_99999473_116445961114128217.jpg</path>
  <source>
    <database>Unknown</database>
  </source>
  <size>
    <width>642</width>
    <height>362</height>
    <depth>0</depth>
  </size>
  <segmented>0</segmented>
  <object>
    <name>toilet</name>
    <pose>Unspecified</pose>
    <truncated>0</truncated>
    <difficult>0</difficult>
    <bndbox>
      <xmin>131.82</xmin>
      <ymin>18.64</ymin>
      <xmax>271.82</xmax>
      <ymax>235.00</ymax>
    </bndbox>
  </object>
  <object>
    <name>door_anno</name>
    <pose>Unspecified</pose>
    <truncated>0</truncated>
    <difficult>0</difficult>
    <bndbox>
      <xmin>447.73</xmin>
      <ymin>0.91</ymin>
      <xmax>641.82</xmax>
      <ymax>265.00</ymax>
    </bndbox>
  </object>
</annotation>