<?xml version="1.0" encoding="UTF-8" ?>
<annotation>
  <folder>RGB200W_010102104301118_116446639430898728.jpg</folder>
  <filename>RGB200W_010102104301118_116446639430898728.jpg</filename>
  <path>http://172.18.39.209:9000/aliimages1999999986/RGB200W_010102104301118_116446639430898728.jpg</path>
  <source>
    <database>Unknown</database>
  </source>
  <size>
    <width>642</width>
    <height>362</height>
    <depth>0</depth>
  </size>
  <segmented>0</segmented>
  <object>
    <name>blanket</name>
    <pose>Unspecified</pose>
    <truncated>0</truncated>
    <difficult>0</difficult>
    <bndbox>
      <xmin>193.64</xmin>
      <ymin>207.73</ymin>
      <xmax>395.91</xmax>
      <ymax>231.82</ymax>
    </bndbox>
  </object>
  <object>
    <name>toilet</name>
    <pose>Unspecified</pose>
    <truncated>0</truncated>
    <difficult>0</difficult>
    <bndbox>
      <xmin>398.64</xmin>
      <ymin>0.91</ymin>
      <xmax>546.82</xmax>
      <ymax>223.64</ymax>
    </bndbox>
  </object>
</annotation>