<?xml version="1.0" encoding="UTF-8" ?>
<annotation>
  <folder>RGB200W_29984CRL30V00066664_116444746905784339.jpg</folder>
  <filename>RGB200W_29984CRL30V00066664_116444746905784339.jpg</filename>
  <path>http://172.18.39.209:9000/aliimages1999999979/RGB200W_29984CRL30V00066664_116444746905784339.jpg</path>
  <source>
    <database>Unknown</database>
  </source>
  <size>
    <width>642</width>
    <height>362</height>
    <depth>0</depth>
  </size>
  <segmented>0</segmented>
  <object>
    <name>toilet</name>
    <pose>Unspecified</pose>
    <truncated>0</truncated>
    <difficult>0</difficult>
    <bndbox>
      <xmin>378.64</xmin>
      <ymin>7.73</ymin>
      <xmax>532.73</xmax>
      <ymax>233.64</ymax>
    </bndbox>
  </object>
</annotation>