<?xml version="1.0" encoding="UTF-8" ?>
<annotation>
  <folder>RGB200W_29984CRL30V00000162_116444768499553487.jpg</folder>
  <filename>RGB200W_29984CRL30V00000162_116444768499553487.jpg</filename>
  <path>http://172.18.39.209:9000/aliimages1999999984/RGB200W_29984CRL30V00000162_116444768499553487.jpg</path>
  <source>
    <database>Unknown</database>
  </source>
  <size>
    <width>642</width>
    <height>362</height>
    <depth>0</depth>
  </size>
  <segmented>0</segmented>
  <object>
    <name>washing_machine</name>
    <pose>Unspecified</pose>
    <truncated>0</truncated>
    <difficult>0</difficult>
    <bndbox>
      <xmin>210.00</xmin>
      <ymin>7.73</ymin>
      <xmax>366.82</xmax>
      <ymax>221.82</ymax>
    </bndbox>
  </object>
  <object>
    <name>toilet</name>
    <pose>Unspecified</pose>
    <truncated>0</truncated>
    <difficult>0</difficult>
    <bndbox>
      <xmin>473.64</xmin>
      <ymin>80.00</ymin>
      <xmax>641.82</xmax>
      <ymax>226.82</ymax>
    </bndbox>
  </object>
  <object>
    <name>wire</name>
    <pose>Unspecified</pose>
    <truncated>0</truncated>
    <difficult>0</difficult>
    <bndbox>
      <xmin>325.91</xmin>
      <ymin>8.64</ymin>
      <xmax>375.00</xmax>
      <ymax>73.64</ymax>
    </bndbox>
  </object>
</annotation>