<?xml version="1.0" encoding="UTF-8" ?>
<annotation>
  <folder>RGB200W_010102104301127_116444819194609064.jpg</folder>
  <filename>RGB200W_010102104301127_116444819194609064.jpg</filename>
  <path>http://172.18.39.209:9000/aliimages1999999986/RGB200W_010102104301127_116444819194609064.jpg</path>
  <source>
    <database>Unknown</database>
  </source>
  <size>
    <width>642</width>
    <height>362</height>
    <depth>0</depth>
  </size>
  <segmented>0</segmented>
  <object>
    <name>wire</name>
    <pose>Unspecified</pose>
    <truncated>0</truncated>
    <difficult>0</difficult>
    <bndbox>
      <xmin>523.64</xmin>
      <ymin>182.73</ymin>
      <xmax>533.64</xmax>
      <ymax>208.64</ymax>
    </bndbox>
  </object>
  <object>
    <name>toilet</name>
    <pose>Unspecified</pose>
    <truncated>0</truncated>
    <difficult>0</difficult>
    <bndbox>
      <xmin>180.00</xmin>
      <ymin>167.73</ymin>
      <xmax>211.82</xmax>
      <ymax>216.82</ymax>
    </bndbox>
  </object>
  <object>
    <name>door_anno</name>
    <pose>Unspecified</pose>
    <truncated>0</truncated>
    <difficult>0</difficult>
    <bndbox>
      <xmin>143.64</xmin>
      <ymin>45.00</ymin>
      <xmax>181.82</xmax>
      <ymax>206.82</ymax>
    </bndbox>
  </object>
</annotation>