<?xml version="1.0" encoding="UTF-8" ?>
<annotation>
  <folder>RGB200W_277985919_116444807957538114.jpg</folder>
  <filename>RGB200W_277985919_116444807957538114.jpg</filename>
  <path>http://172.18.39.209:9000/aliimages1999999990/RGB200W_277985919_116444807957538114.jpg</path>
  <source>
    <database>Unknown</database>
  </source>
  <size>
    <width>642</width>
    <height>361</height>
    <depth>0</depth>
  </size>
  <segmented>0</segmented>
  <object>
    <name>door_anno</name>
    <pose>Unspecified</pose>
    <truncated>0</truncated>
    <difficult>0</difficult>
    <bndbox>
      <xmin>460.00</xmin>
      <ymin>0.00</ymin>
      <xmax>641.82</xmax>
      <ymax>326.36</ymax>
    </bndbox>
  </object>
  <object>
    <name>toilet</name>
    <pose>Unspecified</pose>
    <truncated>0</truncated>
    <difficult>0</difficult>
    <bndbox>
      <xmin>353.18</xmin>
      <ymin>215.00</ymin>
      <xmax>373.18</xmax>
      <ymax>243.64</ymax>
    </bndbox>
  </object>
</annotation>