<?xml version="1.0" encoding="UTF-8" ?>
<annotation>
  <folder>RGB200W_29984_99999962_116444894639475575-230.136_230.113_322.971_199.640_0.296_0.109_-0.139_0.049.jpg</folder>
  <filename>RGB200W_29984_99999962_116444894639475575-230.136_230.113_322.971_199.640_0.296_0.109_-0.139_0.049.jpg</filename>
  <path>http://172.18.39.209:9000/aliimages1999999982/RGB200W_29984_99999962_116444894639475575-230.136_230.113_322.971_199.640_0.296_0.109_-0.139_0.049.jpg</path>
  <source>
    <database>Unknown</database>
  </source>
  <size>
    <width>642</width>
    <height>362</height>
    <depth>0</depth>
  </size>
  <segmented>0</segmented>
  <object>
    <name>toilet</name>
    <pose>Unspecified</pose>
    <truncated>0</truncated>
    <difficult>0</difficult>
    <bndbox>
      <xmin>356.82</xmin>
      <ymin>62.73</ymin>
      <xmax>530.91</xmax>
      <ymax>200.00</ymax>
    </bndbox>
  </object>
</annotation>