<?xml version="1.0" encoding="UTF-8" ?>
<annotation>
  <folder>2021121501</folder>
  <filename>RGB200W_29984CRL30V00018410_1637286357_17981.jpg</filename>
  <path>http://172.18.39.209:9000/aliimages/2021121501/RGB200W_29984CRL30V00018410_1637286357_17981.jpg</path>
  <source>
    <database>Unknown</database>
  </source>
  <size>
    <width>642</width>
    <height>362</height>
    <depth>0</depth>
  </size>
  <segmented>0</segmented>
  <object>
    <name>toilet</name>
    <pose>Unspecified</pose>
    <truncated>0</truncated>
    <difficult>0</difficult>
    <bndbox>
      <xmin>0.45</xmin>
      <ymin>100.91</ymin>
      <xmax>91.82</xmax>
      <ymax>222.73</ymax>
    </bndbox>
  </object>
  <object>
    <name>chair_base</name>
    <pose>Unspecified</pose>
    <truncated>0</truncated>
    <difficult>0</difficult>
    <bndbox>
      <xmin>21.82</xmin>
      <ymin>160.00</ymin>
      <xmax>136.82</xmax>
      <ymax>223.18</ymax>
    </bndbox>
  </object>
  <object>
    <name>dining_table</name>
    <pose>Unspecified</pose>
    <truncated>0</truncated>
    <difficult>0</difficult>
    <bndbox>
      <xmin>508.18</xmin>
      <ymin>123.64</ymin>
      <xmax>604.55</xmax>
      <ymax>208.18</ymax>
    </bndbox>
  </object>
  <object>
    <name>door_sill</name>
    <pose>Unspecified</pose>
    <truncated>0</truncated>
    <difficult>0</difficult>
    <bndbox>
      <xmin>1.82</xmin>
      <ymin>230.91</ymin>
      <xmax>312.73</xmax>
      <ymax>360.91</ymax>
    </bndbox>
  </object>
</annotation>