<?xml version="1.0" encoding="UTF-8" ?>
<annotation>
  <folder>2021121501</folder>
  <filename>RGB200W_29984CRL30V00018410_1637289902_8574.jpg</filename>
  <path>http://172.18.39.209:9000/aliimages/2021121501/RGB200W_29984CRL30V00018410_1637289902_8574.jpg</path>
  <source>
    <database>Unknown</database>
  </source>
  <size>
    <width>642</width>
    <height>362</height>
    <depth>0</depth>
  </size>
  <segmented>0</segmented>
  <object>
    <name>toilet</name>
    <pose>Unspecified</pose>
    <truncated>0</truncated>
    <difficult>0</difficult>
    <bndbox>
      <xmin>585.91</xmin>
      <ymin>100.00</ymin>
      <xmax>641.36</xmax>
      <ymax>209.09</ymax>
    </bndbox>
  </object>
  <object>
    <name>blanket</name>
    <pose>Unspecified</pose>
    <truncated>0</truncated>
    <difficult>0</difficult>
    <bndbox>
      <xmin>0.00</xmin>
      <ymin>210.00</ymin>
      <xmax>641.82</xmax>
      <ymax>361.36</ymax>
    </bndbox>
  </object>
  <object>
    <name>weight_scale</name>
    <pose>Unspecified</pose>
    <truncated>0</truncated>
    <difficult>0</difficult>
    <bndbox>
      <xmin>240.00</xmin>
      <ymin>196.36</ymin>
      <xmax>359.55</xmax>
      <ymax>216.82</ymax>
    </bndbox>
  </object>
  <object>
    <name>door_anno</name>
    <pose>Unspecified</pose>
    <truncated>0</truncated>
    <difficult>0</difficult>
    <bndbox>
      <xmin>167.73</xmin>
      <ymin>0.45</ymin>
      <xmax>242.27</xmax>
      <ymax>201.36</ymax>
    </bndbox>
  </object>
</annotation>