<?xml version="1.0" encoding="UTF-8" ?>
<annotation>
  <folder>RGB200W_202006292025_116445848900432769.jpg</folder>
  <filename>RGB200W_202006292025_116445848900432769.jpg</filename>
  <path>http://172.18.39.209:9000/aliimages1999999990/RGB200W_202006292025_116445848900432769.jpg</path>
  <source>
    <database>Unknown</database>
  </source>
  <size>
    <width>642</width>
    <height>361</height>
    <depth>0</depth>
  </size>
  <segmented>0</segmented>
  <object>
    <name>toilet</name>
    <pose>Unspecified</pose>
    <truncated>0</truncated>
    <difficult>0</difficult>
    <bndbox>
      <xmin>585.45</xmin>
      <ymin>86.36</ymin>
      <xmax>641.82</xmax>
      <ymax>186.36</ymax>
    </bndbox>
  </object>
</annotation>