<?xml version="1.0" encoding="UTF-8" ?>
<annotation>
  <folder>RGB200W_2998499999810_20201225145949.jpg</folder>
  <filename>RGB200W_2998499999810_20201225145949.jpg</filename>
  <path>http://172.18.39.209:9000/aliimages1999999990/RGB200W_2998499999810_20201225145949.jpg</path>
  <source>
    <database>Unknown</database>
  </source>
  <size>
    <width>642</width>
    <height>362</height>
    <depth>0</depth>
  </size>
  <segmented>0</segmented>
  <object>
    <name>dirt</name>
    <pose>Unspecified</pose>
    <truncated>0</truncated>
    <difficult>0</difficult>
    <bndbox>
      <xmin>306.82</xmin>
      <ymin>235.91</ymin>
      <xmax>332.73</xmax>
      <ymax>243.64</ymax>
    </bndbox>
  </object>
  <object>
    <name>dirt</name>
    <pose>Unspecified</pose>
    <truncated>0</truncated>
    <difficult>0</difficult>
    <bndbox>
      <xmin>317.73</xmin>
      <ymin>232.73</ymin>
      <xmax>328.64</xmax>
      <ymax>235.91</ymax>
    </bndbox>
  </object>
  <object>
    <name>dirt</name>
    <pose>Unspecified</pose>
    <truncated>0</truncated>
    <difficult>0</difficult>
    <bndbox>
      <xmin>280.00</xmin>
      <ymin>235.00</ymin>
      <xmax>297.73</xmax>
      <ymax>240.00</ymax>
    </bndbox>
  </object>
  <object>
    <name>dirt</name>
    <pose>Unspecified</pose>
    <truncated>0</truncated>
    <difficult>0</difficult>
    <bndbox>
      <xmin>253.64</xmin>
      <ymin>238.64</ymin>
      <xmax>277.73</xmax>
      <ymax>245.00</ymax>
    </bndbox>
  </object>
  <object>
    <name>dirt</name>
    <pose>Unspecified</pose>
    <truncated>0</truncated>
    <difficult>0</difficult>
    <bndbox>
      <xmin>338.64</xmin>
      <ymin>233.64</ymin>
      <xmax>355.00</xmax>
      <ymax>236.82</ymax>
    </bndbox>
  </object>
  <object>
    <name>toilet</name>
    <pose>Unspecified</pose>
    <truncated>0</truncated>
    <difficult>0</difficult>
    <bndbox>
      <xmin>436.82</xmin>
      <ymin>72.73</ymin>
      <xmax>603.64</xmax>
      <ymax>230.00</ymax>
    </bndbox>
  </object>
</annotation>