<?xml version="1.0" encoding="UTF-8" ?>
<annotation>
  <folder>RGB200W_202006292027_116444746600629098.jpg</folder>
  <filename>RGB200W_202006292027_116444746600629098.jpg</filename>
  <path>http://172.18.39.209:9000/aliimages1999999990/RGB200W_202006292027_116444746600629098.jpg</path>
  <source>
    <database>Unknown</database>
  </source>
  <size>
    <width>642</width>
    <height>361</height>
    <depth>0</depth>
  </size>
  <segmented>0</segmented>
  <object>
    <name>washing_machine1</name>
    <pose>Unspecified</pose>
    <truncated>0</truncated>
    <difficult>0</difficult>
    <bndbox>
      <xmin>0.91</xmin>
      <ymin>0.00</ymin>
      <xmax>129.55</xmax>
      <ymax>225.45</ymax>
    </bndbox>
  </object>
  <object>
    <name>toilet</name>
    <pose>Unspecified</pose>
    <truncated>0</truncated>
    <difficult>0</difficult>
    <bndbox>
      <xmin>219.09</xmin>
      <ymin>76.82</ymin>
      <xmax>264.09</xmax>
      <ymax>171.82</ymax>
    </bndbox>
  </object>
</annotation>