<?xml version="1.0" encoding="UTF-8" ?>
<annotation>
  <folder>2021121801</folder>
  <filename>RGB200W_29984CRL30V00067087_1637276505_991.jpg</filename>
  <path>http://172.18.39.209:9000/aliimages/2021121801/RGB200W_29984CRL30V00067087_1637276505_991.jpg</path>
  <source>
    <database>Unknown</database>
  </source>
  <size>
    <width>642</width>
    <height>362</height>
    <depth>0</depth>
  </size>
  <segmented>0</segmented>
  <object>
    <name>slipper</name>
    <pose>Unspecified</pose>
    <truncated>0</truncated>
    <difficult>0</difficult>
    <bndbox>
      <xmin>181.82</xmin>
      <ymin>200.00</ymin>
      <xmax>210.00</xmax>
      <ymax>216.36</ymax>
    </bndbox>
  </object>
  <object>
    <name>slipper</name>
    <pose>Unspecified</pose>
    <truncated>0</truncated>
    <difficult>0</difficult>
    <bndbox>
      <xmin>146.36</xmin>
      <ymin>195.91</ymin>
      <xmax>179.09</xmax>
      <ymax>219.09</ymax>
    </bndbox>
  </object>
  <object>
    <name>toilet</name>
    <pose>Unspecified</pose>
    <truncated>0</truncated>
    <difficult>0</difficult>
    <bndbox>
      <xmin>248.64</xmin>
      <ymin>14.09</ymin>
      <xmax>488.64</xmax>
      <ymax>233.64</ymax>
    </bndbox>
  </object>
</annotation>