<?xml version="1.0" encoding="UTF-8" ?>
<annotation>
  <folder>RGB200W_CRL9993I202006069999_1591691414044757.jpg</folder>
  <filename>RGB200W_CRL9993I202006069999_1591691414044757.jpg</filename>
  <path>http://172.18.39.209:9000/aliimages1999999990/RGB200W_CRL9993I202006069999_1591691414044757.jpg</path>
  <source>
    <database>Unknown</database>
  </source>
  <size>
    <width>642</width>
    <height>361</height>
    <depth>0</depth>
  </size>
  <segmented>0</segmented>
  <object>
    <name>toilet</name>
    <pose>Unspecified</pose>
    <truncated>0</truncated>
    <difficult>0</difficult>
    <bndbox>
      <xmin>299.55</xmin>
      <ymin>74.09</ymin>
      <xmax>366.36</xmax>
      <ymax>216.82</ymax>
    </bndbox>
  </object>
</annotation>