<?xml version="1.0" encoding="UTF-8" ?>
<annotation>
  <folder>2021121501</folder>
  <filename>RGB200W_29984CRL30V00018410_1637289910_8612.jpg</filename>
  <path>http://172.18.39.209:9000/aliimages/2021121501/RGB200W_29984CRL30V00018410_1637289910_8612.jpg</path>
  <source>
    <database>Unknown</database>
  </source>
  <size>
    <width>642</width>
    <height>362</height>
    <depth>0</depth>
  </size>
  <segmented>0</segmented>
  <object>
    <name>blanket</name>
    <pose>Unspecified</pose>
    <truncated>0</truncated>
    <difficult>0</difficult>
    <bndbox>
      <xmin>0.91</xmin>
      <ymin>233.64</ymin>
      <xmax>641.36</xmax>
      <ymax>360.91</ymax>
    </bndbox>
  </object>
  <object>
    <name>toilet</name>
    <pose>Unspecified</pose>
    <truncated>0</truncated>
    <difficult>0</difficult>
    <bndbox>
      <xmin>309.09</xmin>
      <ymin>137.73</ymin>
      <xmax>371.82</xmax>
      <ymax>208.64</ymax>
    </bndbox>
  </object>
  <object>
    <name>door_anno</name>
    <pose>Unspecified</pose>
    <truncated>0</truncated>
    <difficult>0</difficult>
    <bndbox>
      <xmin>391.36</xmin>
      <ymin>-0.45</ymin>
      <xmax>641.36</xmax>
      <ymax>227.27</ymax>
    </bndbox>
  </object>
</annotation>