<?xml version="1.0" encoding="UTF-8" ?>
<annotation>
  <folder>RGB200W_010102104301129_116448032703598718.jpg</folder>
  <filename>RGB200W_010102104301129_116448032703598718.jpg</filename>
  <path>http://172.18.39.209:9000/aliimages1999999986/RGB200W_010102104301129_116448032703598718.jpg</path>
  <source>
    <database>Unknown</database>
  </source>
  <size>
    <width>642</width>
    <height>362</height>
    <depth>0</depth>
  </size>
  <segmented>0</segmented>
  <object>
    <name>toilet</name>
    <pose>Unspecified</pose>
    <truncated>0</truncated>
    <difficult>0</difficult>
    <bndbox>
      <xmin>407.73</xmin>
      <ymin>141.82</ymin>
      <xmax>433.64</xmax>
      <ymax>206.82</ymax>
    </bndbox>
  </object>
  <object>
    <name>blanket</name>
    <pose>Unspecified</pose>
    <truncated>0</truncated>
    <difficult>0</difficult>
    <bndbox>
      <xmin>375.91</xmin>
      <ymin>200.91</ymin>
      <xmax>436.82</xmax>
      <ymax>216.82</ymax>
    </bndbox>
  </object>
</annotation>