<?xml version="1.0" encoding="UTF-8" ?>
<annotation>
  <folder>2021121501</folder>
  <filename>RGB200W_29984CRL30V00018410_1637290873_12904.jpg</filename>
  <path>http://172.18.39.209:9000/aliimages/2021121501/RGB200W_29984CRL30V00018410_1637290873_12904.jpg</path>
  <source>
    <database>Unknown</database>
  </source>
  <size>
    <width>642</width>
    <height>362</height>
    <depth>0</depth>
  </size>
  <segmented>0</segmented>
  <object>
    <name>toilet_part</name>
    <pose>Unspecified</pose>
    <truncated>0</truncated>
    <difficult>0</difficult>
    <bndbox>
      <xmin>550.00</xmin>
      <ymin>90.00</ymin>
      <xmax>642.73</xmax>
      <ymax>213.18</ymax>
    </bndbox>
  </object>
  <object>
    <name>door_anno_part</name>
    <pose>Unspecified</pose>
    <truncated>0</truncated>
    <difficult>0</difficult>
    <bndbox>
      <xmin>170.45</xmin>
      <ymin>0.45</ymin>
      <xmax>481.82</xmax>
      <ymax>234.09</ymax>
    </bndbox>
  </object>
</annotation>