<?xml version="1.0" encoding="UTF-8" ?>
<annotation>
  <folder>RGB200W_CRL9993I202006069999_1594645692070390.jpg</folder>
  <filename>RGB200W_CRL9993I202006069999_1594645692070390.jpg</filename>
  <path>http://172.18.39.209:9000/aliimages1999999990/RGB200W_CRL9993I202006069999_1594645692070390.jpg</path>
  <source>
    <database>Unknown</database>
  </source>
  <size>
    <width>642</width>
    <height>361</height>
    <depth>0</depth>
  </size>
  <segmented>0</segmented>
  <object>
    <name>shoe</name>
    <pose>Unspecified</pose>
    <truncated>0</truncated>
    <difficult>0</difficult>
    <bndbox>
      <xmin>77.27</xmin>
      <ymin>146.36</ymin>
      <xmax>145.00</xmax>
      <ymax>202.27</ymax>
    </bndbox>
  </object>
  <object>
    <name>shoe</name>
    <pose>Unspecified</pose>
    <truncated>0</truncated>
    <difficult>0</difficult>
    <bndbox>
      <xmin>133.18</xmin>
      <ymin>150.45</ymin>
      <xmax>168.18</xmax>
      <ymax>198.64</ymax>
    </bndbox>
  </object>
  <object>
    <name>shoe</name>
    <pose>Unspecified</pose>
    <truncated>0</truncated>
    <difficult>0</difficult>
    <bndbox>
      <xmin>176.82</xmin>
      <ymin>174.09</ymin>
      <xmax>237.27</xmax>
      <ymax>199.55</ymax>
    </bndbox>
  </object>
  <object>
    <name>shoe</name>
    <pose>Unspecified</pose>
    <truncated>0</truncated>
    <difficult>0</difficult>
    <bndbox>
      <xmin>156.82</xmin>
      <ymin>140.91</ymin>
      <xmax>190.00</xmax>
      <ymax>199.09</ymax>
    </bndbox>
  </object>
  <object>
    <name>toilet</name>
    <pose>Unspecified</pose>
    <truncated>0</truncated>
    <difficult>0</difficult>
    <bndbox>
      <xmin>393.18</xmin>
      <ymin>0.00</ymin>
      <xmax>575.91</xmax>
      <ymax>195.91</ymax>
    </bndbox>
  </object>
</annotation>