<?xml version="1.0" encoding="UTF-8" ?>
<annotation>
  <folder>RGB200W_29984CRL30V00067416_116446240668151521.jpg</folder>
  <filename>RGB200W_29984CRL30V00067416_116446240668151521.jpg</filename>
  <path>http://172.18.39.209:9000/aliimages1999999979/RGB200W_29984CRL30V00067416_116446240668151521.jpg</path>
  <source>
    <database>Unknown</database>
  </source>
  <size>
    <width>642</width>
    <height>362</height>
    <depth>0</depth>
  </size>
  <segmented>0</segmented>
  <object>
    <name>toilet</name>
    <pose>Unspecified</pose>
    <truncated>0</truncated>
    <difficult>0</difficult>
    <bndbox>
      <xmin>281.82</xmin>
      <ymin>157.73</ymin>
      <xmax>317.73</xmax>
      <ymax>221.82</ymax>
    </bndbox>
  </object>
  <object>
    <name>bed1</name>
    <pose>Unspecified</pose>
    <truncated>0</truncated>
    <difficult>0</difficult>
    <bndbox>
      <xmin>492.73</xmin>
      <ymin>166.82</ymin>
      <xmax>605.00</xmax>
      <ymax>215.91</ymax>
    </bndbox>
  </object>
</annotation>