<?xml version="1.0" encoding="UTF-8" ?>
<annotation>
  <folder>2021121801</folder>
  <filename>RGB200W_29984CRL30V00067087_1637276498_957.jpg</filename>
  <path>http://172.18.39.209:9000/aliimages/2021121801/RGB200W_29984CRL30V00067087_1637276498_957.jpg</path>
  <source>
    <database>Unknown</database>
  </source>
  <size>
    <width>642</width>
    <height>362</height>
    <depth>0</depth>
  </size>
  <segmented>0</segmented>
  <object>
    <name>shoe</name>
    <pose>Unspecified</pose>
    <truncated>0</truncated>
    <difficult>0</difficult>
    <bndbox>
      <xmin>227.73</xmin>
      <ymin>198.18</ymin>
      <xmax>266.36</xmax>
      <ymax>219.09</ymax>
    </bndbox>
  </object>
  <object>
    <name>person_leg</name>
    <pose>Unspecified</pose>
    <truncated>0</truncated>
    <difficult>0</difficult>
    <bndbox>
      <xmin>227.73</xmin>
      <ymin>97.27</ymin>
      <xmax>276.36</xmax>
      <ymax>218.64</ymax>
    </bndbox>
  </object>
  <object>
    <name>person_leg</name>
    <pose>Unspecified</pose>
    <truncated>0</truncated>
    <difficult>0</difficult>
    <bndbox>
      <xmin>215.45</xmin>
      <ymin>97.73</ymin>
      <xmax>244.55</xmax>
      <ymax>214.55</ymax>
    </bndbox>
  </object>
  <object>
    <name>toilet</name>
    <pose>Unspecified</pose>
    <truncated>0</truncated>
    <difficult>0</difficult>
    <bndbox>
      <xmin>311.82</xmin>
      <ymin>1.82</ymin>
      <xmax>640.45</xmax>
      <ymax>238.64</ymax>
    </bndbox>
  </object>
</annotation>