<?xml version="1.0" encoding="UTF-8" ?>
<annotation>
  <folder>2021122102</folder>
  <filename>RGB200W_29984CRL30V00016156_1637401659_11632.jpg</filename>
  <path>http://172.18.39.209:9000/aliimages/2021122102/RGB200W_29984CRL30V00016156_1637401659_11632.jpg</path>
  <source>
    <database>Unknown</database>
  </source>
  <size>
    <width>642</width>
    <height>362</height>
    <depth>0</depth>
  </size>
  <segmented>0</segmented>
  <object>
    <name>shoe</name>
    <pose>Unspecified</pose>
    <truncated>0</truncated>
    <difficult>0</difficult>
    <bndbox>
      <xmin>124.09</xmin>
      <ymin>165.45</ymin>
      <xmax>217.73</xmax>
      <ymax>206.82</ymax>
    </bndbox>
  </object>
  <object>
    <name>blanket</name>
    <pose>Unspecified</pose>
    <truncated>0</truncated>
    <difficult>0</difficult>
    <bndbox>
      <xmin>-0.45</xmin>
      <ymin>200.00</ymin>
      <xmax>544.09</xmax>
      <ymax>359.09</ymax>
    </bndbox>
  </object>
  <object>
    <name>toilet</name>
    <pose>Unspecified</pose>
    <truncated>0</truncated>
    <difficult>0</difficult>
    <bndbox>
      <xmin>328.64</xmin>
      <ymin>100.45</ymin>
      <xmax>386.36</xmax>
      <ymax>210.00</ymax>
    </bndbox>
  </object>
</annotation>