<?xml version="1.0" encoding="UTF-8" ?>
<annotation>
  <folder>2021121005</folder>
  <filename>RGB200W_29984CRL30V00065753_1637301879_13058.jpg</filename>
  <path>http://172.18.39.209:9000/aliimages/2021121005/RGB200W_29984CRL30V00065753_1637301879_13058.jpg</path>
  <source>
    <database>Unknown</database>
  </source>
  <size>
    <width>642</width>
    <height>362</height>
    <depth>0</depth>
  </size>
  <segmented>0</segmented>
  <object>
    <name>toilet</name>
    <pose>Unspecified</pose>
    <truncated>0</truncated>
    <difficult>0</difficult>
    <bndbox>
      <xmin>430.00</xmin>
      <ymin>0.91</ymin>
      <xmax>640.00</xmax>
      <ymax>230.00</ymax>
    </bndbox>
  </object>
  <object>
    <name>door_anno</name>
    <pose>Unspecified</pose>
    <truncated>0</truncated>
    <difficult>0</difficult>
    <bndbox>
      <xmin>167.27</xmin>
      <ymin>1.82</ymin>
      <xmax>309.55</xmax>
      <ymax>206.36</ymax>
    </bndbox>
  </object>
</annotation>