<?xml version="1.0" encoding="UTF-8" ?>
<annotation>
  <folder>RGB200W_29984CRL30V00061910_116445508923626463.jpg</folder>
  <filename>RGB200W_29984CRL30V00061910_116445508923626463.jpg</filename>
  <path>http://172.18.39.209:9000/aliimages1999999979/RGB200W_29984CRL30V00061910_116445508923626463.jpg</path>
  <source>
    <database>Unknown</database>
  </source>
  <size>
    <width>642</width>
    <height>362</height>
    <depth>0</depth>
  </size>
  <segmented>0</segmented>
  <object>
    <name>toilet</name>
    <pose>Unspecified</pose>
    <truncated>0</truncated>
    <difficult>0</difficult>
    <bndbox>
      <xmin>51.82</xmin>
      <ymin>32.73</ymin>
      <xmax>203.64</xmax>
      <ymax>202.73</ymax>
    </bndbox>
  </object>
</annotation>