<?xml version="1.0" encoding="UTF-8" ?>
<annotation>
  <folder>RGB200W_2998499999810_20201225154238.jpg</folder>
  <filename>RGB200W_2998499999810_20201225154238.jpg</filename>
  <path>http://172.18.39.209:9000/aliimages1999999984/RGB200W_2998499999810_20201225154238.jpg</path>
  <source>
    <database>Unknown</database>
  </source>
  <size>
    <width>642</width>
    <height>362</height>
    <depth>0</depth>
  </size>
  <segmented>0</segmented>
  <object>
    <name>dirt</name>
    <pose>Unspecified</pose>
    <truncated>0</truncated>
    <difficult>0</difficult>
    <bndbox>
      <xmin>230.91</xmin>
      <ymin>265.00</ymin>
      <xmax>641.82</xmax>
      <ymax>361.82</ymax>
    </bndbox>
  </object>
  <object>
    <name>shoe</name>
    <pose>Unspecified</pose>
    <truncated>0</truncated>
    <difficult>0</difficult>
    <bndbox>
      <xmin>420.91</xmin>
      <ymin>185.91</ymin>
      <xmax>510.91</xmax>
      <ymax>226.82</ymax>
    </bndbox>
  </object>
  <object>
    <name>shoe</name>
    <pose>Unspecified</pose>
    <truncated>0</truncated>
    <difficult>0</difficult>
    <bndbox>
      <xmin>357.73</xmin>
      <ymin>178.64</ymin>
      <xmax>400.00</xmax>
      <ymax>228.64</ymax>
    </bndbox>
  </object>
  <object>
    <name>toilet</name>
    <pose>Unspecified</pose>
    <truncated>0</truncated>
    <difficult>0</difficult>
    <bndbox>
      <xmin>455.00</xmin>
      <ymin>118.64</ymin>
      <xmax>560.91</xmax>
      <ymax>210.00</ymax>
    </bndbox>
  </object>
  <object>
    <name>washing_machine</name>
    <pose>Unspecified</pose>
    <truncated>0</truncated>
    <difficult>0</difficult>
    <bndbox>
      <xmin>530.00</xmin>
      <ymin>0.91</ymin>
      <xmax>641.82</xmax>
      <ymax>217.73</ymax>
    </bndbox>
  </object>
  <object>
    <name>wire</name>
    <pose>Unspecified</pose>
    <truncated>0</truncated>
    <difficult>0</difficult>
    <bndbox>
      <xmin>521.82</xmin>
      <ymin>0.91</ymin>
      <xmax>540.91</xmax>
      <ymax>71.82</ymax>
    </bndbox>
  </object>
</annotation>