<?xml version="1.0" encoding="UTF-8" ?>
<annotation>
  <folder>2021121005</folder>
  <filename>RGB200W_29984CRL30V00065753_1637298716_6688.jpg</filename>
  <path>http://172.18.39.209:9000/aliimages/2021121005/RGB200W_29984CRL30V00065753_1637298716_6688.jpg</path>
  <source>
    <database>Unknown</database>
  </source>
  <size>
    <width>642</width>
    <height>362</height>
    <depth>0</depth>
  </size>
  <segmented>0</segmented>
  <object>
    <name>door_anno</name>
    <pose>Unspecified</pose>
    <truncated>0</truncated>
    <difficult>0</difficult>
    <bndbox>
      <xmin>403.18</xmin>
      <ymin>-0.91</ymin>
      <xmax>598.18</xmax>
      <ymax>233.18</ymax>
    </bndbox>
  </object>
  <object>
    <name>plastic_stool</name>
    <pose>Unspecified</pose>
    <truncated>0</truncated>
    <difficult>0</difficult>
    <bndbox>
      <xmin>385.00</xmin>
      <ymin>156.36</ymin>
      <xmax>432.27</xmax>
      <ymax>203.64</ymax>
    </bndbox>
  </object>
  <object>
    <name>toilet</name>
    <pose>Unspecified</pose>
    <truncated>0</truncated>
    <difficult>0</difficult>
    <bndbox>
      <xmin>222.27</xmin>
      <ymin>114.09</ymin>
      <xmax>287.27</xmax>
      <ymax>223.64</ymax>
    </bndbox>
  </object>
</annotation>