<?xml version="1.0" encoding="UTF-8" ?>
<annotation>
  <folder>RGB200W_2998499999810_20201225150249.jpg</folder>
  <filename>RGB200W_2998499999810_20201225150249.jpg</filename>
  <path>http://172.18.39.209:9000/aliimages1999999996/RGB200W_2998499999810_20201225150249.jpg</path>
  <source>
    <database>Unknown</database>
  </source>
  <size>
    <width>642</width>
    <height>362</height>
    <depth>0</depth>
  </size>
  <segmented>0</segmented>
  <object>
    <name>dirt</name>
    <pose>Unspecified</pose>
    <truncated>0</truncated>
    <difficult>0</difficult>
    <bndbox>
      <xmin>248.64</xmin>
      <ymin>252.73</ymin>
      <xmax>303.64</xmax>
      <ymax>280.00</ymax>
    </bndbox>
  </object>
  <object>
    <name>dirt</name>
    <pose>Unspecified</pose>
    <truncated>0</truncated>
    <difficult>0</difficult>
    <bndbox>
      <xmin>321.82</xmin>
      <ymin>245.00</ymin>
      <xmax>358.64</xmax>
      <ymax>266.82</ymax>
    </bndbox>
  </object>
  <object>
    <name>dirt</name>
    <pose>Unspecified</pose>
    <truncated>0</truncated>
    <difficult>0</difficult>
    <bndbox>
      <xmin>360.91</xmin>
      <ymin>253.64</ymin>
      <xmax>446.82</xmax>
      <ymax>276.82</ymax>
    </bndbox>
  </object>
  <object>
    <name>washing_machine</name>
    <pose>Unspecified</pose>
    <truncated>0</truncated>
    <difficult>0</difficult>
    <bndbox>
      <xmin>87.73</xmin>
      <ymin>0.91</ymin>
      <xmax>280.91</xmax>
      <ymax>225.91</ymax>
    </bndbox>
  </object>
  <object>
    <name>door_anno</name>
    <pose>Unspecified</pose>
    <truncated>0</truncated>
    <difficult>0</difficult>
    <bndbox>
      <xmin>360.91</xmin>
      <ymin>16.82</ymin>
      <xmax>483.64</xmax>
      <ymax>220.00</ymax>
    </bndbox>
  </object>
  <object>
    <name>wire</name>
    <pose>Unspecified</pose>
    <truncated>0</truncated>
    <difficult>0</difficult>
    <bndbox>
      <xmin>275.91</xmin>
      <ymin>141.82</ymin>
      <xmax>363.64</xmax>
      <ymax>205.00</ymax>
    </bndbox>
  </object>
  <object>
    <name>toilet</name>
    <pose>Unspecified</pose>
    <truncated>0</truncated>
    <difficult>0</difficult>
    <bndbox>
      <xmin>0.91</xmin>
      <ymin>0.91</ymin>
      <xmax>83.64</xmax>
      <ymax>236.82</ymax>
    </bndbox>
  </object>
</annotation>