<?xml version="1.0" encoding="UTF-8" ?>
<annotation>
  <folder>2021121801</folder>
  <filename>RGB200W_29984CRL30V00067087_1637276506_997.jpg</filename>
  <path>http://172.18.39.209:9000/aliimages/2021121801/RGB200W_29984CRL30V00067087_1637276506_997.jpg</path>
  <source>
    <database>Unknown</database>
  </source>
  <size>
    <width>642</width>
    <height>362</height>
    <depth>0</depth>
  </size>
  <segmented>0</segmented>
  <object>
    <name>toilet</name>
    <pose>Unspecified</pose>
    <truncated>0</truncated>
    <difficult>0</difficult>
    <bndbox>
      <xmin>207.27</xmin>
      <ymin>0.91</ymin>
      <xmax>640.91</xmax>
      <ymax>250.91</ymax>
    </bndbox>
  </object>
  <object>
    <name>slipper</name>
    <pose>Unspecified</pose>
    <truncated>0</truncated>
    <difficult>0</difficult>
    <bndbox>
      <xmin>160.45</xmin>
      <ymin>198.18</ymin>
      <xmax>199.55</xmax>
      <ymax>219.55</ymax>
    </bndbox>
  </object>
  <object>
    <name>slipper</name>
    <pose>Unspecified</pose>
    <truncated>0</truncated>
    <difficult>0</difficult>
    <bndbox>
      <xmin>108.64</xmin>
      <ymin>194.55</ymin>
      <xmax>157.73</xmax>
      <ymax>222.73</ymax>
    </bndbox>
  </object>
</annotation>