<?xml version="1.0" encoding="UTF-8" ?>
<annotation>
  <folder>RGB200W_277985946_116447575519925374.jpg</folder>
  <filename>RGB200W_277985946_116447575519925374.jpg</filename>
  <path>http://172.18.39.209:9000/aliimages1999999990/RGB200W_277985946_116447575519925374.jpg</path>
  <source>
    <database>Unknown</database>
  </source>
  <size>
    <width>642</width>
    <height>361</height>
    <depth>0</depth>
  </size>
  <segmented>0</segmented>
  <object>
    <name>toilet</name>
    <pose>Unspecified</pose>
    <truncated>0</truncated>
    <difficult>0</difficult>
    <bndbox>
      <xmin>78.18</xmin>
      <ymin>44.09</ymin>
      <xmax>224.09</xmax>
      <ymax>199.55</ymax>
    </bndbox>
  </object>
</annotation>