<?xml version="1.0" encoding="UTF-8" ?>
<annotation>
  <folder>RGB100W_CRL9993I202006069999_1591607490776329.jpg</folder>
  <filename>RGB100W_CRL9993I202006069999_1591607490776329.jpg</filename>
  <path>http://172.18.39.209:9000/aliimages1999999984/RGB100W_CRL9993I202006069999_1591607490776329.jpg</path>
  <source>
    <database>Unknown</database>
  </source>
  <size>
    <width>642</width>
    <height>361</height>
    <depth>0</depth>
  </size>
  <segmented>0</segmented>
  <object>
    <name>socks</name>
    <pose>Unspecified</pose>
    <truncated>0</truncated>
    <difficult>0</difficult>
    <bndbox>
      <xmin>248.64</xmin>
      <ymin>166.82</ymin>
      <xmax>346.82</xmax>
      <ymax>216.36</ymax>
    </bndbox>
  </object>
  <object>
    <name>tea_table</name>
    <pose>Unspecified</pose>
    <truncated>0</truncated>
    <difficult>0</difficult>
    <bndbox>
      <xmin>124.09</xmin>
      <ymin>99.09</ymin>
      <xmax>287.73</xmax>
      <ymax>193.18</ymax>
    </bndbox>
  </object>
  <object>
    <name>sofa</name>
    <pose>Unspecified</pose>
    <truncated>0</truncated>
    <difficult>0</difficult>
    <bndbox>
      <xmin>414.55</xmin>
      <ymin>0.45</ymin>
      <xmax>641.82</xmax>
      <ymax>194.55</ymax>
    </bndbox>
  </object>
  <object>
    <name>TV_stand</name>
    <pose>Unspecified</pose>
    <truncated>0</truncated>
    <difficult>0</difficult>
    <bndbox>
      <xmin>0.45</xmin>
      <ymin>59.09</ymin>
      <xmax>135.91</xmax>
      <ymax>191.82</ymax>
    </bndbox>
  </object>
  <object>
    <name>wire</name>
    <pose>Unspecified</pose>
    <truncated>0</truncated>
    <difficult>0</difficult>
    <bndbox>
      <xmin>25.91</xmin>
      <ymin>51.82</ymin>
      <xmax>113.18</xmax>
      <ymax>182.73</ymax>
    </bndbox>
  </object>
  <object>
    <name>wire</name>
    <pose>Unspecified</pose>
    <truncated>0</truncated>
    <difficult>0</difficult>
    <bndbox>
      <xmin>87.73</xmin>
      <ymin>104.55</ymin>
      <xmax>130.45</xmax>
      <ymax>142.73</ymax>
    </bndbox>
  </object>
</annotation>