<?xml version="1.0" encoding="UTF-8" ?>
<annotation>
  <folder>RGB100W_542500001557_116450692981582510.jpg</folder>
  <filename>RGB100W_542500001557_116450692981582510.jpg</filename>
  <path>http://172.18.39.209:9000/aliimages1999999980/RGB100W_542500001557_116450692981582510.jpg</path>
  <source>
    <database>Unknown</database>
  </source>
  <size>
    <width>640</width>
    <height>360</height>
    <depth>0</depth>
  </size>
  <segmented>0</segmented>
  <object>
    <name>dining_table</name>
    <pose>Unspecified</pose>
    <truncated>0</truncated>
    <difficult>0</difficult>
    <bndbox>
      <xmin>305.00</xmin>
      <ymin>76.82</ymin>
      <xmax>490.91</xmax>
      <ymax>185.91</ymax>
    </bndbox>
  </object>
  <object>
    <name>tea_table</name>
    <pose>Unspecified</pose>
    <truncated>0</truncated>
    <difficult>0</difficult>
    <bndbox>
      <xmin>371.82</xmin>
      <ymin>0.91</ymin>
      <xmax>640.00</xmax>
      <ymax>211.82</ymax>
    </bndbox>
  </object>
  <object>
    <name>sofa</name>
    <pose>Unspecified</pose>
    <truncated>0</truncated>
    <difficult>0</difficult>
    <bndbox>
      <xmin>541.82</xmin>
      <ymin>50.00</ymin>
      <xmax>640.00</xmax>
      <ymax>190.00</ymax>
    </bndbox>
  </object>
</annotation>