<?xml version="1.0" encoding="UTF-8" ?>
<annotation>
  <folder>RGB100W_CRL30VDJ208Z2073_116444737585369913.jpg</folder>
  <filename>RGB100W_CRL30VDJ208Z2073_116444737585369913.jpg</filename>
  <path>http://172.18.39.209:9000/aliimages1999999990/RGB100W_CRL30VDJ208Z2073_116444737585369913.jpg</path>
  <source>
    <database>Unknown</database>
  </source>
  <size>
    <width>640</width>
    <height>360</height>
    <depth>0</depth>
  </size>
  <segmented>0</segmented>
  <object>
    <name>tea_table</name>
    <pose>Unspecified</pose>
    <truncated>0</truncated>
    <difficult>0</difficult>
    <bndbox>
      <xmin>168.64</xmin>
      <ymin>1.82</ymin>
      <xmax>398.64</xmax>
      <ymax>150.00</ymax>
    </bndbox>
  </object>
  <object>
    <name>metal_chair_foot</name>
    <pose>Unspecified</pose>
    <truncated>0</truncated>
    <difficult>0</difficult>
    <bndbox>
      <xmin>0.91</xmin>
      <ymin>121.82</ymin>
      <xmax>121.82</xmax>
      <ymax>145.91</ymax>
    </bndbox>
  </object>
</annotation>