<?xml version="1.0" encoding="UTF-8" ?>
<annotation>
  <folder>RGB100W_542500000074_116444820963710082.jpg</folder>
  <filename>RGB100W_542500000074_116444820963710082.jpg</filename>
  <path>http://172.18.39.209:9000/aliimages1999999980/RGB100W_542500000074_116444820963710082.jpg</path>
  <source>
    <database>Unknown</database>
  </source>
  <size>
    <width>640</width>
    <height>360</height>
    <depth>0</depth>
  </size>
  <segmented>0</segmented>
  <object>
    <name>blanket</name>
    <pose>Unspecified</pose>
    <truncated>0</truncated>
    <difficult>0</difficult>
    <bndbox>
      <xmin>0.91</xmin>
      <ymin>240.91</ymin>
      <xmax>640.00</xmax>
      <ymax>360.00</ymax>
    </bndbox>
  </object>
  <object>
    <name>sofa</name>
    <pose>Unspecified</pose>
    <truncated>0</truncated>
    <difficult>0</difficult>
    <bndbox>
      <xmin>75.00</xmin>
      <ymin>55.00</ymin>
      <xmax>438.64</xmax>
      <ymax>153.64</ymax>
    </bndbox>
  </object>
  <object>
    <name>tea_table</name>
    <pose>Unspecified</pose>
    <truncated>0</truncated>
    <difficult>0</difficult>
    <bndbox>
      <xmin>286.82</xmin>
      <ymin>65.00</ymin>
      <xmax>427.73</xmax>
      <ymax>160.00</ymax>
    </bndbox>
  </object>
  <object>
    <name>shoe</name>
    <pose>Unspecified</pose>
    <truncated>0</truncated>
    <difficult>0</difficult>
    <bndbox>
      <xmin>478.64</xmin>
      <ymin>137.73</ymin>
      <xmax>510.00</xmax>
      <ymax>162.73</ymax>
    </bndbox>
  </object>
  <object>
    <name>shoe</name>
    <pose>Unspecified</pose>
    <truncated>0</truncated>
    <difficult>0</difficult>
    <bndbox>
      <xmin>530.91</xmin>
      <ymin>137.73</ymin>
      <xmax>573.64</xmax>
      <ymax>165.91</ymax>
    </bndbox>
  </object>
</annotation>