<?xml version="1.0" encoding="UTF-8" ?>
<annotation>
  <folder>RGB100W_542500000995_116454966889232145.jpg</folder>
  <filename>RGB100W_542500000995_116454966889232145.jpg</filename>
  <path>http://172.18.39.209:9000/aliimages1999999980/RGB100W_542500000995_116454966889232145.jpg</path>
  <source>
    <database>Unknown</database>
  </source>
  <size>
    <width>640</width>
    <height>360</height>
    <depth>0</depth>
  </size>
  <segmented>0</segmented>
  <object>
    <name>TV_stand</name>
    <pose>Unspecified</pose>
    <truncated>0</truncated>
    <difficult>0</difficult>
    <bndbox>
      <xmin>116.82</xmin>
      <ymin>75.91</ymin>
      <xmax>416.82</xmax>
      <ymax>190.00</ymax>
    </bndbox>
  </object>
  <object>
    <name>tea_table</name>
    <pose>Unspecified</pose>
    <truncated>0</truncated>
    <difficult>0</difficult>
    <bndbox>
      <xmin>0.91</xmin>
      <ymin>78.64</ymin>
      <xmax>75.00</xmax>
      <ymax>193.64</ymax>
    </bndbox>
  </object>
</annotation>