<?xml version="1.0" encoding="UTF-8" ?>
<annotation>
  <folder>RGB100W_542500000995_116509311547174153.jpg</folder>
  <filename>RGB100W_542500000995_116509311547174153.jpg</filename>
  <path>http://172.18.39.209:9000/aliimages1999999980/RGB100W_542500000995_116509311547174153.jpg</path>
  <source>
    <database>Unknown</database>
  </source>
  <size>
    <width>640</width>
    <height>360</height>
    <depth>0</depth>
  </size>
  <segmented>0</segmented>
  <object>
    <name>TV_stand</name>
    <pose>Unspecified</pose>
    <truncated>0</truncated>
    <difficult>0</difficult>
    <bndbox>
      <xmin>321.82</xmin>
      <ymin>1.82</ymin>
      <xmax>627.73</xmax>
      <ymax>196.82</ymax>
    </bndbox>
  </object>
  <object>
    <name>tea_table</name>
    <pose>Unspecified</pose>
    <truncated>0</truncated>
    <difficult>0</difficult>
    <bndbox>
      <xmin>0.91</xmin>
      <ymin>81.82</ymin>
      <xmax>198.64</xmax>
      <ymax>192.73</ymax>
    </bndbox>
  </object>
</annotation>