<?xml version="1.0" encoding="UTF-8" ?>
<annotation>
  <folder>RGB100W_CRL9993I202006069999_1591695983605483.jpg</folder>
  <filename>RGB100W_CRL9993I202006069999_1591695983605483.jpg</filename>
  <path>http://172.18.39.209:9000/aliimages1999999996/RGB100W_CRL9993I202006069999_1591695983605483.jpg</path>
  <source>
    <database>Unknown</database>
  </source>
  <size>
    <width>642</width>
    <height>361</height>
    <depth>0</depth>
  </size>
  <segmented>0</segmented>
  <object>
    <name>slipper</name>
    <pose>Unspecified</pose>
    <truncated>0</truncated>
    <difficult>0</difficult>
    <bndbox>
      <xmin>171.82</xmin>
      <ymin>167.27</ymin>
      <xmax>248.64</xmax>
      <ymax>214.09</ymax>
    </bndbox>
  </object>
  <object>
    <name>slipper</name>
    <pose>Unspecified</pose>
    <truncated>0</truncated>
    <difficult>0</difficult>
    <bndbox>
      <xmin>359.09</xmin>
      <ymin>178.64</ymin>
      <xmax>444.09</xmax>
      <ymax>209.09</ymax>
    </bndbox>
  </object>
  <object>
    <name>TV_stand</name>
    <pose>Unspecified</pose>
    <truncated>0</truncated>
    <difficult>0</difficult>
    <bndbox>
      <xmin>508.64</xmin>
      <ymin>93.64</ymin>
      <xmax>641.82</xmax>
      <ymax>198.18</ymax>
    </bndbox>
  </object>
  <object>
    <name>refrigerator_1</name>
    <pose>Unspecified</pose>
    <truncated>0</truncated>
    <difficult>0</difficult>
    <bndbox>
      <xmin>170.45</xmin>
      <ymin>0.45</ymin>
      <xmax>279.55</xmax>
      <ymax>195.45</ymax>
    </bndbox>
  </object>
  <object>
    <name>slipper</name>
    <pose>Unspecified</pose>
    <truncated>0</truncated>
    <difficult>0</difficult>
    <bndbox>
      <xmin>248.64</xmin>
      <ymin>165.45</ymin>
      <xmax>313.64</xmax>
      <ymax>219.09</ymax>
    </bndbox>
  </object>
  <object>
    <name>wire</name>
    <pose>Unspecified</pose>
    <truncated>0</truncated>
    <difficult>0</difficult>
    <bndbox>
      <xmin>435.00</xmin>
      <ymin>18.64</ymin>
      <xmax>454.55</xmax>
      <ymax>52.73</ymax>
    </bndbox>
  </object>
  <object>
    <name>tea_table</name>
    <pose>Unspecified</pose>
    <truncated>0</truncated>
    <difficult>0</difficult>
    <bndbox>
      <xmin>355.00</xmin>
      <ymin>120.00</ymin>
      <xmax>490.45</xmax>
      <ymax>202.27</ymax>
    </bndbox>
  </object>
</annotation>