<?xml version="1.0" encoding="UTF-8" ?>
<annotation>
  <folder>RGB100W_542500001412_116447410306430820.jpg</folder>
  <filename>RGB100W_542500001412_116447410306430820.jpg</filename>
  <path>http://172.18.39.209:9000/aliimages1999999980/RGB100W_542500001412_116447410306430820.jpg</path>
  <source>
    <database>Unknown</database>
  </source>
  <size>
    <width>640</width>
    <height>360</height>
    <depth>0</depth>
  </size>
  <segmented>0</segmented>
  <object>
    <name>sofa</name>
    <pose>Unspecified</pose>
    <truncated>0</truncated>
    <difficult>0</difficult>
    <bndbox>
      <xmin>280.00</xmin>
      <ymin>36.82</ymin>
      <xmax>403.64</xmax>
      <ymax>163.64</ymax>
    </bndbox>
  </object>
  <object>
    <name>tea_table</name>
    <pose>Unspecified</pose>
    <truncated>0</truncated>
    <difficult>0</difficult>
    <bndbox>
      <xmin>0.91</xmin>
      <ymin>0.91</ymin>
      <xmax>305.00</xmax>
      <ymax>180.91</ymax>
    </bndbox>
  </object>
  <object>
    <name>door_anno</name>
    <pose>Unspecified</pose>
    <truncated>0</truncated>
    <difficult>0</difficult>
    <bndbox>
      <xmin>406.82</xmin>
      <ymin>0.91</ymin>
      <xmax>441.82</xmax>
      <ymax>162.73</ymax>
    </bndbox>
  </object>
  <object>
    <name>sofa</name>
    <pose>Unspecified</pose>
    <truncated>0</truncated>
    <difficult>0</difficult>
    <bndbox>
      <xmin>425.91</xmin>
      <ymin>0.91</ymin>
      <xmax>640.00</xmax>
      <ymax>180.00</ymax>
    </bndbox>
  </object>
</annotation>