<?xml version="1.0" encoding="UTF-8" ?>
<annotation>
  <folder>RGB100W_202006292022_116445133477539854.jpg</folder>
  <filename>RGB100W_202006292022_116445133477539854.jpg</filename>
  <path>http://172.18.39.209:9000/aliimages1999999990/RGB100W_202006292022_116445133477539854.jpg</path>
  <source>
    <database>Unknown</database>
  </source>
  <size>
    <width>642</width>
    <height>361</height>
    <depth>0</depth>
  </size>
  <segmented>0</segmented>
  <object>
    <name>tea_table</name>
    <pose>Unspecified</pose>
    <truncated>0</truncated>
    <difficult>0</difficult>
    <bndbox>
      <xmin>104.55</xmin>
      <ymin>19.55</ymin>
      <xmax>374.55</xmax>
      <ymax>183.64</ymax>
    </bndbox>
  </object>
  <object>
    <name>refrigerator</name>
    <pose>Unspecified</pose>
    <truncated>0</truncated>
    <difficult>0</difficult>
    <bndbox>
      <xmin>369.09</xmin>
      <ymin>0.45</ymin>
      <xmax>489.09</xmax>
      <ymax>173.64</ymax>
    </bndbox>
  </object>
  <object>
    <name>bed1</name>
    <pose>Unspecified</pose>
    <truncated>0</truncated>
    <difficult>0</difficult>
    <bndbox>
      <xmin>0.45</xmin>
      <ymin>86.36</ymin>
      <xmax>323.18</xmax>
      <ymax>148.64</ymax>
    </bndbox>
  </object>
  <object>
    <name>wire</name>
    <pose>Unspecified</pose>
    <truncated>0</truncated>
    <difficult>0</difficult>
    <bndbox>
      <xmin>512.27</xmin>
      <ymin>95.91</ymin>
      <xmax>569.09</xmax>
      <ymax>152.73</ymax>
    </bndbox>
  </object>
</annotation>