<?xml version="1.0" encoding="UTF-8" ?>
<annotation>
  <folder>RGB100W_542500005687_116448157750419162.jpg</folder>
  <filename>RGB100W_542500005687_116448157750419162.jpg</filename>
  <path>http://172.18.39.209:9000/aliimages1999999980/RGB100W_542500005687_116448157750419162.jpg</path>
  <source>
    <database>Unknown</database>
  </source>
  <size>
    <width>640</width>
    <height>360</height>
    <depth>0</depth>
  </size>
  <segmented>0</segmented>
  <object>
    <name>TV_stand</name>
    <pose>Unspecified</pose>
    <truncated>0</truncated>
    <difficult>0</difficult>
    <bndbox>
      <xmin>115.91</xmin>
      <ymin>47.73</ymin>
      <xmax>406.82</xmax>
      <ymax>182.73</ymax>
    </bndbox>
  </object>
  <object>
    <name>blanket</name>
    <pose>Unspecified</pose>
    <truncated>0</truncated>
    <difficult>0</difficult>
    <bndbox>
      <xmin>0.91</xmin>
      <ymin>168.64</ymin>
      <xmax>640.00</xmax>
      <ymax>360.00</ymax>
    </bndbox>
  </object>
  <object>
    <name>tea_table</name>
    <pose>Unspecified</pose>
    <truncated>0</truncated>
    <difficult>0</difficult>
    <bndbox>
      <xmin>0.91</xmin>
      <ymin>0.91</ymin>
      <xmax>202.73</xmax>
      <ymax>188.64</ymax>
    </bndbox>
  </object>
</annotation>