<?xml version="1.0" encoding="UTF-8" ?>
<annotation>
  <folder>RGB100W_542500000111_116444739288968168.jpg</folder>
  <filename>RGB100W_542500000111_116444739288968168.jpg</filename>
  <path>http://172.18.39.209:9000/aliimages1999999980/RGB100W_542500000111_116444739288968168.jpg</path>
  <source>
    <database>Unknown</database>
  </source>
  <size>
    <width>640</width>
    <height>360</height>
    <depth>0</depth>
  </size>
  <segmented>0</segmented>
  <object>
    <name>tea_table</name>
    <pose>Unspecified</pose>
    <truncated>0</truncated>
    <difficult>0</difficult>
    <bndbox>
      <xmin>383.64</xmin>
      <ymin>21.82</ymin>
      <xmax>563.64</xmax>
      <ymax>155.00</ymax>
    </bndbox>
  </object>
  <object>
    <name>sofa</name>
    <pose>Unspecified</pose>
    <truncated>0</truncated>
    <difficult>0</difficult>
    <bndbox>
      <xmin>513.64</xmin>
      <ymin>50.91</ymin>
      <xmax>610.91</xmax>
      <ymax>145.00</ymax>
    </bndbox>
  </object>
  <object>
    <name>sofa</name>
    <pose>Unspecified</pose>
    <truncated>0</truncated>
    <difficult>0</difficult>
    <bndbox>
      <xmin>0.91</xmin>
      <ymin>0.91</ymin>
      <xmax>337.73</xmax>
      <ymax>182.73</ymax>
    </bndbox>
  </object>
</annotation>