<?xml version="1.0" encoding="UTF-8" ?>
<annotation>
  <folder>RGB100W_542500001557_116449869886063457.jpg</folder>
  <filename>RGB100W_542500001557_116449869886063457.jpg</filename>
  <path>http://172.18.39.209:9000/aliimages1999999980/RGB100W_542500001557_116449869886063457.jpg</path>
  <source>
    <database>Unknown</database>
  </source>
  <size>
    <width>640</width>
    <height>360</height>
    <depth>0</depth>
  </size>
  <segmented>0</segmented>
  <object>
    <name>sofa</name>
    <pose>Unspecified</pose>
    <truncated>0</truncated>
    <difficult>0</difficult>
    <bndbox>
      <xmin>155.91</xmin>
      <ymin>45.91</ymin>
      <xmax>430.91</xmax>
      <ymax>185.00</ymax>
    </bndbox>
  </object>
  <object>
    <name>tea_table</name>
    <pose>Unspecified</pose>
    <truncated>0</truncated>
    <difficult>0</difficult>
    <bndbox>
      <xmin>301.82</xmin>
      <ymin>75.00</ymin>
      <xmax>460.91</xmax>
      <ymax>185.91</ymax>
    </bndbox>
  </object>
</annotation>