<?xml version="1.0" encoding="UTF-8" ?>
<annotation>
  <folder>RGB100W_542500000112_116446571779243199.jpg</folder>
  <filename>RGB100W_542500000112_116446571779243199.jpg</filename>
  <path>http://172.18.39.209:9000/aliimages1999999980/RGB100W_542500000112_116446571779243199.jpg</path>
  <source>
    <database>Unknown</database>
  </source>
  <size>
    <width>640</width>
    <height>360</height>
    <depth>0</depth>
  </size>
  <segmented>0</segmented>
  <object>
    <name>door_anno</name>
    <pose>Unspecified</pose>
    <truncated>0</truncated>
    <difficult>0</difficult>
    <bndbox>
      <xmin>258.64</xmin>
      <ymin>0.91</ymin>
      <xmax>343.64</xmax>
      <ymax>165.91</ymax>
    </bndbox>
  </object>
  <object>
    <name>sofa</name>
    <pose>Unspecified</pose>
    <truncated>0</truncated>
    <difficult>0</difficult>
    <bndbox>
      <xmin>405.00</xmin>
      <ymin>11.82</ymin>
      <xmax>640.00</xmax>
      <ymax>166.82</ymax>
    </bndbox>
  </object>
  <object>
    <name>tea_table</name>
    <pose>Unspecified</pose>
    <truncated>0</truncated>
    <difficult>0</difficult>
    <bndbox>
      <xmin>475.00</xmin>
      <ymin>0.91</ymin>
      <xmax>640.00</xmax>
      <ymax>178.64</ymax>
    </bndbox>
  </object>
</annotation>