<?xml version="1.0" encoding="UTF-8" ?>
<annotation>
  <folder>RGB100W_542500000995_116498158778431745.jpg</folder>
  <filename>RGB100W_542500000995_116498158778431745.jpg</filename>
  <path>http://172.18.39.209:9000/aliimages1999999980/RGB100W_542500000995_116498158778431745.jpg</path>
  <source>
    <database>Unknown</database>
  </source>
  <size>
    <width>640</width>
    <height>360</height>
    <depth>0</depth>
  </size>
  <segmented>0</segmented>
  <object>
    <name>tea_table</name>
    <pose>Unspecified</pose>
    <truncated>0</truncated>
    <difficult>0</difficult>
    <bndbox>
      <xmin>208.64</xmin>
      <ymin>93.64</ymin>
      <xmax>405.91</xmax>
      <ymax>186.82</ymax>
    </bndbox>
  </object>
  <object>
    <name>TV_stand</name>
    <pose>Unspecified</pose>
    <truncated>0</truncated>
    <difficult>0</difficult>
    <bndbox>
      <xmin>35.00</xmin>
      <ymin>105.00</ymin>
      <xmax>283.64</xmax>
      <ymax>187.73</ymax>
    </bndbox>
  </object>
  <object>
    <name>sofa</name>
    <pose>Unspecified</pose>
    <truncated>0</truncated>
    <difficult>0</difficult>
    <bndbox>
      <xmin>432.73</xmin>
      <ymin>0.91</ymin>
      <xmax>640.00</xmax>
      <ymax>190.91</ymax>
    </bndbox>
  </object>
</annotation>