<?xml version="1.0" encoding="UTF-8" ?>
<annotation>
  <folder>RGB100W_542500001364_116467401920908375.jpg</folder>
  <filename>RGB100W_542500001364_116467401920908375.jpg</filename>
  <path>http://172.18.39.209:9000/aliimages1999999980/RGB100W_542500001364_116467401920908375.jpg</path>
  <source>
    <database>Unknown</database>
  </source>
  <size>
    <width>640</width>
    <height>360</height>
    <depth>0</depth>
  </size>
  <segmented>0</segmented>
  <object>
    <name>door_anno</name>
    <pose>Unspecified</pose>
    <truncated>0</truncated>
    <difficult>0</difficult>
    <bndbox>
      <xmin>146.82</xmin>
      <ymin>50.00</ymin>
      <xmax>201.82</xmax>
      <ymax>166.82</ymax>
    </bndbox>
  </object>
  <object>
    <name>tea_table</name>
    <pose>Unspecified</pose>
    <truncated>0</truncated>
    <difficult>0</difficult>
    <bndbox>
      <xmin>235.91</xmin>
      <ymin>0.91</ymin>
      <xmax>622.73</xmax>
      <ymax>201.82</ymax>
    </bndbox>
  </object>
  <object>
    <name>sofa</name>
    <pose>Unspecified</pose>
    <truncated>0</truncated>
    <difficult>0</difficult>
    <bndbox>
      <xmin>220.00</xmin>
      <ymin>25.91</ymin>
      <xmax>567.73</xmax>
      <ymax>175.91</ymax>
    </bndbox>
  </object>
  <object>
    <name>blanket</name>
    <pose>Unspecified</pose>
    <truncated>0</truncated>
    <difficult>0</difficult>
    <bndbox>
      <xmin>0.91</xmin>
      <ymin>146.82</ymin>
      <xmax>167.73</xmax>
      <ymax>175.91</ymax>
    </bndbox>
  </object>
</annotation>