<?xml version="1.0" encoding="UTF-8" ?>
<annotation>
  <folder>RGB100W_542500000995_116459293818367150.jpg</folder>
  <filename>RGB100W_542500000995_116459293818367150.jpg</filename>
  <path>http://172.18.39.209:9000/aliimages1999999980/RGB100W_542500000995_116459293818367150.jpg</path>
  <source>
    <database>Unknown</database>
  </source>
  <size>
    <width>640</width>
    <height>360</height>
    <depth>0</depth>
  </size>
  <segmented>0</segmented>
  <object>
    <name>TV_stand</name>
    <pose>Unspecified</pose>
    <truncated>0</truncated>
    <difficult>0</difficult>
    <bndbox>
      <xmin>312.73</xmin>
      <ymin>110.91</ymin>
      <xmax>463.64</xmax>
      <ymax>185.00</ymax>
    </bndbox>
  </object>
  <object>
    <name>tea_table</name>
    <pose>Unspecified</pose>
    <truncated>0</truncated>
    <difficult>0</difficult>
    <bndbox>
      <xmin>442.73</xmin>
      <ymin>38.64</ymin>
      <xmax>640.00</xmax>
      <ymax>195.00</ymax>
    </bndbox>
  </object>
</annotation>