<?xml version="1.0" encoding="UTF-8" ?>
<annotation>
  <folder>RGB100W_542500001553_116473906378359791.jpg</folder>
  <filename>RGB100W_542500001553_116473906378359791.jpg</filename>
  <path>http://172.18.39.209:9000/aliimages1999999980/RGB100W_542500001553_116473906378359791.jpg</path>
  <source>
    <database>Unknown</database>
  </source>
  <size>
    <width>640</width>
    <height>360</height>
    <depth>0</depth>
  </size>
  <segmented>0</segmented>
  <object>
    <name>dog</name>
    <pose>Unspecified</pose>
    <truncated>0</truncated>
    <difficult>0</difficult>
    <bndbox>
      <xmin>2.73</xmin>
      <ymin>0.91</ymin>
      <xmax>161.82</xmax>
      <ymax>195.00</ymax>
    </bndbox>
  </object>
  <object>
    <name>tea_table</name>
    <pose>Unspecified</pose>
    <truncated>0</truncated>
    <difficult>0</difficult>
    <bndbox>
      <xmin>333.64</xmin>
      <ymin>30.91</ymin>
      <xmax>510.00</xmax>
      <ymax>186.82</ymax>
    </bndbox>
  </object>
  <object>
    <name>sofa</name>
    <pose>Unspecified</pose>
    <truncated>0</truncated>
    <difficult>0</difficult>
    <bndbox>
      <xmin>496.82</xmin>
      <ymin>0.91</ymin>
      <xmax>640.00</xmax>
      <ymax>185.91</ymax>
    </bndbox>
  </object>
</annotation>