<?xml version="1.0" encoding="UTF-8" ?>
<annotation>
  <folder>RGB100W_542500000111_116450768771683342.jpg</folder>
  <filename>RGB100W_542500000111_116450768771683342.jpg</filename>
  <path>http://172.18.39.209:9000/aliimages1999999980/RGB100W_542500000111_116450768771683342.jpg</path>
  <source>
    <database>Unknown</database>
  </source>
  <size>
    <width>640</width>
    <height>360</height>
    <depth>0</depth>
  </size>
  <segmented>0</segmented>
  <object>
    <name>sofa</name>
    <pose>Unspecified</pose>
    <truncated>0</truncated>
    <difficult>0</difficult>
    <bndbox>
      <xmin>375.91</xmin>
      <ymin>0.91</ymin>
      <xmax>640.00</xmax>
      <ymax>161.82</ymax>
    </bndbox>
  </object>
  <object>
    <name>tea_table</name>
    <pose>Unspecified</pose>
    <truncated>0</truncated>
    <difficult>0</difficult>
    <bndbox>
      <xmin>115.91</xmin>
      <ymin>0.91</ymin>
      <xmax>368.64</xmax>
      <ymax>171.82</ymax>
    </bndbox>
  </object>
</annotation>