<?xml version="1.0" encoding="UTF-8" ?>
<annotation>
  <folder>RGB100W_CRL9993I202006069999_1591694609252164.jpg</folder>
  <filename>RGB100W_CRL9993I202006069999_1591694609252164.jpg</filename>
  <path>http://172.18.39.209:9000/aliimages1999999990/RGB100W_CRL9993I202006069999_1591694609252164.jpg</path>
  <source>
    <database>Unknown</database>
  </source>
  <size>
    <width>642</width>
    <height>361</height>
    <depth>0</depth>
  </size>
  <segmented>0</segmented>
  <object>
    <name>tea_table</name>
    <pose>Unspecified</pose>
    <truncated>0</truncated>
    <difficult>0</difficult>
    <bndbox>
      <xmin>236.36</xmin>
      <ymin>152.73</ymin>
      <xmax>389.09</xmax>
      <ymax>215.91</ymax>
    </bndbox>
  </object>
  <object>
    <name>tea_table</name>
    <pose>Unspecified</pose>
    <truncated>0</truncated>
    <difficult>0</difficult>
    <bndbox>
      <xmin>424.55</xmin>
      <ymin>114.55</ymin>
      <xmax>641.82</xmax>
      <ymax>216.36</ymax>
    </bndbox>
  </object>
</annotation>