<?xml version="1.0" encoding="UTF-8" ?>
<annotation>
  <folder>RGB100W_542500000995_116492145726271172.jpg</folder>
  <filename>RGB100W_542500000995_116492145726271172.jpg</filename>
  <path>http://172.18.39.209:9000/aliimages1999999980/RGB100W_542500000995_116492145726271172.jpg</path>
  <source>
    <database>Unknown</database>
  </source>
  <size>
    <width>640</width>
    <height>360</height>
    <depth>0</depth>
  </size>
  <segmented>0</segmented>
  <object>
    <name>tea_table</name>
    <pose>Unspecified</pose>
    <truncated>0</truncated>
    <difficult>0</difficult>
    <bndbox>
      <xmin>156.82</xmin>
      <ymin>40.91</ymin>
      <xmax>440.00</xmax>
      <ymax>196.82</ymax>
    </bndbox>
  </object>
  <object>
    <name>sofa</name>
    <pose>Unspecified</pose>
    <truncated>0</truncated>
    <difficult>0</difficult>
    <bndbox>
      <xmin>403.64</xmin>
      <ymin>0.91</ymin>
      <xmax>640.00</xmax>
      <ymax>185.91</ymax>
    </bndbox>
  </object>
</annotation>