<?xml version="1.0" encoding="UTF-8" ?>
<annotation>
  <folder>RGB100W_542500000135_116446834207587079.jpg</folder>
  <filename>RGB100W_542500000135_116446834207587079.jpg</filename>
  <path>http://172.18.39.209:9000/aliimages1999999980/RGB100W_542500000135_116446834207587079.jpg</path>
  <source>
    <database>Unknown</database>
  </source>
  <size>
    <width>640</width>
    <height>360</height>
    <depth>0</depth>
  </size>
  <segmented>0</segmented>
  <object>
    <name>TV_stand</name>
    <pose>Unspecified</pose>
    <truncated>0</truncated>
    <difficult>0</difficult>
    <bndbox>
      <xmin>342.73</xmin>
      <ymin>110.00</ymin>
      <xmax>401.82</xmax>
      <ymax>145.91</ymax>
    </bndbox>
  </object>
  <object>
    <name>tea_table</name>
    <pose>Unspecified</pose>
    <truncated>0</truncated>
    <difficult>0</difficult>
    <bndbox>
      <xmin>443.64</xmin>
      <ymin>103.64</ymin>
      <xmax>503.64</xmax>
      <ymax>143.64</ymax>
    </bndbox>
  </object>
  <object>
    <name>sofa</name>
    <pose>Unspecified</pose>
    <truncated>0</truncated>
    <difficult>0</difficult>
    <bndbox>
      <xmin>522.73</xmin>
      <ymin>15.00</ymin>
      <xmax>640.00</xmax>
      <ymax>146.82</ymax>
    </bndbox>
  </object>
</annotation>