<?xml version="1.0" encoding="UTF-8" ?>
<annotation>
  <folder>RGB100W_542500000141_116444929409245236.jpg</folder>
  <filename>RGB100W_542500000141_116444929409245236.jpg</filename>
  <path>http://172.18.39.209:9000/aliimages1999999980/RGB100W_542500000141_116444929409245236.jpg</path>
  <source>
    <database>Unknown</database>
  </source>
  <size>
    <width>640</width>
    <height>360</height>
    <depth>0</depth>
  </size>
  <segmented>0</segmented>
  <object>
    <name>sofa</name>
    <pose>Unspecified</pose>
    <truncated>0</truncated>
    <difficult>0</difficult>
    <bndbox>
      <xmin>245.91</xmin>
      <ymin>82.73</ymin>
      <xmax>380.00</xmax>
      <ymax>172.73</ymax>
    </bndbox>
  </object>
  <object>
    <name>tea_table</name>
    <pose>Unspecified</pose>
    <truncated>0</truncated>
    <difficult>0</difficult>
    <bndbox>
      <xmin>0.91</xmin>
      <ymin>98.64</ymin>
      <xmax>241.82</xmax>
      <ymax>173.64</ymax>
    </bndbox>
  </object>
</annotation>