<?xml version="1.0" encoding="UTF-8" ?>
<annotation>
  <folder>RGB100W_542500000112_116445230236867761.jpg</folder>
  <filename>RGB100W_542500000112_116445230236867761.jpg</filename>
  <path>http://172.18.39.209:9000/aliimages1999999980/RGB100W_542500000112_116445230236867761.jpg</path>
  <source>
    <database>Unknown</database>
  </source>
  <size>
    <width>640</width>
    <height>360</height>
    <depth>0</depth>
  </size>
  <segmented>0</segmented>
  <object>
    <name>tea_table</name>
    <pose>Unspecified</pose>
    <truncated>0</truncated>
    <difficult>0</difficult>
    <bndbox>
      <xmin>22.73</xmin>
      <ymin>8.64</ymin>
      <xmax>236.82</xmax>
      <ymax>176.82</ymax>
    </bndbox>
  </object>
  <object>
    <name>sofa</name>
    <pose>Unspecified</pose>
    <truncated>0</truncated>
    <difficult>0</difficult>
    <bndbox>
      <xmin>0.91</xmin>
      <ymin>0.91</ymin>
      <xmax>280.91</xmax>
      <ymax>168.64</ymax>
    </bndbox>
  </object>
  <object>
    <name>sofa</name>
    <pose>Unspecified</pose>
    <truncated>0</truncated>
    <difficult>0</difficult>
    <bndbox>
      <xmin>270.00</xmin>
      <ymin>1.82</ymin>
      <xmax>640.00</xmax>
      <ymax>165.91</ymax>
    </bndbox>
  </object>
</annotation>