<?xml version="1.0" encoding="UTF-8" ?>
<annotation>
  <folder>RGB100W_542500000141_116444932534731646.jpg</folder>
  <filename>RGB100W_542500000141_116444932534731646.jpg</filename>
  <path>http://172.18.39.209:9000/aliimages1999999980/RGB100W_542500000141_116444932534731646.jpg</path>
  <source>
    <database>Unknown</database>
  </source>
  <size>
    <width>640</width>
    <height>360</height>
    <depth>0</depth>
  </size>
  <segmented>0</segmented>
  <object>
    <name>tea_table</name>
    <pose>Unspecified</pose>
    <truncated>0</truncated>
    <difficult>0</difficult>
    <bndbox>
      <xmin>35.00</xmin>
      <ymin>127.73</ymin>
      <xmax>183.64</xmax>
      <ymax>171.82</ymax>
    </bndbox>
  </object>
  <object>
    <name>sofa</name>
    <pose>Unspecified</pose>
    <truncated>0</truncated>
    <difficult>0</difficult>
    <bndbox>
      <xmin>15.00</xmin>
      <ymin>105.00</ymin>
      <xmax>198.64</xmax>
      <ymax>170.00</ymax>
    </bndbox>
  </object>
  <object>
    <name>sofa</name>
    <pose>Unspecified</pose>
    <truncated>0</truncated>
    <difficult>0</difficult>
    <bndbox>
      <xmin>195.91</xmin>
      <ymin>106.82</ymin>
      <xmax>276.82</xmax>
      <ymax>167.73</ymax>
    </bndbox>
  </object>
</annotation>