<?xml version="1.0" encoding="UTF-8" ?>
<annotation>
  <folder>RGB100W_542500000141_116444933085483926.jpg</folder>
  <filename>RGB100W_542500000141_116444933085483926.jpg</filename>
  <path>http://172.18.39.209:9000/aliimages1999999980/RGB100W_542500000141_116444933085483926.jpg</path>
  <source>
    <database>Unknown</database>
  </source>
  <size>
    <width>640</width>
    <height>360</height>
    <depth>0</depth>
  </size>
  <segmented>0</segmented>
  <object>
    <name>sofa</name>
    <pose>Unspecified</pose>
    <truncated>0</truncated>
    <difficult>0</difficult>
    <bndbox>
      <xmin>102.73</xmin>
      <ymin>51.82</ymin>
      <xmax>253.64</xmax>
      <ymax>172.73</ymax>
    </bndbox>
  </object>
  <object>
    <name>sofa</name>
    <pose>Unspecified</pose>
    <truncated>0</truncated>
    <difficult>0</difficult>
    <bndbox>
      <xmin>242.73</xmin>
      <ymin>80.00</ymin>
      <xmax>470.91</xmax>
      <ymax>168.64</ymax>
    </bndbox>
  </object>
  <object>
    <name>sofa</name>
    <pose>Unspecified</pose>
    <truncated>0</truncated>
    <difficult>0</difficult>
    <bndbox>
      <xmin>482.73</xmin>
      <ymin>66.82</ymin>
      <xmax>640.00</xmax>
      <ymax>170.91</ymax>
    </bndbox>
  </object>
  <object>
    <name>tea_table</name>
    <pose>Unspecified</pose>
    <truncated>0</truncated>
    <difficult>0</difficult>
    <bndbox>
      <xmin>266.82</xmin>
      <ymin>103.64</ymin>
      <xmax>460.91</xmax>
      <ymax>170.91</ymax>
    </bndbox>
  </object>
  <object>
    <name>TV_stand</name>
    <pose>Unspecified</pose>
    <truncated>0</truncated>
    <difficult>0</difficult>
    <bndbox>
      <xmin>0.91</xmin>
      <ymin>110.00</ymin>
      <xmax>95.91</xmax>
      <ymax>175.00</ymax>
    </bndbox>
  </object>
</annotation>