<?xml version="1.0" encoding="UTF-8" ?>
<annotation>
  <folder>RGB100W_542500000995_116503384317574493.jpg</folder>
  <filename>RGB100W_542500000995_116503384317574493.jpg</filename>
  <path>http://172.18.39.209:9000/aliimages1999999980/RGB100W_542500000995_116503384317574493.jpg</path>
  <source>
    <database>Unknown</database>
  </source>
  <size>
    <width>640</width>
    <height>360</height>
    <depth>0</depth>
  </size>
  <segmented>0</segmented>
  <object>
    <name>sofa</name>
    <pose>Unspecified</pose>
    <truncated>0</truncated>
    <difficult>0</difficult>
    <bndbox>
      <xmin>295.00</xmin>
      <ymin>45.00</ymin>
      <xmax>440.91</xmax>
      <ymax>185.00</ymax>
    </bndbox>
  </object>
  <object>
    <name>tea_table</name>
    <pose>Unspecified</pose>
    <truncated>0</truncated>
    <difficult>0</difficult>
    <bndbox>
      <xmin>101.82</xmin>
      <ymin>115.91</ymin>
      <xmax>235.00</xmax>
      <ymax>187.73</ymax>
    </bndbox>
  </object>
</annotation>