<?xml version="1.0" encoding="UTF-8" ?>
<annotation>
  <folder>RGB100W_CRL9993I202006069999_1591699570931613.jpg</folder>
  <filename>RGB100W_CRL9993I202006069999_1591699570931613.jpg</filename>
  <path>http://172.18.39.209:9000/aliimages1999999996/RGB100W_CRL9993I202006069999_1591699570931613.jpg</path>
  <source>
    <database>Unknown</database>
  </source>
  <size>
    <width>642</width>
    <height>361</height>
    <depth>0</depth>
  </size>
  <segmented>0</segmented>
  <object>
    <name>weight_scale</name>
    <pose>Unspecified</pose>
    <truncated>0</truncated>
    <difficult>0</difficult>
    <bndbox>
      <xmin>203.18</xmin>
      <ymin>156.82</ymin>
      <xmax>365.45</xmax>
      <ymax>177.27</ymax>
    </bndbox>
  </object>
  <object>
    <name>wire</name>
    <pose>Unspecified</pose>
    <truncated>0</truncated>
    <difficult>0</difficult>
    <bndbox>
      <xmin>602.73</xmin>
      <ymin>110.91</ymin>
      <xmax>640.91</xmax>
      <ymax>160.45</ymax>
    </bndbox>
  </object>
  <object>
    <name>tea_table</name>
    <pose>Unspecified</pose>
    <truncated>0</truncated>
    <difficult>0</difficult>
    <bndbox>
      <xmin>88.18</xmin>
      <ymin>0.45</ymin>
      <xmax>264.55</xmax>
      <ymax>166.82</ymax>
    </bndbox>
  </object>
</annotation>