<?xml version="1.0" encoding="UTF-8" ?>
<annotation>
  <folder>RGB100W_542500000995_116468781094364139.jpg</folder>
  <filename>RGB100W_542500000995_116468781094364139.jpg</filename>
  <path>http://172.18.39.209:9000/aliimages1999999980/RGB100W_542500000995_116468781094364139.jpg</path>
  <source>
    <database>Unknown</database>
  </source>
  <size>
    <width>640</width>
    <height>360</height>
    <depth>0</depth>
  </size>
  <segmented>0</segmented>
  <object>
    <name>tea_table</name>
    <pose>Unspecified</pose>
    <truncated>0</truncated>
    <difficult>0</difficult>
    <bndbox>
      <xmin>326.82</xmin>
      <ymin>113.64</ymin>
      <xmax>432.73</xmax>
      <ymax>181.82</ymax>
    </bndbox>
  </object>
  <object>
    <name>TV_stand</name>
    <pose>Unspecified</pose>
    <truncated>0</truncated>
    <difficult>0</difficult>
    <bndbox>
      <xmin>458.64</xmin>
      <ymin>88.64</ymin>
      <xmax>640.00</xmax>
      <ymax>180.91</ymax>
    </bndbox>
  </object>
  <object>
    <name>sofa</name>
    <pose>Unspecified</pose>
    <truncated>0</truncated>
    <difficult>0</difficult>
    <bndbox>
      <xmin>0.91</xmin>
      <ymin>0.91</ymin>
      <xmax>328.64</xmax>
      <ymax>195.00</ymax>
    </bndbox>
  </object>
</annotation>