<?xml version="1.0" encoding="UTF-8" ?>
<annotation>
  <folder>RGB100W_CRL9993I202006069999_1591606883253118.jpg</folder>
  <filename>RGB100W_CRL9993I202006069999_1591606883253118.jpg</filename>
  <path>http://172.18.39.209:9000/aliimages2021122805/RGB100W_CRL9993I202006069999_1591606883253118.jpg</path>
  <source>
    <database>Unknown</database>
  </source>
  <size>
    <width>1280</width>
    <height>719</height>
    <depth>0</depth>
  </size>
  <segmented>0</segmented>
  <object>
    <name>tea_table</name>
    <pose>Unspecified</pose>
    <truncated>0</truncated>
    <difficult>0</difficult>
    <bndbox>
      <xmin>470.35</xmin>
      <ymin>194.85</ymin>
      <xmax>739.51</xmax>
      <ymax>326.25</ymax>
    </bndbox>
  </object>
</annotation>