<?xml version="1.0" encoding="UTF-8" ?>
<annotation>
  <folder>RGB100W_542500000129_116445563563767185.jpg</folder>
  <filename>RGB100W_542500000129_116445563563767185.jpg</filename>
  <path>http://172.18.39.209:9000/aliimages1999999980/RGB100W_542500000129_116445563563767185.jpg</path>
  <source>
    <database>Unknown</database>
  </source>
  <size>
    <width>640</width>
    <height>360</height>
    <depth>0</depth>
  </size>
  <segmented>0</segmented>
  <object>
    <name>sofa</name>
    <pose>Unspecified</pose>
    <truncated>0</truncated>
    <difficult>0</difficult>
    <bndbox>
      <xmin>256.82</xmin>
      <ymin>0.91</ymin>
      <xmax>425.91</xmax>
      <ymax>148.64</ymax>
    </bndbox>
  </object>
  <object>
    <name>tea_table</name>
    <pose>Unspecified</pose>
    <truncated>0</truncated>
    <difficult>0</difficult>
    <bndbox>
      <xmin>445.00</xmin>
      <ymin>70.00</ymin>
      <xmax>615.00</xmax>
      <ymax>141.82</ymax>
    </bndbox>
  </object>
</annotation>