<?xml version="1.0" encoding="UTF-8" ?>
<annotation>
  <folder>RGB100W_CRL9993I202006069999_1591700172222617.jpg</folder>
  <filename>RGB100W_CRL9993I202006069999_1591700172222617.jpg</filename>
  <path>http://172.18.39.209:9000/aliimages2021122805/RGB100W_CRL9993I202006069999_1591700172222617.jpg</path>
  <source>
    <database>Unknown</database>
  </source>
  <size>
    <width>1280</width>
    <height>719</height>
    <depth>0</depth>
  </size>
  <segmented>0</segmented>
  <object>
    <name>person_leg</name>
    <pose>Unspecified</pose>
    <truncated>0</truncated>
    <difficult>0</difficult>
    <bndbox>
      <xmin>15.41</xmin>
      <ymin>0.91</ymin>
      <xmax>371.57</xmax>
      <ymax>411.44</ymax>
    </bndbox>
  </object>
  <object>
    <name>sofa</name>
    <pose>Unspecified</pose>
    <truncated>0</truncated>
    <difficult>0</difficult>
    <bndbox>
      <xmin>933.45</xmin>
      <ymin>20.84</ymin>
      <xmax>1279.64</xmax>
      <ymax>379.72</ymax>
    </bndbox>
  </object>
  <object>
    <name>tea_table</name>
    <pose>Unspecified</pose>
    <truncated>0</truncated>
    <difficult>0</difficult>
    <bndbox>
      <xmin>516.57</xmin>
      <ymin>114.19</ymin>
      <xmax>958.82</xmax>
      <ymax>389.69</ymax>
    </bndbox>
  </object>
  <object>
    <name>slipper</name>
    <pose>Unspecified</pose>
    <truncated>0</truncated>
    <difficult>0</difficult>
    <bndbox>
      <xmin>42.59</xmin>
      <ymin>306.32</ymin>
      <xmax>371.57</xmax>
      <ymax>411.44</ymax>
    </bndbox>
  </object>
  <object>
    <name>weight_scale</name>
    <pose>Unspecified</pose>
    <truncated>0</truncated>
    <difficult>0</difficult>
    <bndbox>
      <xmin>368.85</xmin>
      <ymin>391.50</ymin>
      <xmax>813.82</xmax>
      <ymax>468.54</ymax>
    </bndbox>
  </object>
  <object>
    <name>chair_base</name>
    <pose>Unspecified</pose>
    <truncated>0</truncated>
    <difficult>0</difficult>
    <bndbox>
      <xmin>352.53</xmin>
      <ymin>338.94</ymin>
      <xmax>431.38</xmax>
      <ymax>365.22</ymax>
    </bndbox>
  </object>
</annotation>