<?xml version="1.0" encoding="UTF-8" ?>
<annotation>
  <folder>RGB100W_CRL9993I202006069999_1591692220430697.jpg</folder>
  <filename>RGB100W_CRL9993I202006069999_1591692220430697.jpg</filename>
  <path>http://172.18.39.209:9000/aliimages1999999990/RGB100W_CRL9993I202006069999_1591692220430697.jpg</path>
  <source>
    <database>Unknown</database>
  </source>
  <size>
    <width>642</width>
    <height>361</height>
    <depth>0</depth>
  </size>
  <segmented>0</segmented>
  <object>
    <name>sofa</name>
    <pose>Unspecified</pose>
    <truncated>0</truncated>
    <difficult>0</difficult>
    <bndbox>
      <xmin>98.64</xmin>
      <ymin>0.45</ymin>
      <xmax>360.45</xmax>
      <ymax>195.00</ymax>
    </bndbox>
  </object>
  <object>
    <name>tea_table</name>
    <pose>Unspecified</pose>
    <truncated>0</truncated>
    <difficult>0</difficult>
    <bndbox>
      <xmin>331.36</xmin>
      <ymin>107.73</ymin>
      <xmax>459.55</xmax>
      <ymax>194.55</ymax>
    </bndbox>
  </object>
  <object>
    <name>chair_base</name>
    <pose>Unspecified</pose>
    <truncated>0</truncated>
    <difficult>0</difficult>
    <bndbox>
      <xmin>543.64</xmin>
      <ymin>166.36</ymin>
      <xmax>616.82</xmax>
      <ymax>193.18</ymax>
    </bndbox>
  </object>
</annotation>