<?xml version="1.0" encoding="UTF-8" ?>
<annotation>
  <folder>RGB100W_202006292023_116444736323530370.jpg</folder>
  <filename>RGB100W_202006292023_116444736323530370.jpg</filename>
  <path>http://172.18.39.209:9000/aliimages1999999990/RGB100W_202006292023_116444736323530370.jpg</path>
  <source>
    <database>Unknown</database>
  </source>
  <size>
    <width>642</width>
    <height>361</height>
    <depth>0</depth>
  </size>
  <segmented>0</segmented>
  <object>
    <name>door_anno</name>
    <pose>Unspecified</pose>
    <truncated>0</truncated>
    <difficult>0</difficult>
    <bndbox>
      <xmin>226.36</xmin>
      <ymin>77.73</ymin>
      <xmax>287.27</xmax>
      <ymax>201.36</ymax>
    </bndbox>
  </object>
  <object>
    <name>tea_table</name>
    <pose>Unspecified</pose>
    <truncated>0</truncated>
    <difficult>0</difficult>
    <bndbox>
      <xmin>404.09</xmin>
      <ymin>0.45</ymin>
      <xmax>641.82</xmax>
      <ymax>213.64</ymax>
    </bndbox>
  </object>
</annotation>