<?xml version="1.0" encoding="UTF-8" ?>
<annotation>
  <folder>RGB100W_CRL30VDJ208Z2123_116450826123088683.jpg</folder>
  <filename>RGB100W_CRL30VDJ208Z2123_116450826123088683.jpg</filename>
  <path>http://172.18.39.209:9000/aliimages1999999980/RGB100W_CRL30VDJ208Z2123_116450826123088683.jpg</path>
  <source>
    <database>Unknown</database>
  </source>
  <size>
    <width>640</width>
    <height>360</height>
    <depth>0</depth>
  </size>
  <segmented>0</segmented>
  <object>
    <name>metal_chair_foot</name>
    <pose>Unspecified</pose>
    <truncated>0</truncated>
    <difficult>0</difficult>
    <bndbox>
      <xmin>210.00</xmin>
      <ymin>180.91</ymin>
      <xmax>617.73</xmax>
      <ymax>235.00</ymax>
    </bndbox>
  </object>
  <object>
    <name>metal_chair_foot</name>
    <pose>Unspecified</pose>
    <truncated>0</truncated>
    <difficult>0</difficult>
    <bndbox>
      <xmin>345.00</xmin>
      <ymin>165.91</ymin>
      <xmax>360.91</xmax>
      <ymax>178.64</ymax>
    </bndbox>
  </object>
  <object>
    <name>tea_table</name>
    <pose>Unspecified</pose>
    <truncated>0</truncated>
    <difficult>0</difficult>
    <bndbox>
      <xmin>330.00</xmin>
      <ymin>116.82</ymin>
      <xmax>398.64</xmax>
      <ymax>173.64</ymax>
    </bndbox>
  </object>
  <object>
    <name>sofa</name>
    <pose>Unspecified</pose>
    <truncated>0</truncated>
    <difficult>0</difficult>
    <bndbox>
      <xmin>405.91</xmin>
      <ymin>96.82</ymin>
      <xmax>563.64</xmax>
      <ymax>175.91</ymax>
    </bndbox>
  </object>
  <object>
    <name>sofa</name>
    <pose>Unspecified</pose>
    <truncated>0</truncated>
    <difficult>0</difficult>
    <bndbox>
      <xmin>253.64</xmin>
      <ymin>106.82</ymin>
      <xmax>326.82</xmax>
      <ymax>177.73</ymax>
    </bndbox>
  </object>
</annotation>