<?xml version="1.0" encoding="UTF-8" ?>
<annotation>
  <folder>RGB100W_542500000995_116509330745507499.jpg</folder>
  <filename>RGB100W_542500000995_116509330745507499.jpg</filename>
  <path>http://172.18.39.209:9000/aliimages1999999980/RGB100W_542500000995_116509330745507499.jpg</path>
  <source>
    <database>Unknown</database>
  </source>
  <size>
    <width>640</width>
    <height>360</height>
    <depth>0</depth>
  </size>
  <segmented>0</segmented>
  <object>
    <name>tea_table</name>
    <pose>Unspecified</pose>
    <truncated>0</truncated>
    <difficult>0</difficult>
    <bndbox>
      <xmin>195.91</xmin>
      <ymin>43.64</ymin>
      <xmax>495.00</xmax>
      <ymax>195.91</ymax>
    </bndbox>
  </object>
  <object>
    <name>TV_stand</name>
    <pose>Unspecified</pose>
    <truncated>0</truncated>
    <difficult>0</difficult>
    <bndbox>
      <xmin>93.64</xmin>
      <ymin>102.73</ymin>
      <xmax>340.91</xmax>
      <ymax>186.82</ymax>
    </bndbox>
  </object>
</annotation>