<?xml version="1.0" encoding="UTF-8" ?>
<annotation>
  <folder>RGB100W_542500001364_116444838747276840.jpg</folder>
  <filename>RGB100W_542500001364_116444838747276840.jpg</filename>
  <path>http://172.18.39.209:9000/aliimages1999999990/RGB100W_542500001364_116444838747276840.jpg</path>
  <source>
    <database>Unknown</database>
  </source>
  <size>
    <width>640</width>
    <height>360</height>
    <depth>0</depth>
  </size>
  <segmented>0</segmented>
  <object>
    <name>dog</name>
    <pose>Unspecified</pose>
    <truncated>0</truncated>
    <difficult>0</difficult>
    <bndbox>
      <xmin>373.64</xmin>
      <ymin>135.00</ymin>
      <xmax>451.82</xmax>
      <ymax>165.00</ymax>
    </bndbox>
  </object>
  <object>
    <name>tea_table</name>
    <pose>Unspecified</pose>
    <truncated>0</truncated>
    <difficult>0</difficult>
    <bndbox>
      <xmin>288.64</xmin>
      <ymin>123.64</ymin>
      <xmax>346.82</xmax>
      <ymax>165.91</ymax>
    </bndbox>
  </object>
  <object>
    <name>sofa</name>
    <pose>Unspecified</pose>
    <truncated>0</truncated>
    <difficult>0</difficult>
    <bndbox>
      <xmin>75.91</xmin>
      <ymin>80.91</ymin>
      <xmax>290.91</xmax>
      <ymax>166.82</ymax>
    </bndbox>
  </object>
</annotation>