<?xml version="1.0" encoding="UTF-8" ?>
<annotation>
  <folder>RGB200W_010102104221008_116445208613831672.jpg</folder>
  <filename>RGB200W_010102104221008_116445208613831672.jpg</filename>
  <path>http://172.18.39.209:9000/aliimages2021122806/RGB200W_010102104221008_116445208613831672.jpg</path>
  <source>
    <database>Unknown</database>
  </source>
  <size>
    <width>642</width>
    <height>362</height>
    <depth>0</depth>
  </size>
  <segmented>0</segmented>
  <object>
    <name>person_leg</name>
    <pose>Unspecified</pose>
    <truncated>0</truncated>
    <difficult>0</difficult>
    <bndbox>
      <xmin>245.00</xmin>
      <ymin>218.64</ymin>
      <xmax>262.73</xmax>
      <ymax>255.00</ymax>
    </bndbox>
  </object>
  <object>
    <name>person_leg</name>
    <pose>Unspecified</pose>
    <truncated>0</truncated>
    <difficult>0</difficult>
    <bndbox>
      <xmin>223.64</xmin>
      <ymin>215.91</ymin>
      <xmax>240.00</xmax>
      <ymax>255.00</ymax>
    </bndbox>
  </object>
  <object>
    <name>blanket</name>
    <pose>Unspecified</pose>
    <truncated>0</truncated>
    <difficult>0</difficult>
    <bndbox>
      <xmin>330.45</xmin>
      <ymin>238.18</ymin>
      <xmax>641.82</xmax>
      <ymax>315.45</ymax>
    </bndbox>
  </object>
  <object>
    <name>tea_table</name>
    <pose>Unspecified</pose>
    <truncated>0</truncated>
    <difficult>0</difficult>
    <bndbox>
      <xmin>292.27</xmin>
      <ymin>186.36</ymin>
      <xmax>425.45</xmax>
      <ymax>254.09</ymax>
    </bndbox>
  </object>
  <object>
    <name>tea_table</name>
    <pose>Unspecified</pose>
    <truncated>0</truncated>
    <difficult>0</difficult>
    <bndbox>
      <xmin>206.82</xmin>
      <ymin>114.09</ymin>
      <xmax>243.64</xmax>
      <ymax>250.91</ymax>
    </bndbox>
  </object>
  <object>
    <name>tea_table</name>
    <pose>Unspecified</pose>
    <truncated>0</truncated>
    <difficult>0</difficult>
    <bndbox>
      <xmin>101.82</xmin>
      <ymin>105.45</ymin>
      <xmax>188.18</xmax>
      <ymax>253.18</ymax>
    </bndbox>
  </object>
  <object>
    <name>person</name>
    <pose>Unspecified</pose>
    <truncated>0</truncated>
    <difficult>0</difficult>
    <bndbox>
      <xmin>220.00</xmin>
      <ymin>135.45</ymin>
      <xmax>269.09</xmax>
      <ymax>255.00</ymax>
    </bndbox>
  </object>
  <object>
    <name>sofa</name>
    <pose>Unspecified</pose>
    <truncated>0</truncated>
    <difficult>0</difficult>
    <bndbox>
      <xmin>425.91</xmin>
      <ymin>184.55</ymin>
      <xmax>590.91</xmax>
      <ymax>244.55</ymax>
    </bndbox>
  </object>
</annotation>