<?xml version="1.0" encoding="UTF-8" ?>
<annotation>
  <folder>RGB200W_29984_99999954_116447500132200634.jpg</folder>
  <filename>RGB200W_29984_99999954_116447500132200634.jpg</filename>
  <path>http://172.18.39.209:9000/aliimages1999999990/RGB200W_29984_99999954_116447500132200634.jpg</path>
  <source>
    <database>Unknown</database>
  </source>
  <size>
    <width>642</width>
    <height>362</height>
    <depth>0</depth>
  </size>
  <segmented>0</segmented>
  <object>
    <name>sofa</name>
    <pose>Unspecified</pose>
    <truncated>0</truncated>
    <difficult>0</difficult>
    <bndbox>
      <xmin>180.91</xmin>
      <ymin>130.00</ymin>
      <xmax>305.00</xmax>
      <ymax>211.82</ymax>
    </bndbox>
  </object>
  <object>
    <name>sofa</name>
    <pose>Unspecified</pose>
    <truncated>0</truncated>
    <difficult>0</difficult>
    <bndbox>
      <xmin>86.82</xmin>
      <ymin>161.82</ymin>
      <xmax>207.73</xmax>
      <ymax>210.00</ymax>
    </bndbox>
  </object>
  <object>
    <name>tea_table</name>
    <pose>Unspecified</pose>
    <truncated>0</truncated>
    <difficult>0</difficult>
    <bndbox>
      <xmin>37.73</xmin>
      <ymin>170.00</ymin>
      <xmax>133.64</xmax>
      <ymax>215.00</ymax>
    </bndbox>
  </object>
</annotation>