<?xml version="1.0" encoding="UTF-8" ?>
<annotation>
  <folder>RGB200W_277985941_116447679795318819.jpg</folder>
  <filename>RGB200W_277985941_116447679795318819.jpg</filename>
  <path>http://172.18.39.209:9000/aliimages1999999999/RGB200W_277985941_116447679795318819.jpg</path>
  <source>
    <database>Unknown</database>
  </source>
  <size>
    <width>642</width>
    <height>361</height>
    <depth>0</depth>
  </size>
  <segmented>0</segmented>
  <object>
    <name>tea_table</name>
    <pose>Unspecified</pose>
    <truncated>0</truncated>
    <difficult>0</difficult>
    <bndbox>
      <xmin>268.18</xmin>
      <ymin>31.36</ymin>
      <xmax>622.73</xmax>
      <ymax>226.36</ymax>
    </bndbox>
  </object>
</annotation>