<?xml version="1.0" encoding="UTF-8" ?>
<annotation>
  <folder>RGB200W_29984CRL30V00000172_116448646944907490.jpg</folder>
  <filename>RGB200W_29984CRL30V00000172_116448646944907490.jpg</filename>
  <path>http://172.18.39.209:9000/aliimages1999999996/RGB200W_29984CRL30V00000172_116448646944907490.jpg</path>
  <source>
    <database>Unknown</database>
  </source>
  <size>
    <width>642</width>
    <height>362</height>
    <depth>0</depth>
  </size>
  <segmented>0</segmented>
  <object>
    <name>tea_table</name>
    <pose>Unspecified</pose>
    <truncated>0</truncated>
    <difficult>0</difficult>
    <bndbox>
      <xmin>0.91</xmin>
      <ymin>0.91</ymin>
      <xmax>202.73</xmax>
      <ymax>220.91</ymax>
    </bndbox>
  </object>
  <object>
    <name>sofa</name>
    <pose>Unspecified</pose>
    <truncated>0</truncated>
    <difficult>0</difficult>
    <bndbox>
      <xmin>330.00</xmin>
      <ymin>0.91</ymin>
      <xmax>641.82</xmax>
      <ymax>265.00</ymax>
    </bndbox>
  </object>
</annotation>