<?xml version="1.0" encoding="UTF-8" ?>
<annotation>
  <folder>RGB200W_CRL9993I202006069999_1591691473468316.jpg</folder>
  <filename>RGB200W_CRL9993I202006069999_1591691473468316.jpg</filename>
  <path>http://172.18.39.209:9000/aliimages1999999990/RGB200W_CRL9993I202006069999_1591691473468316.jpg</path>
  <source>
    <database>Unknown</database>
  </source>
  <size>
    <width>642</width>
    <height>361</height>
    <depth>0</depth>
  </size>
  <segmented>0</segmented>
  <object>
    <name>wire</name>
    <pose>Unspecified</pose>
    <truncated>0</truncated>
    <difficult>0</difficult>
    <bndbox>
      <xmin>209.55</xmin>
      <ymin>164.09</ymin>
      <xmax>280.00</xmax>
      <ymax>201.82</ymax>
    </bndbox>
  </object>
  <object>
    <name>chair_base</name>
    <pose>Unspecified</pose>
    <truncated>0</truncated>
    <difficult>0</difficult>
    <bndbox>
      <xmin>309.55</xmin>
      <ymin>183.64</ymin>
      <xmax>381.36</xmax>
      <ymax>199.55</ymax>
    </bndbox>
  </object>
  <object>
    <name>wire</name>
    <pose>Unspecified</pose>
    <truncated>0</truncated>
    <difficult>0</difficult>
    <bndbox>
      <xmin>68.64</xmin>
      <ymin>161.36</ymin>
      <xmax>165.00</xmax>
      <ymax>177.27</ymax>
    </bndbox>
  </object>
  <object>
    <name>tea_table</name>
    <pose>Unspecified</pose>
    <truncated>0</truncated>
    <difficult>0</difficult>
    <bndbox>
      <xmin>0.00</xmin>
      <ymin>86.36</ymin>
      <xmax>327.27</xmax>
      <ymax>205.45</ymax>
    </bndbox>
  </object>
  <object>
    <name>cabinet</name>
    <pose>Unspecified</pose>
    <truncated>0</truncated>
    <difficult>0</difficult>
    <bndbox>
      <xmin>64.09</xmin>
      <ymin>0.00</ymin>
      <xmax>236.36</xmax>
      <ymax>97.27</ymax>
    </bndbox>
  </object>
</annotation>