<?xml version="1.0" encoding="UTF-8" ?>
<annotation>
  <folder>RGB200W_29984_99999368_116445442843865067.jpg</folder>
  <filename>RGB200W_29984_99999368_116445442843865067.jpg</filename>
  <path>http://172.18.39.209:9000/aliimages1999999996/RGB200W_29984_99999368_116445442843865067.jpg</path>
  <source>
    <database>Unknown</database>
  </source>
  <size>
    <width>642</width>
    <height>362</height>
    <depth>0</depth>
  </size>
  <segmented>0</segmented>
  <object>
    <name>sofa</name>
    <pose>Unspecified</pose>
    <truncated>0</truncated>
    <difficult>0</difficult>
    <bndbox>
      <xmin>396.82</xmin>
      <ymin>30.91</ymin>
      <xmax>641.82</xmax>
      <ymax>226.82</ymax>
    </bndbox>
  </object>
  <object>
    <name>tea_table</name>
    <pose>Unspecified</pose>
    <truncated>0</truncated>
    <difficult>0</difficult>
    <bndbox>
      <xmin>178.64</xmin>
      <ymin>63.64</ymin>
      <xmax>400.00</xmax>
      <ymax>220.91</ymax>
    </bndbox>
  </object>
</annotation>