<?xml version="1.0" encoding="UTF-8" ?>
<annotation>
  <folder>2022011701</folder>
  <filename>RGB200W_29984CRL30V00065052_1637759058_5516.jpg</filename>
  <path>http://172.18.39.209:9000/aliimages/2022011701/RGB200W_29984CRL30V00065052_1637759058_5516.jpg</path>
  <source>
    <database>Unknown</database>
  </source>
  <size>
    <width>642</width>
    <height>362</height>
    <depth>0</depth>
  </size>
  <segmented>0</segmented>
  <object>
    <name>tea_table</name>
    <pose>Unspecified</pose>
    <truncated>0</truncated>
    <difficult>0</difficult>
    <bndbox>
      <xmin>330.00</xmin>
      <ymin>148.64</ymin>
      <xmax>415.45</xmax>
      <ymax>205.45</ymax>
    </bndbox>
  </object>
  <object>
    <name>sofa</name>
    <pose>Unspecified</pose>
    <truncated>0</truncated>
    <difficult>0</difficult>
    <bndbox>
      <xmin>414.55</xmin>
      <ymin>82.73</ymin>
      <xmax>566.36</xmax>
      <ymax>212.27</ymax>
    </bndbox>
  </object>
  <object>
    <name>TV_stand</name>
    <pose>Unspecified</pose>
    <truncated>0</truncated>
    <difficult>0</difficult>
    <bndbox>
      <xmin>185.00</xmin>
      <ymin>141.36</ymin>
      <xmax>242.73</xmax>
      <ymax>203.64</ymax>
    </bndbox>
  </object>
  <object>
    <name>dust_collector</name>
    <pose>Unspecified</pose>
    <truncated>0</truncated>
    <difficult>0</difficult>
    <bndbox>
      <xmin>153.18</xmin>
      <ymin>102.73</ymin>
      <xmax>196.36</xmax>
      <ymax>204.55</ymax>
    </bndbox>
  </object>
</annotation>