<?xml version="1.0" encoding="UTF-8" ?>
<annotation>
  <folder>RGB200W_277985948_116444801062790521.jpg</folder>
  <filename>RGB200W_277985948_116444801062790521.jpg</filename>
  <path>http://172.18.39.209:9000/aliimages1999999983/RGB200W_277985948_116444801062790521.jpg</path>
  <source>
    <database>Unknown</database>
  </source>
  <size>
    <width>642</width>
    <height>361</height>
    <depth>0</depth>
  </size>
  <segmented>0</segmented>
  <object>
    <name>TV_stand</name>
    <pose>Unspecified</pose>
    <truncated>0</truncated>
    <difficult>0</difficult>
    <bndbox>
      <xmin>1.36</xmin>
      <ymin>32.73</ymin>
      <xmax>203.18</xmax>
      <ymax>220.91</ymax>
    </bndbox>
  </object>
  <object>
    <name>tea_table</name>
    <pose>Unspecified</pose>
    <truncated>0</truncated>
    <difficult>0</difficult>
    <bndbox>
      <xmin>322.27</xmin>
      <ymin>0.45</ymin>
      <xmax>641.82</xmax>
      <ymax>222.27</ymax>
    </bndbox>
  </object>
</annotation>