<?xml version="1.0" encoding="UTF-8" ?>
<annotation>
  <folder>RGB200W_29984_99999368_116445106262112954.jpg</folder>
  <filename>RGB200W_29984_99999368_116445106262112954.jpg</filename>
  <path>http://172.18.39.209:9000/aliimages1999999996/RGB200W_29984_99999368_116445106262112954.jpg</path>
  <source>
    <database>Unknown</database>
  </source>
  <size>
    <width>642</width>
    <height>362</height>
    <depth>0</depth>
  </size>
  <segmented>0</segmented>
  <object>
    <name>tea_table</name>
    <pose>Unspecified</pose>
    <truncated>0</truncated>
    <difficult>0</difficult>
    <bndbox>
      <xmin>13.64</xmin>
      <ymin>92.73</ymin>
      <xmax>281.82</xmax>
      <ymax>218.64</ymax>
    </bndbox>
  </object>
  <object>
    <name>TV_stand</name>
    <pose>Unspecified</pose>
    <truncated>0</truncated>
    <difficult>0</difficult>
    <bndbox>
      <xmin>408.64</xmin>
      <ymin>115.00</ymin>
      <xmax>641.82</xmax>
      <ymax>221.82</ymax>
    </bndbox>
  </object>
</annotation>