<?xml version="1.0" encoding="UTF-8" ?>
<annotation>
  <folder>2021061702</folder>
  <filename>RGB200W_010102104221023_116444775200167890_UP20210617.jpg</filename>
  <path>http://172.18.39.209:9000/aliimages/2021061702/RGB200W_010102104221023_116444775200167890_UP20210617.jpg</path>
  <source>
    <database>Unknown</database>
  </source>
  <size>
    <width>642</width>
    <height>362</height>
    <depth>0</depth>
  </size>
  <segmented>0</segmented>
  <object>
    <name>wire</name>
    <pose>Unspecified</pose>
    <truncated>0</truncated>
    <difficult>0</difficult>
    <bndbox>
      <xmin>479.09</xmin>
      <ymin>160.91</ymin>
      <xmax>546.36</xmax>
      <ymax>196.36</ymax>
    </bndbox>
  </object>
  <object>
    <name>&#xd;
refrigerator</name>
    <pose>Unspecified</pose>
    <truncated>0</truncated>
    <difficult>0</difficult>
    <bndbox>
      <xmin>388.18</xmin>
      <ymin>47.27</ymin>
      <xmax>468.64</xmax>
      <ymax>205.91</ymax>
    </bndbox>
  </object>
  <object>
    <name>bed1</name>
    <pose>Unspecified</pose>
    <truncated>0</truncated>
    <difficult>0</difficult>
    <bndbox>
      <xmin>0.00</xmin>
      <ymin>11.82</ymin>
      <xmax>376.82</xmax>
      <ymax>216.82</ymax>
    </bndbox>
  </object>
</annotation>