<?xml version="1.0" encoding="UTF-8" ?>
<annotation>
  <folder>2021061702</folder>
  <filename>RGB200W_010102104221028_116446715253725390_UP20210617.jpg</filename>
  <path>http://172.18.39.209:9000/aliimages/2021061702/RGB200W_010102104221028_116446715253725390_UP20210617.jpg</path>
  <source>
    <database>Unknown</database>
  </source>
  <size>
    <width>642</width>
    <height>362</height>
    <depth>0</depth>
  </size>
  <segmented>0</segmented>
  <object>
    <name>TV_stand</name>
    <pose>Unspecified</pose>
    <truncated>0</truncated>
    <difficult>0</difficult>
    <bndbox>
      <xmin>14.55</xmin>
      <ymin>108.18</ymin>
      <xmax>265.00</xmax>
      <ymax>223.18</ymax>
    </bndbox>
  </object>
  <object>
    <name>tea_table1</name>
    <pose>Unspecified</pose>
    <truncated>0</truncated>
    <difficult>0</difficult>
    <bndbox>
      <xmin>356.82</xmin>
      <ymin>102.27</ymin>
      <xmax>552.73</xmax>
      <ymax>228.64</ymax>
    </bndbox>
  </object>
  <object>
    <name>sofa</name>
    <pose>Unspecified</pose>
    <truncated>0</truncated>
    <difficult>0</difficult>
    <bndbox>
      <xmin>456.36</xmin>
      <ymin>70.00</ymin>
      <xmax>641.82</xmax>
      <ymax>217.73</ymax>
    </bndbox>
  </object>
</annotation>