<?xml version="1.0" encoding="UTF-8" ?>
<annotation>
  <folder>RGB200W_010102104221004_116444862836980712.jpg</folder>
  <filename>RGB200W_010102104221004_116444862836980712.jpg</filename>
  <path>http://172.18.39.209:9000/aliimages2021122806/RGB200W_010102104221004_116444862836980712.jpg</path>
  <source>
    <database>Unknown</database>
  </source>
  <size>
    <width>642</width>
    <height>362</height>
    <depth>0</depth>
  </size>
  <segmented>0</segmented>
  <object>
    <name>person_leg</name>
    <pose>Unspecified</pose>
    <truncated>0</truncated>
    <difficult>0</difficult>
    <bndbox>
      <xmin>290.00</xmin>
      <ymin>165.00</ymin>
      <xmax>310.00</xmax>
      <ymax>210.91</ymax>
    </bndbox>
  </object>
  <object>
    <name>tea_table</name>
    <pose>Unspecified</pose>
    <truncated>0</truncated>
    <difficult>0</difficult>
    <bndbox>
      <xmin>0.91</xmin>
      <ymin>117.73</ymin>
      <xmax>177.73</xmax>
      <ymax>213.64</ymax>
    </bndbox>
  </object>
  <object>
    <name>sofa_1</name>
    <pose>Unspecified</pose>
    <truncated>0</truncated>
    <difficult>0</difficult>
    <bndbox>
      <xmin>45.00</xmin>
      <ymin>141.82</ymin>
      <xmax>305.91</xmax>
      <ymax>208.64</ymax>
    </bndbox>
  </object>
  <object>
    <name>trash_can</name>
    <pose>Unspecified</pose>
    <truncated>0</truncated>
    <difficult>0</difficult>
    <bndbox>
      <xmin>314.09</xmin>
      <ymin>161.82</ymin>
      <xmax>357.27</xmax>
      <ymax>212.73</ymax>
    </bndbox>
  </object>
</annotation>