<?xml version="1.0" encoding="UTF-8" ?>
<annotation>
  <folder>RGB200W_277985941_116448548865658759.jpg</folder>
  <filename>RGB200W_277985941_116448548865658759.jpg</filename>
  <path>http://172.18.39.209:9000/aliimages1999999999/RGB200W_277985941_116448548865658759.jpg</path>
  <source>
    <database>Unknown</database>
  </source>
  <size>
    <width>642</width>
    <height>361</height>
    <depth>0</depth>
  </size>
  <segmented>0</segmented>
  <object>
    <name>sofa_1</name>
    <pose>Unspecified</pose>
    <truncated>0</truncated>
    <difficult>0</difficult>
    <bndbox>
      <xmin>0.00</xmin>
      <ymin>0.45</ymin>
      <xmax>280.00</xmax>
      <ymax>225.00</ymax>
    </bndbox>
  </object>
  <object>
    <name>tea_table</name>
    <pose>Unspecified</pose>
    <truncated>0</truncated>
    <difficult>0</difficult>
    <bndbox>
      <xmin>327.73</xmin>
      <ymin>25.45</ymin>
      <xmax>598.18</xmax>
      <ymax>226.36</ymax>
    </bndbox>
  </object>
</annotation>