<?xml version="1.0" encoding="UTF-8" ?>
<annotation>
  <folder>RGB200W_CRL9993I202006069999_1594643356385955.jpg</folder>
  <filename>RGB200W_CRL9993I202006069999_1594643356385955.jpg</filename>
  <path>http://172.18.39.209:9000/aliimages1999999983/RGB200W_CRL9993I202006069999_1594643356385955.jpg</path>
  <source>
    <database>Unknown</database>
  </source>
  <size>
    <width>642</width>
    <height>361</height>
    <depth>0</depth>
  </size>
  <segmented>0</segmented>
  <object>
    <name>tea_table</name>
    <pose>Unspecified</pose>
    <truncated>0</truncated>
    <difficult>0</difficult>
    <bndbox>
      <xmin>128.64</xmin>
      <ymin>1.82</ymin>
      <xmax>641.82</xmax>
      <ymax>242.73</ymax>
    </bndbox>
  </object>
  <object>
    <name>door_anno</name>
    <pose>Unspecified</pose>
    <truncated>0</truncated>
    <difficult>0</difficult>
    <bndbox>
      <xmin>71.82</xmin>
      <ymin>0.45</ymin>
      <xmax>203.18</xmax>
      <ymax>197.27</ymax>
    </bndbox>
  </object>
  <object>
    <name>chair_base</name>
    <pose>Unspecified</pose>
    <truncated>0</truncated>
    <difficult>0</difficult>
    <bndbox>
      <xmin>26.36</xmin>
      <ymin>183.18</ymin>
      <xmax>98.64</xmax>
      <ymax>197.27</ymax>
    </bndbox>
  </object>
</annotation>