<?xml version="1.0" encoding="UTF-8" ?>
<annotation>
  <folder>RGB200W_CRL9993I202006069999_1594646264619654.jpg</folder>
  <filename>RGB200W_CRL9993I202006069999_1594646264619654.jpg</filename>
  <path>http://172.18.39.209:9000/aliimages1999999999/RGB200W_CRL9993I202006069999_1594646264619654.jpg</path>
  <source>
    <database>Unknown</database>
  </source>
  <size>
    <width>642</width>
    <height>361</height>
    <depth>0</depth>
  </size>
  <segmented>0</segmented>
  <object>
    <name>tea_table</name>
    <pose>Unspecified</pose>
    <truncated>0</truncated>
    <difficult>0</difficult>
    <bndbox>
      <xmin>244.55</xmin>
      <ymin>101.36</ymin>
      <xmax>413.18</xmax>
      <ymax>187.73</ymax>
    </bndbox>
  </object>
  <object>
    <name>sofa</name>
    <pose>Unspecified</pose>
    <truncated>0</truncated>
    <difficult>0</difficult>
    <bndbox>
      <xmin>411.36</xmin>
      <ymin>78.18</ymin>
      <xmax>641.82</xmax>
      <ymax>188.64</ymax>
    </bndbox>
  </object>
</annotation>