<?xml version="1.0" encoding="UTF-8" ?>
<annotation>
  <folder>RGB200W_29984CRL30V00000172_116457926073972833.jpg</folder>
  <filename>RGB200W_29984CRL30V00000172_116457926073972833.jpg</filename>
  <path>http://172.18.39.209:9000/aliimages1999999996/RGB200W_29984CRL30V00000172_116457926073972833.jpg</path>
  <source>
    <database>Unknown</database>
  </source>
  <size>
    <width>642</width>
    <height>362</height>
    <depth>0</depth>
  </size>
  <segmented>0</segmented>
  <object>
    <name>tea_table</name>
    <pose>Unspecified</pose>
    <truncated>0</truncated>
    <difficult>0</difficult>
    <bndbox>
      <xmin>117.73</xmin>
      <ymin>111.82</ymin>
      <xmax>355.91</xmax>
      <ymax>207.73</ymax>
    </bndbox>
  </object>
  <object>
    <name>sofa</name>
    <pose>Unspecified</pose>
    <truncated>0</truncated>
    <difficult>0</difficult>
    <bndbox>
      <xmin>348.64</xmin>
      <ymin>92.73</ymin>
      <xmax>623.64</xmax>
      <ymax>210.00</ymax>
    </bndbox>
  </object>
</annotation>