<?xml version="1.0" encoding="UTF-8" ?>
<annotation>
  <folder>RGB200W_277985941_116448209685647423.jpg</folder>
  <filename>RGB200W_277985941_116448209685647423.jpg</filename>
  <path>http://172.18.39.209:9000/aliimages1999999983/RGB200W_277985941_116448209685647423.jpg</path>
  <source>
    <database>Unknown</database>
  </source>
  <size>
    <width>642</width>
    <height>361</height>
    <depth>0</depth>
  </size>
  <segmented>0</segmented>
  <object>
    <name>cat</name>
    <pose>Unspecified</pose>
    <truncated>0</truncated>
    <difficult>0</difficult>
    <bndbox>
      <xmin>397.27</xmin>
      <ymin>132.73</ymin>
      <xmax>556.36</xmax>
      <ymax>215.00</ymax>
    </bndbox>
  </object>
  <object>
    <name>tea_table</name>
    <pose>Unspecified</pose>
    <truncated>0</truncated>
    <difficult>0</difficult>
    <bndbox>
      <xmin>0.45</xmin>
      <ymin>0.00</ymin>
      <xmax>545.45</xmax>
      <ymax>264.55</ymax>
    </bndbox>
  </object>
</annotation>