<?xml version="1.0" encoding="UTF-8" ?>
<annotation>
  <folder>RGB200W_CRL9993I202006069999_1594644927884275.jpg</folder>
  <filename>RGB200W_CRL9993I202006069999_1594644927884275.jpg</filename>
  <path>http://172.18.39.209:9000/aliimages1999999983/RGB200W_CRL9993I202006069999_1594644927884275.jpg</path>
  <source>
    <database>Unknown</database>
  </source>
  <size>
    <width>642</width>
    <height>361</height>
    <depth>0</depth>
  </size>
  <segmented>0</segmented>
  <object>
    <name>wire</name>
    <pose>Unspecified</pose>
    <truncated>0</truncated>
    <difficult>0</difficult>
    <bndbox>
      <xmin>298.18</xmin>
      <ymin>159.09</ymin>
      <xmax>307.73</xmax>
      <ymax>207.73</ymax>
    </bndbox>
  </object>
  <object>
    <name>weight_scale</name>
    <pose>Unspecified</pose>
    <truncated>0</truncated>
    <difficult>0</difficult>
    <bndbox>
      <xmin>287.73</xmin>
      <ymin>217.73</ymin>
      <xmax>332.73</xmax>
      <ymax>225.00</ymax>
    </bndbox>
  </object>
  <object>
    <name>TV_stand</name>
    <pose>Unspecified</pose>
    <truncated>0</truncated>
    <difficult>0</difficult>
    <bndbox>
      <xmin>248.18</xmin>
      <ymin>69.09</ymin>
      <xmax>313.64</xmax>
      <ymax>160.91</ymax>
    </bndbox>
  </object>
  <object>
    <name>tea_table</name>
    <pose>Unspecified</pose>
    <truncated>0</truncated>
    <difficult>0</difficult>
    <bndbox>
      <xmin>477.73</xmin>
      <ymin>65.00</ymin>
      <xmax>641.82</xmax>
      <ymax>226.36</ymax>
    </bndbox>
  </object>
</annotation>