<?xml version="1.0" encoding="UTF-8" ?>
<annotation>
  <folder>RGB200W_29984_99999445_116446237713499558.jpg</folder>
  <filename>RGB200W_29984_99999445_116446237713499558.jpg</filename>
  <path>http://172.18.39.209:9000/aliimages1999999990/RGB200W_29984_99999445_116446237713499558.jpg</path>
  <source>
    <database>Unknown</database>
  </source>
  <size>
    <width>642</width>
    <height>362</height>
    <depth>0</depth>
  </size>
  <segmented>0</segmented>
  <object>
    <name>sofa</name>
    <pose>Unspecified</pose>
    <truncated>0</truncated>
    <difficult>0</difficult>
    <bndbox>
      <xmin>0.91</xmin>
      <ymin>8.64</ymin>
      <xmax>320.91</xmax>
      <ymax>232.73</ymax>
    </bndbox>
  </object>
  <object>
    <name>tea_table</name>
    <pose>Unspecified</pose>
    <truncated>0</truncated>
    <difficult>0</difficult>
    <bndbox>
      <xmin>317.73</xmin>
      <ymin>116.82</ymin>
      <xmax>483.64</xmax>
      <ymax>227.73</ymax>
    </bndbox>
  </object>
  <object>
    <name>TV_stand</name>
    <pose>Unspecified</pose>
    <truncated>0</truncated>
    <difficult>0</difficult>
    <bndbox>
      <xmin>483.64</xmin>
      <ymin>157.73</ymin>
      <xmax>641.82</xmax>
      <ymax>228.64</ymax>
    </bndbox>
  </object>
</annotation>