<?xml version="1.0" encoding="UTF-8" ?>
<annotation>
  <folder>RGB200W_010102104221027_116448019796979917.jpg</folder>
  <filename>RGB200W_010102104221027_116448019796979917.jpg</filename>
  <path>http://172.18.39.209:9000/aliimages1999999986/RGB200W_010102104221027_116448019796979917.jpg</path>
  <source>
    <database>Unknown</database>
  </source>
  <size>
    <width>642</width>
    <height>362</height>
    <depth>0</depth>
  </size>
  <segmented>0</segmented>
  <object>
    <name>tea_table</name>
    <pose>Unspecified</pose>
    <truncated>0</truncated>
    <difficult>0</difficult>
    <bndbox>
      <xmin>360.00</xmin>
      <ymin>70.91</ymin>
      <xmax>607.73</xmax>
      <ymax>218.64</ymax>
    </bndbox>
  </object>
  <object>
    <name>sofa</name>
    <pose>Unspecified</pose>
    <truncated>0</truncated>
    <difficult>0</difficult>
    <bndbox>
      <xmin>540.91</xmin>
      <ymin>80.91</ymin>
      <xmax>641.82</xmax>
      <ymax>210.00</ymax>
    </bndbox>
  </object>
</annotation>