<?xml version="1.0" encoding="UTF-8" ?>
<annotation>
  <folder>RGB200W_CRL9993I202006069999_1591691608171932.jpg</folder>
  <filename>RGB200W_CRL9993I202006069999_1591691608171932.jpg</filename>
  <path>http://172.18.39.209:9000/aliimages1999999999/RGB200W_CRL9993I202006069999_1591691608171932.jpg</path>
  <source>
    <database>Unknown</database>
  </source>
  <size>
    <width>642</width>
    <height>361</height>
    <depth>0</depth>
  </size>
  <segmented>0</segmented>
  <object>
    <name>tea_table</name>
    <pose>Unspecified</pose>
    <truncated>0</truncated>
    <difficult>0</difficult>
    <bndbox>
      <xmin>223.18</xmin>
      <ymin>133.18</ymin>
      <xmax>341.36</xmax>
      <ymax>187.73</ymax>
    </bndbox>
  </object>
  <object>
    <name>sofa</name>
    <pose>Unspecified</pose>
    <truncated>0</truncated>
    <difficult>0</difficult>
    <bndbox>
      <xmin>114.55</xmin>
      <ymin>113.64</ymin>
      <xmax>226.36</xmax>
      <ymax>184.55</ymax>
    </bndbox>
  </object>
</annotation>