<?xml version="1.0" encoding="UTF-8" ?>
<annotation>
  <folder>RGB200W_010102104221001_116444746503864991.jpg</folder>
  <filename>RGB200W_010102104221001_116444746503864991.jpg</filename>
  <path>http://172.18.39.209:9000/aliimages2021122806/RGB200W_010102104221001_116444746503864991.jpg</path>
  <source>
    <database>Unknown</database>
  </source>
  <size>
    <width>642</width>
    <height>362</height>
    <depth>0</depth>
  </size>
  <segmented>0</segmented>
  <object>
    <name>person_leg</name>
    <pose>Unspecified</pose>
    <truncated>0</truncated>
    <difficult>0</difficult>
    <bndbox>
      <xmin>320.91</xmin>
      <ymin>138.64</ymin>
      <xmax>352.73</xmax>
      <ymax>210.00</ymax>
    </bndbox>
  </object>
  <object>
    <name>tea_table</name>
    <pose>Unspecified</pose>
    <truncated>0</truncated>
    <difficult>0</difficult>
    <bndbox>
      <xmin>152.73</xmin>
      <ymin>152.73</ymin>
      <xmax>271.82</xmax>
      <ymax>205.00</ymax>
    </bndbox>
  </object>
  <object>
    <name>sofa</name>
    <pose>Unspecified</pose>
    <truncated>0</truncated>
    <difficult>0</difficult>
    <bndbox>
      <xmin>266.82</xmin>
      <ymin>143.64</ymin>
      <xmax>346.82</xmax>
      <ymax>210.91</ymax>
    </bndbox>
  </object>
  <object>
    <name>slipper</name>
    <pose>Unspecified</pose>
    <truncated>0</truncated>
    <difficult>0</difficult>
    <bndbox>
      <xmin>320.00</xmin>
      <ymin>195.00</ymin>
      <xmax>345.91</xmax>
      <ymax>208.64</ymax>
    </bndbox>
  </object>
  <object>
    <name>shoe</name>
    <pose>Unspecified</pose>
    <truncated>0</truncated>
    <difficult>0</difficult>
    <bndbox>
      <xmin>520.91</xmin>
      <ymin>166.82</ymin>
      <xmax>620.91</xmax>
      <ymax>215.91</ymax>
    </bndbox>
  </object>
  <object>
    <name>person</name>
    <pose>Unspecified</pose>
    <truncated>0</truncated>
    <difficult>0</difficult>
    <bndbox>
      <xmin>293.64</xmin>
      <ymin>104.09</ymin>
      <xmax>353.64</xmax>
      <ymax>211.36</ymax>
    </bndbox>
  </object>
  <object>
    <name>dining_table</name>
    <pose>Unspecified</pose>
    <truncated>0</truncated>
    <difficult>0</difficult>
    <bndbox>
      <xmin>353.18</xmin>
      <ymin>112.27</ymin>
      <xmax>472.27</xmax>
      <ymax>207.73</ymax>
    </bndbox>
  </object>
  <object>
    <name>trash_can</name>
    <pose>Unspecified</pose>
    <truncated>0</truncated>
    <difficult>0</difficult>
    <bndbox>
      <xmin>340.45</xmin>
      <ymin>174.09</ymin>
      <xmax>375.45</xmax>
      <ymax>210.45</ymax>
    </bndbox>
  </object>
</annotation>