<?xml version="1.0" encoding="UTF-8" ?>
<annotation>
  <folder>RGB200W_2998499999403_116445190020504429.jpg</folder>
  <filename>RGB200W_2998499999403_116445190020504429.jpg</filename>
  <path>http://172.18.39.209:9000/aliimages1999999990/RGB200W_2998499999403_116445190020504429.jpg</path>
  <source>
    <database>Unknown</database>
  </source>
  <size>
    <width>642</width>
    <height>362</height>
    <depth>0</depth>
  </size>
  <segmented>0</segmented>
  <object>
    <name>wire</name>
    <pose>Unspecified</pose>
    <truncated>0</truncated>
    <difficult>0</difficult>
    <bndbox>
      <xmin>518.64</xmin>
      <ymin>38.64</ymin>
      <xmax>538.64</xmax>
      <ymax>155.91</ymax>
    </bndbox>
  </object>
  <object>
    <name>wire</name>
    <pose>Unspecified</pose>
    <truncated>0</truncated>
    <difficult>0</difficult>
    <bndbox>
      <xmin>512.73</xmin>
      <ymin>138.64</ymin>
      <xmax>530.00</xmax>
      <ymax>150.91</ymax>
    </bndbox>
  </object>
  <object>
    <name>wire</name>
    <pose>Unspecified</pose>
    <truncated>0</truncated>
    <difficult>0</difficult>
    <bndbox>
      <xmin>482.73</xmin>
      <ymin>138.64</ymin>
      <xmax>500.91</xmax>
      <ymax>151.82</ymax>
    </bndbox>
  </object>
  <object>
    <name>wire</name>
    <pose>Unspecified</pose>
    <truncated>0</truncated>
    <difficult>0</difficult>
    <bndbox>
      <xmin>432.73</xmin>
      <ymin>127.73</ymin>
      <xmax>445.91</xmax>
      <ymax>158.64</ymax>
    </bndbox>
  </object>
  <object>
    <name>wire</name>
    <pose>Unspecified</pose>
    <truncated>0</truncated>
    <difficult>0</difficult>
    <bndbox>
      <xmin>431.82</xmin>
      <ymin>95.00</ymin>
      <xmax>436.82</xmax>
      <ymax>130.00</ymax>
    </bndbox>
  </object>
  <object>
    <name>wire</name>
    <pose>Unspecified</pose>
    <truncated>0</truncated>
    <difficult>0</difficult>
    <bndbox>
      <xmin>441.82</xmin>
      <ymin>115.91</ymin>
      <xmax>458.64</xmax>
      <ymax>125.00</ymax>
    </bndbox>
  </object>
  <object>
    <name>TV_stand</name>
    <pose>Unspecified</pose>
    <truncated>0</truncated>
    <difficult>0</difficult>
    <bndbox>
      <xmin>347.73</xmin>
      <ymin>148.64</ymin>
      <xmax>540.91</xmax>
      <ymax>233.64</ymax>
    </bndbox>
  </object>
  <object>
    <name>bed1</name>
    <pose>Unspecified</pose>
    <truncated>0</truncated>
    <difficult>0</difficult>
    <bndbox>
      <xmin>2.73</xmin>
      <ymin>0.91</ymin>
      <xmax>200.91</xmax>
      <ymax>238.64</ymax>
    </bndbox>
  </object>
  <object>
    <name>tea_table</name>
    <pose>Unspecified</pose>
    <truncated>0</truncated>
    <difficult>0</difficult>
    <bndbox>
      <xmin>110.91</xmin>
      <ymin>158.64</ymin>
      <xmax>257.73</xmax>
      <ymax>233.64</ymax>
    </bndbox>
  </object>
  <object>
    <name>blanket</name>
    <pose>Unspecified</pose>
    <truncated>0</truncated>
    <difficult>0</difficult>
    <bndbox>
      <xmin>0.91</xmin>
      <ymin>235.91</ymin>
      <xmax>641.82</xmax>
      <ymax>356.82</ymax>
    </bndbox>
  </object>
</annotation>