<?xml version="1.0" encoding="UTF-8" ?>
<annotation>
  <folder>RGB200W_010102104301115_116445642362790485.jpg</folder>
  <filename>RGB200W_010102104301115_116445642362790485.jpg</filename>
  <path>http://172.18.39.209:9000/aliimages1999999986/RGB200W_010102104301115_116445642362790485.jpg</path>
  <source>
    <database>Unknown</database>
  </source>
  <size>
    <width>642</width>
    <height>362</height>
    <depth>0</depth>
  </size>
  <segmented>0</segmented>
  <object>
    <name>wire</name>
    <pose>Unspecified</pose>
    <truncated>0</truncated>
    <difficult>0</difficult>
    <bndbox>
      <xmin>20.91</xmin>
      <ymin>0.91</ymin>
      <xmax>300.00</xmax>
      <ymax>277.73</ymax>
    </bndbox>
  </object>
  <object>
    <name>tea_table</name>
    <pose>Unspecified</pose>
    <truncated>0</truncated>
    <difficult>0</difficult>
    <bndbox>
      <xmin>465.91</xmin>
      <ymin>66.82</ymin>
      <xmax>641.82</xmax>
      <ymax>232.73</ymax>
    </bndbox>
  </object>
  <object>
    <name>TV_stand</name>
    <pose>Unspecified</pose>
    <truncated>0</truncated>
    <difficult>0</difficult>
    <bndbox>
      <xmin>0.91</xmin>
      <ymin>0.91</ymin>
      <xmax>336.82</xmax>
      <ymax>222.73</ymax>
    </bndbox>
  </object>
</annotation>