<?xml version="1.0" encoding="UTF-8" ?>
<annotation>
  <folder>RGB200W_202006292029_116444746422656185.jpg</folder>
  <filename>RGB200W_202006292029_116444746422656185.jpg</filename>
  <path>http://172.18.39.209:9000/aliimages1999999990/RGB200W_202006292029_116444746422656185.jpg</path>
  <source>
    <database>Unknown</database>
  </source>
  <size>
    <width>642</width>
    <height>361</height>
    <depth>0</depth>
  </size>
  <segmented>0</segmented>
  <object>
    <name>door_anno</name>
    <pose>Unspecified</pose>
    <truncated>0</truncated>
    <difficult>0</difficult>
    <bndbox>
      <xmin>194.09</xmin>
      <ymin>56.36</ymin>
      <xmax>261.36</xmax>
      <ymax>210.91</ymax>
    </bndbox>
  </object>
  <object>
    <name>refrigerator</name>
    <pose>Unspecified</pose>
    <truncated>0</truncated>
    <difficult>0</difficult>
    <bndbox>
      <xmin>0.00</xmin>
      <ymin>0.00</ymin>
      <xmax>145.00</xmax>
      <ymax>211.36</ymax>
    </bndbox>
  </object>
  <object>
    <name>chair_base</name>
    <pose>Unspecified</pose>
    <truncated>0</truncated>
    <difficult>0</difficult>
    <bndbox>
      <xmin>293.64</xmin>
      <ymin>205.00</ymin>
      <xmax>322.27</xmax>
      <ymax>216.36</ymax>
    </bndbox>
  </object>
  <object>
    <name>tea_table</name>
    <pose>Unspecified</pose>
    <truncated>0</truncated>
    <difficult>0</difficult>
    <bndbox>
      <xmin>318.64</xmin>
      <ymin>180.00</ymin>
      <xmax>380.45</xmax>
      <ymax>220.45</ymax>
    </bndbox>
  </object>
  <object>
    <name>sofa1</name>
    <pose>Unspecified</pose>
    <truncated>0</truncated>
    <difficult>0</difficult>
    <bndbox>
      <xmin>520.91</xmin>
      <ymin>42.27</ymin>
      <xmax>641.82</xmax>
      <ymax>245.91</ymax>
    </bndbox>
  </object>
</annotation>