<?xml version="1.0" encoding="UTF-8" ?>
<annotation>
  <folder>2022012502</folder>
  <filename>RGB200W_29984CRL30V00066387_1637727940_2371.jpg</filename>
  <path>http://172.18.39.209:9000/aliimages/2022012502/RGB200W_29984CRL30V00066387_1637727940_2371.jpg</path>
  <source>
    <database>Unknown</database>
  </source>
  <size>
    <width>642</width>
    <height>362</height>
    <depth>0</depth>
  </size>
  <segmented>0</segmented>
  <object>
    <name>sofa</name>
    <pose>Unspecified</pose>
    <truncated>0</truncated>
    <difficult>0</difficult>
    <bndbox>
      <xmin>0.91</xmin>
      <ymin>0.91</ymin>
      <xmax>419.09</xmax>
      <ymax>240.91</ymax>
    </bndbox>
  </object>
  <object>
    <name>tea_table1</name>
    <pose>Unspecified</pose>
    <truncated>0</truncated>
    <difficult>0</difficult>
    <bndbox>
      <xmin>356.82</xmin>
      <ymin>0.00</ymin>
      <xmax>640.45</xmax>
      <ymax>245.45</ymax>
    </bndbox>
  </object>
</annotation>