<?xml version="1.0" encoding="UTF-8" ?>
<annotation>
  <folder>RGB200W_277985943_116449809013829291.jpg</folder>
  <filename>RGB200W_277985943_116449809013829291.jpg</filename>
  <path>http://172.18.39.209:9000/aliimages1999999983/RGB200W_277985943_116449809013829291.jpg</path>
  <source>
    <database>Unknown</database>
  </source>
  <size>
    <width>642</width>
    <height>361</height>
    <depth>0</depth>
  </size>
  <segmented>0</segmented>
  <object>
    <name>tea_table</name>
    <pose>Unspecified</pose>
    <truncated>0</truncated>
    <difficult>0</difficult>
    <bndbox>
      <xmin>148.18</xmin>
      <ymin>46.36</ymin>
      <xmax>328.64</xmax>
      <ymax>206.82</ymax>
    </bndbox>
  </object>
  <object>
    <name>wire</name>
    <pose>Unspecified</pose>
    <truncated>0</truncated>
    <difficult>0</difficult>
    <bndbox>
      <xmin>206.36</xmin>
      <ymin>12.73</ymin>
      <xmax>233.18</xmax>
      <ymax>49.55</ymax>
    </bndbox>
  </object>
  <object>
    <name>tea_table</name>
    <pose>Unspecified</pose>
    <truncated>0</truncated>
    <difficult>0</difficult>
    <bndbox>
      <xmin>520.91</xmin>
      <ymin>125.00</ymin>
      <xmax>593.64</xmax>
      <ymax>194.55</ymax>
    </bndbox>
  </object>
</annotation>