<?xml version="1.0" encoding="UTF-8" ?>
<annotation>
  <folder>RGB200W_29984_99999878_116444886584007602.jpg</folder>
  <filename>RGB200W_29984_99999878_116444886584007602.jpg</filename>
  <path>http://172.18.39.209:9000/aliimages1999999990/RGB200W_29984_99999878_116444886584007602.jpg</path>
  <source>
    <database>Unknown</database>
  </source>
  <size>
    <width>642</width>
    <height>362</height>
    <depth>0</depth>
  </size>
  <segmented>0</segmented>
  <object>
    <name>door_anno</name>
    <pose>Unspecified</pose>
    <truncated>0</truncated>
    <difficult>0</difficult>
    <bndbox>
      <xmin>430.00</xmin>
      <ymin>0.91</ymin>
      <xmax>620.00</xmax>
      <ymax>235.00</ymax>
    </bndbox>
  </object>
  <object>
    <name>sofa</name>
    <pose>Unspecified</pose>
    <truncated>0</truncated>
    <difficult>0</difficult>
    <bndbox>
      <xmin>293.64</xmin>
      <ymin>162.73</ymin>
      <xmax>370.91</xmax>
      <ymax>210.91</ymax>
    </bndbox>
  </object>
  <object>
    <name>tea_table</name>
    <pose>Unspecified</pose>
    <truncated>0</truncated>
    <difficult>0</difficult>
    <bndbox>
      <xmin>348.64</xmin>
      <ymin>177.73</ymin>
      <xmax>402.73</xmax>
      <ymax>210.91</ymax>
    </bndbox>
  </object>
</annotation>