<?xml version="1.0" encoding="UTF-8" ?>
<annotation>
  <folder>RGB200W_010102104221022_116444739825663526.jpg</folder>
  <filename>RGB200W_010102104221022_116444739825663526.jpg</filename>
  <path>http://172.18.39.209:9000/aliimages2021122806/RGB200W_010102104221022_116444739825663526.jpg</path>
  <source>
    <database>Unknown</database>
  </source>
  <size>
    <width>642</width>
    <height>362</height>
    <depth>0</depth>
  </size>
  <segmented>0</segmented>
  <object>
    <name>person_leg</name>
    <pose>Unspecified</pose>
    <truncated>0</truncated>
    <difficult>0</difficult>
    <bndbox>
      <xmin>142.73</xmin>
      <ymin>166.36</ymin>
      <xmax>163.64</xmax>
      <ymax>210.00</ymax>
    </bndbox>
  </object>
  <object>
    <name>person_leg</name>
    <pose>Unspecified</pose>
    <truncated>0</truncated>
    <difficult>0</difficult>
    <bndbox>
      <xmin>110.91</xmin>
      <ymin>165.00</ymin>
      <xmax>140.00</xmax>
      <ymax>210.00</ymax>
    </bndbox>
  </object>
  <object>
    <name>door_anno</name>
    <pose>Unspecified</pose>
    <truncated>0</truncated>
    <difficult>0</difficult>
    <bndbox>
      <xmin>170.00</xmin>
      <ymin>47.73</ymin>
      <xmax>245.00</xmax>
      <ymax>210.00</ymax>
    </bndbox>
  </object>
  <object>
    <name>door_anno</name>
    <pose>Unspecified</pose>
    <truncated>0</truncated>
    <difficult>0</difficult>
    <bndbox>
      <xmin>332.73</xmin>
      <ymin>71.82</ymin>
      <xmax>390.00</xmax>
      <ymax>210.91</ymax>
    </bndbox>
  </object>
  <object>
    <name>tea_table</name>
    <pose>Unspecified</pose>
    <truncated>0</truncated>
    <difficult>0</difficult>
    <bndbox>
      <xmin>370.00</xmin>
      <ymin>85.00</ymin>
      <xmax>600.00</xmax>
      <ymax>216.82</ymax>
    </bndbox>
  </object>
  <object>
    <name>wire</name>
    <pose>Unspecified</pose>
    <truncated>0</truncated>
    <difficult>0</difficult>
    <bndbox>
      <xmin>0.91</xmin>
      <ymin>130.00</ymin>
      <xmax>72.73</xmax>
      <ymax>155.91</ymax>
    </bndbox>
  </object>
  <object>
    <name>chair_base</name>
    <pose>Unspecified</pose>
    <truncated>0</truncated>
    <difficult>0</difficult>
    <bndbox>
      <xmin>27.73</xmin>
      <ymin>190.45</ymin>
      <xmax>103.18</xmax>
      <ymax>215.45</ymax>
    </bndbox>
  </object>
  <object>
    <name>person</name>
    <pose>Unspecified</pose>
    <truncated>0</truncated>
    <difficult>0</difficult>
    <bndbox>
      <xmin>577.73</xmin>
      <ymin>0.91</ymin>
      <xmax>641.36</xmax>
      <ymax>167.73</ymax>
    </bndbox>
  </object>
  <object>
    <name>person</name>
    <pose>Unspecified</pose>
    <truncated>0</truncated>
    <difficult>0</difficult>
    <bndbox>
      <xmin>110.00</xmin>
      <ymin>80.91</ymin>
      <xmax>184.09</xmax>
      <ymax>210.45</ymax>
    </bndbox>
  </object>
</annotation>