<?xml version="1.0" encoding="UTF-8" ?>
<annotation>
  <folder>RGB200W_CRL9993I202006069999_1591691744422754.jpg</folder>
  <filename>RGB200W_CRL9993I202006069999_1591691744422754.jpg</filename>
  <path>http://172.18.39.209:9000/aliimages1999999990/RGB200W_CRL9993I202006069999_1591691744422754.jpg</path>
  <source>
    <database>Unknown</database>
  </source>
  <size>
    <width>642</width>
    <height>361</height>
    <depth>0</depth>
  </size>
  <segmented>0</segmented>
  <object>
    <name>bed1</name>
    <pose>Unspecified</pose>
    <truncated>0</truncated>
    <difficult>0</difficult>
    <bndbox>
      <xmin>327.27</xmin>
      <ymin>144.55</ymin>
      <xmax>358.64</xmax>
      <ymax>190.00</ymax>
    </bndbox>
  </object>
  <object>
    <name>wire</name>
    <pose>Unspecified</pose>
    <truncated>0</truncated>
    <difficult>0</difficult>
    <bndbox>
      <xmin>205.91</xmin>
      <ymin>111.82</ymin>
      <xmax>214.09</xmax>
      <ymax>140.00</ymax>
    </bndbox>
  </object>
  <object>
    <name>wire</name>
    <pose>Unspecified</pose>
    <truncated>0</truncated>
    <difficult>0</difficult>
    <bndbox>
      <xmin>213.64</xmin>
      <ymin>152.27</ymin>
      <xmax>250.91</xmax>
      <ymax>170.00</ymax>
    </bndbox>
  </object>
  <object>
    <name>wire</name>
    <pose>Unspecified</pose>
    <truncated>0</truncated>
    <difficult>0</difficult>
    <bndbox>
      <xmin>183.18</xmin>
      <ymin>137.73</ymin>
      <xmax>215.00</xmax>
      <ymax>170.45</ymax>
    </bndbox>
  </object>
  <object>
    <name>refrigerator</name>
    <pose>Unspecified</pose>
    <truncated>0</truncated>
    <difficult>0</difficult>
    <bndbox>
      <xmin>378.64</xmin>
      <ymin>24.09</ymin>
      <xmax>516.82</xmax>
      <ymax>196.36</ymax>
    </bndbox>
  </object>
  <object>
    <name>tea_table</name>
    <pose>Unspecified</pose>
    <truncated>0</truncated>
    <difficult>0</difficult>
    <bndbox>
      <xmin>512.27</xmin>
      <ymin>117.27</ymin>
      <xmax>629.55</xmax>
      <ymax>193.64</ymax>
    </bndbox>
  </object>
</annotation>