<?xml version="1.0" encoding="UTF-8" ?>
<annotation>
  <folder>RGB200W_010102104301114_116446802985897005.jpg</folder>
  <filename>RGB200W_010102104301114_116446802985897005.jpg</filename>
  <path>http://172.18.39.209:9000/aliimages1999999986/RGB200W_010102104301114_116446802985897005.jpg</path>
  <source>
    <database>Unknown</database>
  </source>
  <size>
    <width>642</width>
    <height>362</height>
    <depth>0</depth>
  </size>
  <segmented>0</segmented>
  <object>
    <name>sofa1</name>
    <pose>Unspecified</pose>
    <truncated>0</truncated>
    <difficult>0</difficult>
    <bndbox>
      <xmin>287.73</xmin>
      <ymin>0.91</ymin>
      <xmax>621.82</xmax>
      <ymax>236.82</ymax>
    </bndbox>
  </object>
  <object>
    <name>tea_table</name>
    <pose>Unspecified</pose>
    <truncated>0</truncated>
    <difficult>0</difficult>
    <bndbox>
      <xmin>180.91</xmin>
      <ymin>0.91</ymin>
      <xmax>412.73</xmax>
      <ymax>256.82</ymax>
    </bndbox>
  </object>
  <object>
    <name>door_anno</name>
    <pose>Unspecified</pose>
    <truncated>0</truncated>
    <difficult>0</difficult>
    <bndbox>
      <xmin>111.82</xmin>
      <ymin>91.82</ymin>
      <xmax>190.00</xmax>
      <ymax>213.64</ymax>
    </bndbox>
  </object>
</annotation>