<?xml version="1.0" encoding="UTF-8" ?>
<annotation>
  <folder>RGB200W_CRL9993I202006069999_1591690563474182.jpg</folder>
  <filename>RGB200W_CRL9993I202006069999_1591690563474182.jpg</filename>
  <path>http://172.18.39.209:9000/aliimages1999999990/RGB200W_CRL9993I202006069999_1591690563474182.jpg</path>
  <source>
    <database>Unknown</database>
  </source>
  <size>
    <width>642</width>
    <height>361</height>
    <depth>0</depth>
  </size>
  <segmented>0</segmented>
  <object>
    <name>tea_table</name>
    <pose>Unspecified</pose>
    <truncated>0</truncated>
    <difficult>0</difficult>
    <bndbox>
      <xmin>136.82</xmin>
      <ymin>162.73</ymin>
      <xmax>223.18</xmax>
      <ymax>216.82</ymax>
    </bndbox>
  </object>
  <object>
    <name>refrigerator</name>
    <pose>Unspecified</pose>
    <truncated>0</truncated>
    <difficult>0</difficult>
    <bndbox>
      <xmin>219.09</xmin>
      <ymin>134.09</ymin>
      <xmax>265.45</xmax>
      <ymax>215.00</ymax>
    </bndbox>
  </object>
</annotation>