<?xml version="1.0" encoding="UTF-8" ?>
<annotation>
  <folder>RGB200W_277985931_116444756421663003.jpg</folder>
  <filename>RGB200W_277985931_116444756421663003.jpg</filename>
  <path>http://172.18.39.209:9000/aliimages1999999983/RGB200W_277985931_116444756421663003.jpg</path>
  <source>
    <database>Unknown</database>
  </source>
  <size>
    <width>642</width>
    <height>361</height>
    <depth>0</depth>
  </size>
  <segmented>0</segmented>
  <object>
    <name>tea_table</name>
    <pose>Unspecified</pose>
    <truncated>0</truncated>
    <difficult>0</difficult>
    <bndbox>
      <xmin>302.27</xmin>
      <ymin>125.00</ymin>
      <xmax>541.36</xmax>
      <ymax>214.55</ymax>
    </bndbox>
  </object>
  <object>
    <name>sofa</name>
    <pose>Unspecified</pose>
    <truncated>0</truncated>
    <difficult>0</difficult>
    <bndbox>
      <xmin>273.18</xmin>
      <ymin>144.55</ymin>
      <xmax>320.45</xmax>
      <ymax>208.18</ymax>
    </bndbox>
  </object>
</annotation>