<?xml version="1.0" encoding="UTF-8" ?>
<annotation>
  <folder>RGB200W_29984_99999878_116444845287551111.jpg</folder>
  <filename>RGB200W_29984_99999878_116444845287551111.jpg</filename>
  <path>http://172.18.39.209:9000/aliimages1999999990/RGB200W_29984_99999878_116444845287551111.jpg</path>
  <source>
    <database>Unknown</database>
  </source>
  <size>
    <width>642</width>
    <height>362</height>
    <depth>0</depth>
  </size>
  <segmented>0</segmented>
  <object>
    <name>slipper</name>
    <pose>Unspecified</pose>
    <truncated>0</truncated>
    <difficult>0</difficult>
    <bndbox>
      <xmin>470.00</xmin>
      <ymin>200.91</ymin>
      <xmax>513.64</xmax>
      <ymax>218.64</ymax>
    </bndbox>
  </object>
  <object>
    <name>tea_table</name>
    <pose>Unspecified</pose>
    <truncated>0</truncated>
    <difficult>0</difficult>
    <bndbox>
      <xmin>207.73</xmin>
      <ymin>101.82</ymin>
      <xmax>446.82</xmax>
      <ymax>223.64</ymax>
    </bndbox>
  </object>
  <object>
    <name>sofa1</name>
    <pose>Unspecified</pose>
    <truncated>0</truncated>
    <difficult>0</difficult>
    <bndbox>
      <xmin>2.73</xmin>
      <ymin>92.73</ymin>
      <xmax>193.64</xmax>
      <ymax>232.73</ymax>
    </bndbox>
  </object>
</annotation>