<?xml version="1.0" encoding="UTF-8" ?>
<annotation>
  <folder>RGB200W_CRL9993I202006069999_1594646383867299.jpg</folder>
  <filename>RGB200W_CRL9993I202006069999_1594646383867299.jpg</filename>
  <path>http://172.18.39.209:9000/aliimages1999999999/RGB200W_CRL9993I202006069999_1594646383867299.jpg</path>
  <source>
    <database>Unknown</database>
  </source>
  <size>
    <width>642</width>
    <height>361</height>
    <depth>0</depth>
  </size>
  <segmented>0</segmented>
  <object>
    <name>tea_table</name>
    <pose>Unspecified</pose>
    <truncated>0</truncated>
    <difficult>0</difficult>
    <bndbox>
      <xmin>40.91</xmin>
      <ymin>2.27</ymin>
      <xmax>360.91</xmax>
      <ymax>202.27</ymax>
    </bndbox>
  </object>
  <object>
    <name>wire</name>
    <pose>Unspecified</pose>
    <truncated>0</truncated>
    <difficult>0</difficult>
    <bndbox>
      <xmin>346.36</xmin>
      <ymin>190.91</ymin>
      <xmax>477.27</xmax>
      <ymax>220.45</ymax>
    </bndbox>
  </object>
</annotation>