<?xml version="1.0" encoding="UTF-8" ?>
<annotation>
  <folder>RGB200W_CRL9993I202006069999_1591690779380435.jpg</folder>
  <filename>RGB200W_CRL9993I202006069999_1591690779380435.jpg</filename>
  <path>http://172.18.39.209:9000/aliimages1999999983/RGB200W_CRL9993I202006069999_1591690779380435.jpg</path>
  <source>
    <database>Unknown</database>
  </source>
  <size>
    <width>642</width>
    <height>361</height>
    <depth>0</depth>
  </size>
  <segmented>0</segmented>
  <object>
    <name>tea_table</name>
    <pose>Unspecified</pose>
    <truncated>0</truncated>
    <difficult>0</difficult>
    <bndbox>
      <xmin>58.64</xmin>
      <ymin>97.73</ymin>
      <xmax>220.45</xmax>
      <ymax>228.64</ymax>
    </bndbox>
  </object>
  <object>
    <name>metal_chair_foot</name>
    <pose>Unspecified</pose>
    <truncated>0</truncated>
    <difficult>0</difficult>
    <bndbox>
      <xmin>126.82</xmin>
      <ymin>214.55</ymin>
      <xmax>327.27</xmax>
      <ymax>241.36</ymax>
    </bndbox>
  </object>
  <object>
    <name>wire</name>
    <pose>Unspecified</pose>
    <truncated>0</truncated>
    <difficult>0</difficult>
    <bndbox>
      <xmin>260.45</xmin>
      <ymin>59.55</ymin>
      <xmax>286.82</xmax>
      <ymax>181.82</ymax>
    </bndbox>
  </object>
</annotation>