<?xml version="1.0" encoding="UTF-8" ?>
<annotation>
  <folder>RGB200W_CRL9993I202006069999_1594646109616434.jpg</folder>
  <filename>RGB200W_CRL9993I202006069999_1594646109616434.jpg</filename>
  <path>http://172.18.39.209:9000/aliimages1999999983/RGB200W_CRL9993I202006069999_1594646109616434.jpg</path>
  <source>
    <database>Unknown</database>
  </source>
  <size>
    <width>642</width>
    <height>361</height>
    <depth>0</depth>
  </size>
  <segmented>0</segmented>
  <object>
    <name>sofa</name>
    <pose>Unspecified</pose>
    <truncated>0</truncated>
    <difficult>0</difficult>
    <bndbox>
      <xmin>327.73</xmin>
      <ymin>54.09</ymin>
      <xmax>563.64</xmax>
      <ymax>235.00</ymax>
    </bndbox>
  </object>
  <object>
    <name>tea_table</name>
    <pose>Unspecified</pose>
    <truncated>0</truncated>
    <difficult>0</difficult>
    <bndbox>
      <xmin>212.27</xmin>
      <ymin>131.82</ymin>
      <xmax>331.36</xmax>
      <ymax>226.36</ymax>
    </bndbox>
  </object>
</annotation>