<?xml version="1.0" encoding="UTF-8" ?>
<annotation>
  <folder>RGB200W_CRL9993I202006069999_1594646610486815.jpg</folder>
  <filename>RGB200W_CRL9993I202006069999_1594646610486815.jpg</filename>
  <path>http://172.18.39.209:9000/aliimages1999999999/RGB200W_CRL9993I202006069999_1594646610486815.jpg</path>
  <source>
    <database>Unknown</database>
  </source>
  <size>
    <width>642</width>
    <height>361</height>
    <depth>0</depth>
  </size>
  <segmented>0</segmented>
  <object>
    <name>door_anno</name>
    <pose>Unspecified</pose>
    <truncated>0</truncated>
    <difficult>0</difficult>
    <bndbox>
      <xmin>262.27</xmin>
      <ymin>55.00</ymin>
      <xmax>340.00</xmax>
      <ymax>227.27</ymax>
    </bndbox>
  </object>
  <object>
    <name>tea_table</name>
    <pose>Unspecified</pose>
    <truncated>0</truncated>
    <difficult>0</difficult>
    <bndbox>
      <xmin>340.45</xmin>
      <ymin>0.00</ymin>
      <xmax>641.82</xmax>
      <ymax>256.36</ymax>
    </bndbox>
  </object>
</annotation>