<?xml version="1.0" encoding="UTF-8" ?>
<annotation>
  <folder>RGB200W_010102104221013_116444749868463235.jpg</folder>
  <filename>RGB200W_010102104221013_116444749868463235.jpg</filename>
  <path>http://172.18.39.209:9000/aliimages2021122806/RGB200W_010102104221013_116444749868463235.jpg</path>
  <source>
    <database>Unknown</database>
  </source>
  <size>
    <width>642</width>
    <height>362</height>
    <depth>0</depth>
  </size>
  <segmented>0</segmented>
  <object>
    <name>person_leg</name>
    <pose>Unspecified</pose>
    <truncated>0</truncated>
    <difficult>0</difficult>
    <bndbox>
      <xmin>270.91</xmin>
      <ymin>81.36</ymin>
      <xmax>327.73</xmax>
      <ymax>210.00</ymax>
    </bndbox>
  </object>
  <object>
    <name>person_leg</name>
    <pose>Unspecified</pose>
    <truncated>0</truncated>
    <difficult>0</difficult>
    <bndbox>
      <xmin>330.00</xmin>
      <ymin>80.45</ymin>
      <xmax>365.91</xmax>
      <ymax>211.82</ymax>
    </bndbox>
  </object>
  <object>
    <name>tea_table</name>
    <pose>Unspecified</pose>
    <truncated>0</truncated>
    <difficult>0</difficult>
    <bndbox>
      <xmin>347.73</xmin>
      <ymin>142.73</ymin>
      <xmax>481.82</xmax>
      <ymax>206.82</ymax>
    </bndbox>
  </object>
  <object>
    <name>sofa_1</name>
    <pose>Unspecified</pose>
    <truncated>0</truncated>
    <difficult>0</difficult>
    <bndbox>
      <xmin>0.91</xmin>
      <ymin>0.91</ymin>
      <xmax>268.64</xmax>
      <ymax>223.64</ymax>
    </bndbox>
  </object>
  <object>
    <name>TV_stand</name>
    <pose>Unspecified</pose>
    <truncated>0</truncated>
    <difficult>0</difficult>
    <bndbox>
      <xmin>476.36</xmin>
      <ymin>140.00</ymin>
      <xmax>641.36</xmax>
      <ymax>210.00</ymax>
    </bndbox>
  </object>
  <object>
    <name>person</name>
    <pose>Unspecified</pose>
    <truncated>0</truncated>
    <difficult>0</difficult>
    <bndbox>
      <xmin>267.27</xmin>
      <ymin>13.64</ymin>
      <xmax>391.36</xmax>
      <ymax>211.82</ymax>
    </bndbox>
  </object>
</annotation>