<?xml version="1.0" encoding="UTF-8" ?>
<annotation>
  <folder>RGB200W_29984_99999352_116447022639367113.jpg</folder>
  <filename>RGB200W_29984_99999352_116447022639367113.jpg</filename>
  <path>http://172.18.39.209:9000/aliimages2021122806/RGB200W_29984_99999352_116447022639367113.jpg</path>
  <source>
    <database>Unknown</database>
  </source>
  <size>
    <width>642</width>
    <height>362</height>
    <depth>0</depth>
  </size>
  <segmented>0</segmented>
  <object>
    <name>person_leg</name>
    <pose>Unspecified</pose>
    <truncated>0</truncated>
    <difficult>0</difficult>
    <bndbox>
      <xmin>112.73</xmin>
      <ymin>170.00</ymin>
      <xmax>155.00</xmax>
      <ymax>212.73</ymax>
    </bndbox>
  </object>
  <object>
    <name>tea_table</name>
    <pose>Unspecified</pose>
    <truncated>0</truncated>
    <difficult>0</difficult>
    <bndbox>
      <xmin>145.00</xmin>
      <ymin>150.91</ymin>
      <xmax>257.73</xmax>
      <ymax>208.64</ymax>
    </bndbox>
  </object>
  <object>
    <name>sofa</name>
    <pose>Unspecified</pose>
    <truncated>0</truncated>
    <difficult>0</difficult>
    <bndbox>
      <xmin>0.91</xmin>
      <ymin>98.64</ymin>
      <xmax>103.64</xmax>
      <ymax>207.73</ymax>
    </bndbox>
  </object>
  <object>
    <name>wire</name>
    <pose>Unspecified</pose>
    <truncated>0</truncated>
    <difficult>0</difficult>
    <bndbox>
      <xmin>526.82</xmin>
      <ymin>176.82</ymin>
      <xmax>541.82</xmax>
      <ymax>205.00</ymax>
    </bndbox>
  </object>
  <object>
    <name>TV_stand</name>
    <pose>Unspecified</pose>
    <truncated>0</truncated>
    <difficult>0</difficult>
    <bndbox>
      <xmin>370.91</xmin>
      <ymin>120.91</ymin>
      <xmax>518.64</xmax>
      <ymax>210.00</ymax>
    </bndbox>
  </object>
  <object>
    <name>wire</name>
    <pose>Unspecified</pose>
    <truncated>0</truncated>
    <difficult>0</difficult>
    <bndbox>
      <xmin>420.91</xmin>
      <ymin>155.00</ymin>
      <xmax>435.91</xmax>
      <ymax>168.64</ymax>
    </bndbox>
  </object>
  <object>
    <name>blanket</name>
    <pose>Unspecified</pose>
    <truncated>0</truncated>
    <difficult>0</difficult>
    <bndbox>
      <xmin>17.27</xmin>
      <ymin>202.27</ymin>
      <xmax>306.82</xmax>
      <ymax>214.09</ymax>
    </bndbox>
  </object>
  <object>
    <name>person</name>
    <pose>Unspecified</pose>
    <truncated>0</truncated>
    <difficult>0</difficult>
    <bndbox>
      <xmin>50.45</xmin>
      <ymin>81.36</ymin>
      <xmax>148.18</xmax>
      <ymax>211.36</ymax>
    </bndbox>
  </object>
</annotation>