<?xml version="1.0" encoding="UTF-8" ?>
<annotation>
  <folder>RGB200W_CRL9993I202006069999_1591690644861030.jpg</folder>
  <filename>RGB200W_CRL9993I202006069999_1591690644861030.jpg</filename>
  <path>http://172.18.39.209:9000/aliimages1999999983/RGB200W_CRL9993I202006069999_1591690644861030.jpg</path>
  <source>
    <database>Unknown</database>
  </source>
  <size>
    <width>642</width>
    <height>361</height>
    <depth>0</depth>
  </size>
  <segmented>0</segmented>
  <object>
    <name>tea_table</name>
    <pose>Unspecified</pose>
    <truncated>0</truncated>
    <difficult>0</difficult>
    <bndbox>
      <xmin>8.64</xmin>
      <ymin>0.00</ymin>
      <xmax>318.64</xmax>
      <ymax>216.36</ymax>
    </bndbox>
  </object>
  <object>
    <name>TV_stand</name>
    <pose>Unspecified</pose>
    <truncated>0</truncated>
    <difficult>0</difficult>
    <bndbox>
      <xmin>480.00</xmin>
      <ymin>60.45</ymin>
      <xmax>641.82</xmax>
      <ymax>187.27</ymax>
    </bndbox>
  </object>
</annotation>