<?xml version="1.0" encoding="UTF-8" ?>
<annotation>
  <folder>2022011701</folder>
  <filename>RGB200W_29984CRL30V00065052_1637759152_5952.jpg</filename>
  <path>http://172.18.39.209:9000/aliimages/2022011701/RGB200W_29984CRL30V00065052_1637759152_5952.jpg</path>
  <source>
    <database>Unknown</database>
  </source>
  <size>
    <width>642</width>
    <height>362</height>
    <depth>0</depth>
  </size>
  <segmented>0</segmented>
  <object>
    <name>person_leg</name>
    <pose>Unspecified</pose>
    <truncated>0</truncated>
    <difficult>0</difficult>
    <bndbox>
      <xmin>235.00</xmin>
      <ymin>130.45</ymin>
      <xmax>276.82</xmax>
      <ymax>217.27</ymax>
    </bndbox>
  </object>
  <object>
    <name>person_leg</name>
    <pose>Unspecified</pose>
    <truncated>0</truncated>
    <difficult>0</difficult>
    <bndbox>
      <xmin>118.18</xmin>
      <ymin>139.09</ymin>
      <xmax>184.55</xmax>
      <ymax>206.82</ymax>
    </bndbox>
  </object>
  <object>
    <name>person_leg</name>
    <pose>Unspecified</pose>
    <truncated>0</truncated>
    <difficult>0</difficult>
    <bndbox>
      <xmin>38.18</xmin>
      <ymin>135.00</ymin>
      <xmax>115.45</xmax>
      <ymax>206.36</ymax>
    </bndbox>
  </object>
  <object>
    <name>slipper</name>
    <pose>Unspecified</pose>
    <truncated>0</truncated>
    <difficult>0</difficult>
    <bndbox>
      <xmin>236.36</xmin>
      <ymin>189.55</ymin>
      <xmax>275.91</xmax>
      <ymax>217.27</ymax>
    </bndbox>
  </object>
  <object>
    <name>slipper</name>
    <pose>Unspecified</pose>
    <truncated>0</truncated>
    <difficult>0</difficult>
    <bndbox>
      <xmin>117.73</xmin>
      <ymin>182.73</ymin>
      <xmax>175.91</xmax>
      <ymax>206.82</ymax>
    </bndbox>
  </object>
  <object>
    <name>slipper</name>
    <pose>Unspecified</pose>
    <truncated>0</truncated>
    <difficult>0</difficult>
    <bndbox>
      <xmin>39.09</xmin>
      <ymin>179.55</ymin>
      <xmax>116.82</xmax>
      <ymax>205.91</ymax>
    </bndbox>
  </object>
  <object>
    <name>tea_table1</name>
    <pose>Unspecified</pose>
    <truncated>0</truncated>
    <difficult>0</difficult>
    <bndbox>
      <xmin>1.82</xmin>
      <ymin>-0.91</ymin>
      <xmax>640.00</xmax>
      <ymax>229.55</ymax>
    </bndbox>
  </object>
</annotation>