<?xml version="1.0" encoding="UTF-8" ?>
<annotation>
  <folder>RGB200W_CRL9993I202006069999_1594646653424653.jpg</folder>
  <filename>RGB200W_CRL9993I202006069999_1594646653424653.jpg</filename>
  <path>http://172.18.39.209:9000/aliimages1999999999/RGB200W_CRL9993I202006069999_1594646653424653.jpg</path>
  <source>
    <database>Unknown</database>
  </source>
  <size>
    <width>642</width>
    <height>361</height>
    <depth>0</depth>
  </size>
  <segmented>0</segmented>
  <object>
    <name>tea_table</name>
    <pose>Unspecified</pose>
    <truncated>0</truncated>
    <difficult>0</difficult>
    <bndbox>
      <xmin>0.00</xmin>
      <ymin>0.00</ymin>
      <xmax>381.82</xmax>
      <ymax>242.73</ymax>
    </bndbox>
  </object>
  <object>
    <name>slipper</name>
    <pose>Unspecified</pose>
    <truncated>0</truncated>
    <difficult>0</difficult>
    <bndbox>
      <xmin>388.18</xmin>
      <ymin>181.36</ymin>
      <xmax>443.64</xmax>
      <ymax>200.91</ymax>
    </bndbox>
  </object>
  <object>
    <name>sofa_1</name>
    <pose>Unspecified</pose>
    <truncated>0</truncated>
    <difficult>0</difficult>
    <bndbox>
      <xmin>450.45</xmin>
      <ymin>0.00</ymin>
      <xmax>641.36</xmax>
      <ymax>215.00</ymax>
    </bndbox>
  </object>
  <object>
    <name>slipper </name>
    <pose>Unspecified</pose>
    <truncated>0</truncated>
    <difficult>0</difficult>
    <bndbox>
      <xmin>333.18</xmin>
      <ymin>181.82</ymin>
      <xmax>432.73</xmax>
      <ymax>218.64</ymax>
    </bndbox>
  </object>
</annotation>