<?xml version="1.0" encoding="UTF-8" ?>
<annotation>
  <folder>RGB200W_277985943_116445222399262397.jpg</folder>
  <filename>RGB200W_277985943_116445222399262397.jpg</filename>
  <path>http://172.18.39.209:9000/aliimages1999999990/RGB200W_277985943_116445222399262397.jpg</path>
  <source>
    <database>Unknown</database>
  </source>
  <size>
    <width>642</width>
    <height>361</height>
    <depth>0</depth>
  </size>
  <segmented>0</segmented>
  <object>
    <name>tea_table</name>
    <pose>Unspecified</pose>
    <truncated>0</truncated>
    <difficult>0</difficult>
    <bndbox>
      <xmin>310.91</xmin>
      <ymin>155.45</ymin>
      <xmax>352.73</xmax>
      <ymax>190.00</ymax>
    </bndbox>
  </object>
</annotation>