<?xml version="1.0" encoding="UTF-8" ?>
<annotation>
  <folder>RGB200W_010102104301116_116445519894913142.jpg</folder>
  <filename>RGB200W_010102104301116_116445519894913142.jpg</filename>
  <path>http://172.18.39.209:9000/aliimages1999999986/RGB200W_010102104301116_116445519894913142.jpg</path>
  <source>
    <database>Unknown</database>
  </source>
  <size>
    <width>642</width>
    <height>362</height>
    <depth>0</depth>
  </size>
  <segmented>0</segmented>
  <object>
    <name>tea_table</name>
    <pose>Unspecified</pose>
    <truncated>0</truncated>
    <difficult>0</difficult>
    <bndbox>
      <xmin>370.00</xmin>
      <ymin>162.73</ymin>
      <xmax>440.00</xmax>
      <ymax>201.82</ymax>
    </bndbox>
  </object>
</annotation>