<?xml version="1.0" encoding="UTF-8" ?>
<annotation>
  <folder>RGB200W_202006292027_116444824532969120.jpg</folder>
  <filename>RGB200W_202006292027_116444824532969120.jpg</filename>
  <path>http://172.18.39.209:9000/aliimages1999999999/RGB200W_202006292027_116444824532969120.jpg</path>
  <source>
    <database>Unknown</database>
  </source>
  <size>
    <width>642</width>
    <height>361</height>
    <depth>0</depth>
  </size>
  <segmented>0</segmented>
  <object>
    <name>sofa</name>
    <pose>Unspecified</pose>
    <truncated>0</truncated>
    <difficult>0</difficult>
    <bndbox>
      <xmin>0.45</xmin>
      <ymin>79.09</ymin>
      <xmax>288.64</xmax>
      <ymax>206.36</ymax>
    </bndbox>
  </object>
  <object>
    <name>tea_table</name>
    <pose>Unspecified</pose>
    <truncated>0</truncated>
    <difficult>0</difficult>
    <bndbox>
      <xmin>280.45</xmin>
      <ymin>74.55</ymin>
      <xmax>406.36</xmax>
      <ymax>205.00</ymax>
    </bndbox>
  </object>
</annotation>