<?xml version="1.0" encoding="UTF-8" ?>
<annotation>
  <folder>RGB200W_CRL9993I202006069999_1594646627052073.jpg</folder>
  <filename>RGB200W_CRL9993I202006069999_1594646627052073.jpg</filename>
  <path>http://172.18.39.209:9000/aliimages1999999983/RGB200W_CRL9993I202006069999_1594646627052073.jpg</path>
  <source>
    <database>Unknown</database>
  </source>
  <size>
    <width>642</width>
    <height>361</height>
    <depth>0</depth>
  </size>
  <segmented>0</segmented>
  <object>
    <name>tea_table</name>
    <pose>Unspecified</pose>
    <truncated>0</truncated>
    <difficult>0</difficult>
    <bndbox>
      <xmin>438.64</xmin>
      <ymin>34.09</ymin>
      <xmax>641.82</xmax>
      <ymax>199.55</ymax>
    </bndbox>
  </object>
  <object>
    <name>wire</name>
    <pose>Unspecified</pose>
    <truncated>0</truncated>
    <difficult>0</difficult>
    <bndbox>
      <xmin>518.64</xmin>
      <ymin>0.00</ymin>
      <xmax>570.91</xmax>
      <ymax>58.18</ymax>
    </bndbox>
  </object>
</annotation>