<?xml version="1.0" encoding="UTF-8" ?>
<annotation>
  <folder>RGB200W_010102104301114_116446962567321149.jpg</folder>
  <filename>RGB200W_010102104301114_116446962567321149.jpg</filename>
  <path>http://172.18.39.209:9000/aliimages1999999986/RGB200W_010102104301114_116446962567321149.jpg</path>
  <source>
    <database>Unknown</database>
  </source>
  <size>
    <width>642</width>
    <height>362</height>
    <depth>0</depth>
  </size>
  <segmented>0</segmented>
  <object>
    <name>wire</name>
    <pose>Unspecified</pose>
    <truncated>0</truncated>
    <difficult>0</difficult>
    <bndbox>
      <xmin>100.00</xmin>
      <ymin>120.91</ymin>
      <xmax>112.73</xmax>
      <ymax>203.64</ymax>
    </bndbox>
  </object>
  <object>
    <name>door_anno</name>
    <pose>Unspecified</pose>
    <truncated>0</truncated>
    <difficult>0</difficult>
    <bndbox>
      <xmin>256.82</xmin>
      <ymin>131.82</ymin>
      <xmax>305.91</xmax>
      <ymax>213.64</ymax>
    </bndbox>
  </object>
  <object>
    <name>tea_table</name>
    <pose>Unspecified</pose>
    <truncated>0</truncated>
    <difficult>0</difficult>
    <bndbox>
      <xmin>368.64</xmin>
      <ymin>110.91</ymin>
      <xmax>453.64</xmax>
      <ymax>216.82</ymax>
    </bndbox>
  </object>
  <object>
    <name>sofa1</name>
    <pose>Unspecified</pose>
    <truncated>0</truncated>
    <difficult>0</difficult>
    <bndbox>
      <xmin>393.64</xmin>
      <ymin>103.64</ymin>
      <xmax>641.82</xmax>
      <ymax>215.91</ymax>
    </bndbox>
  </object>
</annotation>