<?xml version="1.0" encoding="UTF-8" ?>
<annotation>
  <folder>2022011701</folder>
  <filename>RGB200W_29984CRL30V00065052_1637759018_5325.jpg</filename>
  <path>http://172.18.39.209:9000/aliimages/2022011701/RGB200W_29984CRL30V00065052_1637759018_5325.jpg</path>
  <source>
    <database>Unknown</database>
  </source>
  <size>
    <width>642</width>
    <height>362</height>
    <depth>0</depth>
  </size>
  <segmented>0</segmented>
  <object>
    <name>sofa1</name>
    <pose>Unspecified</pose>
    <truncated>0</truncated>
    <difficult>0</difficult>
    <bndbox>
      <xmin>235.00</xmin>
      <ymin>3.64</ymin>
      <xmax>332.73</xmax>
      <ymax>210.45</ymax>
    </bndbox>
  </object>
  <object>
    <name>slipper</name>
    <pose>Unspecified</pose>
    <truncated>0</truncated>
    <difficult>0</difficult>
    <bndbox>
      <xmin>293.64</xmin>
      <ymin>189.09</ymin>
      <xmax>324.55</xmax>
      <ymax>206.36</ymax>
    </bndbox>
  </object>
  <object>
    <name>slipper</name>
    <pose>Unspecified</pose>
    <truncated>0</truncated>
    <difficult>0</difficult>
    <bndbox>
      <xmin>240.00</xmin>
      <ymin>186.36</ymin>
      <xmax>270.00</xmax>
      <ymax>210.00</ymax>
    </bndbox>
  </object>
  <object>
    <name>person_leg</name>
    <pose>Unspecified</pose>
    <truncated>0</truncated>
    <difficult>0</difficult>
    <bndbox>
      <xmin>236.36</xmin>
      <ymin>87.73</ymin>
      <xmax>276.36</xmax>
      <ymax>209.09</ymax>
    </bndbox>
  </object>
  <object>
    <name>person_leg</name>
    <pose>Unspecified</pose>
    <truncated>0</truncated>
    <difficult>0</difficult>
    <bndbox>
      <xmin>287.27</xmin>
      <ymin>92.73</ymin>
      <xmax>325.45</xmax>
      <ymax>207.73</ymax>
    </bndbox>
  </object>
  <object>
    <name>slipper</name>
    <pose>Unspecified</pose>
    <truncated>0</truncated>
    <difficult>0</difficult>
    <bndbox>
      <xmin>445.91</xmin>
      <ymin>193.64</ymin>
      <xmax>482.27</xmax>
      <ymax>216.36</ymax>
    </bndbox>
  </object>
  <object>
    <name>person_leg</name>
    <pose>Unspecified</pose>
    <truncated>0</truncated>
    <difficult>0</difficult>
    <bndbox>
      <xmin>436.36</xmin>
      <ymin>165.00</ymin>
      <xmax>482.73</xmax>
      <ymax>215.45</ymax>
    </bndbox>
  </object>
  <object>
    <name>tea_table</name>
    <pose>Unspecified</pose>
    <truncated>0</truncated>
    <difficult>0</difficult>
    <bndbox>
      <xmin>286.36</xmin>
      <ymin>-0.91</ymin>
      <xmax>639.55</xmax>
      <ymax>215.45</ymax>
    </bndbox>
  </object>
</annotation>