<?xml version="1.0" encoding="UTF-8" ?>
<annotation>
  <folder>RGB200W_277985933_116445538558833478.jpg</folder>
  <filename>RGB200W_277985933_116445538558833478.jpg</filename>
  <path>http://172.18.39.209:9000/aliimages1999999990/RGB200W_277985933_116445538558833478.jpg</path>
  <source>
    <database>Unknown</database>
  </source>
  <size>
    <width>642</width>
    <height>361</height>
    <depth>0</depth>
  </size>
  <segmented>0</segmented>
  <object>
    <name>chair_base</name>
    <pose>Unspecified</pose>
    <truncated>0</truncated>
    <difficult>0</difficult>
    <bndbox>
      <xmin>380.45</xmin>
      <ymin>199.55</ymin>
      <xmax>522.27</xmax>
      <ymax>237.27</ymax>
    </bndbox>
  </object>
  <object>
    <name>TV_stand</name>
    <pose>Unspecified</pose>
    <truncated>0</truncated>
    <difficult>0</difficult>
    <bndbox>
      <xmin>0.00</xmin>
      <ymin>5.91</ymin>
      <xmax>385.45</xmax>
      <ymax>225.91</ymax>
    </bndbox>
  </object>
  <object>
    <name>tea_table</name>
    <pose>Unspecified</pose>
    <truncated>0</truncated>
    <difficult>0</difficult>
    <bndbox>
      <xmin>388.64</xmin>
      <ymin>83.64</ymin>
      <xmax>641.82</xmax>
      <ymax>224.55</ymax>
    </bndbox>
  </object>
</annotation>