<?xml version="1.0" encoding="UTF-8" ?>
<annotation>
  <folder>RGB200W_277985927_116444754064525061.jpg</folder>
  <filename>RGB200W_277985927_116444754064525061.jpg</filename>
  <path>http://172.18.39.209:9000/aliimages1999999990/RGB200W_277985927_116444754064525061.jpg</path>
  <source>
    <database>Unknown</database>
  </source>
  <size>
    <width>642</width>
    <height>361</height>
    <depth>0</depth>
  </size>
  <segmented>0</segmented>
  <object>
    <name>tea_table</name>
    <pose>Unspecified</pose>
    <truncated>0</truncated>
    <difficult>0</difficult>
    <bndbox>
      <xmin>241.36</xmin>
      <ymin>165.45</ymin>
      <xmax>313.64</xmax>
      <ymax>194.09</ymax>
    </bndbox>
  </object>
  <object>
    <name>sofa</name>
    <pose>Unspecified</pose>
    <truncated>0</truncated>
    <difficult>0</difficult>
    <bndbox>
      <xmin>304.55</xmin>
      <ymin>155.45</ymin>
      <xmax>432.27</xmax>
      <ymax>195.00</ymax>
    </bndbox>
  </object>
</annotation>