<?xml version="1.0" encoding="UTF-8" ?>
<annotation>
  <folder>RGB200W_277985948_116444779403319940.jpg</folder>
  <filename>RGB200W_277985948_116444779403319940.jpg</filename>
  <path>http://172.18.39.209:9000/aliimages1999999983/RGB200W_277985948_116444779403319940.jpg</path>
  <source>
    <database>Unknown</database>
  </source>
  <size>
    <width>642</width>
    <height>361</height>
    <depth>0</depth>
  </size>
  <segmented>0</segmented>
  <object>
    <name>TV_stand</name>
    <pose>Unspecified</pose>
    <truncated>0</truncated>
    <difficult>0</difficult>
    <bndbox>
      <xmin>67.27</xmin>
      <ymin>131.36</ymin>
      <xmax>274.55</xmax>
      <ymax>208.18</ymax>
    </bndbox>
  </object>
  <object>
    <name>tea_table</name>
    <pose>Unspecified</pose>
    <truncated>0</truncated>
    <difficult>0</difficult>
    <bndbox>
      <xmin>255.45</xmin>
      <ymin>0.00</ymin>
      <xmax>641.82</xmax>
      <ymax>214.55</ymax>
    </bndbox>
  </object>
  <object>
    <name>sofa</name>
    <pose>Unspecified</pose>
    <truncated>0</truncated>
    <difficult>0</difficult>
    <bndbox>
      <xmin>565.45</xmin>
      <ymin>75.00</ymin>
      <xmax>641.82</xmax>
      <ymax>189.55</ymax>
    </bndbox>
  </object>
</annotation>