<?xml version="1.0" encoding="UTF-8" ?>
<annotation>
  <folder>RGB200W_29984CRL30V00000120_116447878548193174.jpg</folder>
  <filename>RGB200W_29984CRL30V00000120_116447878548193174.jpg</filename>
  <path>http://172.18.39.209:9000/aliimages1999999996/RGB200W_29984CRL30V00000120_116447878548193174.jpg</path>
  <source>
    <database>Unknown</database>
  </source>
  <size>
    <width>642</width>
    <height>362</height>
    <depth>0</depth>
  </size>
  <segmented>0</segmented>
  <object>
    <name>TV_stand</name>
    <pose>Unspecified</pose>
    <truncated>0</truncated>
    <difficult>0</difficult>
    <bndbox>
      <xmin>366.82</xmin>
      <ymin>160.91</ymin>
      <xmax>491.82</xmax>
      <ymax>205.91</ymax>
    </bndbox>
  </object>
  <object>
    <name>sofa</name>
    <pose>Unspecified</pose>
    <truncated>0</truncated>
    <difficult>0</difficult>
    <bndbox>
      <xmin>188.64</xmin>
      <ymin>141.82</ymin>
      <xmax>256.82</xmax>
      <ymax>205.91</ymax>
    </bndbox>
  </object>
  <object>
    <name>tea_table</name>
    <pose>Unspecified</pose>
    <truncated>0</truncated>
    <difficult>0</difficult>
    <bndbox>
      <xmin>285.00</xmin>
      <ymin>163.64</ymin>
      <xmax>341.82</xmax>
      <ymax>202.73</ymax>
    </bndbox>
  </object>
</annotation>