<?xml version="1.0" encoding="UTF-8" ?>
<annotation>
  <folder>RGB200W_29984_99999601_116445195910683968-230.775_230.909_331.144_187.375_0.291_0.120_-0.145_0.048.jpg</folder>
  <filename>RGB200W_29984_99999601_116445195910683968-230.775_230.909_331.144_187.375_0.291_0.120_-0.145_0.048.jpg</filename>
  <path>http://172.18.39.209:9000/aliimages1999999990/RGB200W_29984_99999601_116445195910683968-230.775_230.909_331.144_187.375_0.291_0.120_-0.145_0.048.jpg</path>
  <source>
    <database>Unknown</database>
  </source>
  <size>
    <width>642</width>
    <height>362</height>
    <depth>0</depth>
  </size>
  <segmented>0</segmented>
  <object>
    <name>tea_table</name>
    <pose>Unspecified</pose>
    <truncated>0</truncated>
    <difficult>0</difficult>
    <bndbox>
      <xmin>61.82</xmin>
      <ymin>91.82</ymin>
      <xmax>313.64</xmax>
      <ymax>225.91</ymax>
    </bndbox>
  </object>
  <object>
    <name>slipper</name>
    <pose>Unspecified</pose>
    <truncated>0</truncated>
    <difficult>0</difficult>
    <bndbox>
      <xmin>0.91</xmin>
      <ymin>182.73</ymin>
      <xmax>130.91</xmax>
      <ymax>245.00</ymax>
    </bndbox>
  </object>
  <object>
    <name>TV_stand</name>
    <pose>Unspecified</pose>
    <truncated>0</truncated>
    <difficult>0</difficult>
    <bndbox>
      <xmin>322.73</xmin>
      <ymin>175.00</ymin>
      <xmax>543.64</xmax>
      <ymax>217.73</ymax>
    </bndbox>
  </object>
  <object>
    <name>slipper</name>
    <pose>Unspecified</pose>
    <truncated>0</truncated>
    <difficult>0</difficult>
    <bndbox>
      <xmin>66.82</xmin>
      <ymin>96.82</ymin>
      <xmax>135.91</xmax>
      <ymax>143.64</ymax>
    </bndbox>
  </object>
  <object>
    <name>sofa1</name>
    <pose>Unspecified</pose>
    <truncated>0</truncated>
    <difficult>0</difficult>
    <bndbox>
      <xmin>260.00</xmin>
      <ymin>1.82</ymin>
      <xmax>640.91</xmax>
      <ymax>243.64</ymax>
    </bndbox>
  </object>
</annotation>