<?xml version="1.0" encoding="UTF-8" ?>
<annotation>
  <folder>RGB200W_29984CRL30V00000120_116444782698250080.jpg</folder>
  <filename>RGB200W_29984CRL30V00000120_116444782698250080.jpg</filename>
  <path>http://172.18.39.209:9000/aliimages1999999996/RGB200W_29984CRL30V00000120_116444782698250080.jpg</path>
  <source>
    <database>Unknown</database>
  </source>
  <size>
    <width>642</width>
    <height>362</height>
    <depth>0</depth>
  </size>
  <segmented>0</segmented>
  <object>
    <name>tea_table</name>
    <pose>Unspecified</pose>
    <truncated>0</truncated>
    <difficult>0</difficult>
    <bndbox>
      <xmin>0.91</xmin>
      <ymin>130.00</ymin>
      <xmax>141.82</xmax>
      <ymax>211.82</ymax>
    </bndbox>
  </object>
  <object>
    <name>TV_stand</name>
    <pose>Unspecified</pose>
    <truncated>0</truncated>
    <difficult>0</difficult>
    <bndbox>
      <xmin>220.91</xmin>
      <ymin>135.00</ymin>
      <xmax>323.64</xmax>
      <ymax>210.00</ymax>
    </bndbox>
  </object>
  <object>
    <name>door_anno</name>
    <pose>Unspecified</pose>
    <truncated>0</truncated>
    <difficult>0</difficult>
    <bndbox>
      <xmin>567.73</xmin>
      <ymin>0.91</ymin>
      <xmax>632.73</xmax>
      <ymax>203.64</ymax>
    </bndbox>
  </object>
</annotation>