<?xml version="1.0" encoding="UTF-8" ?>
<annotation>
  <folder>RGB200W_010102104301105_116449929467557916.jpg</folder>
  <filename>RGB200W_010102104301105_116449929467557916.jpg</filename>
  <path>http://172.18.39.209:9000/aliimages1999999986/RGB200W_010102104301105_116449929467557916.jpg</path>
  <source>
    <database>Unknown</database>
  </source>
  <size>
    <width>642</width>
    <height>362</height>
    <depth>0</depth>
  </size>
  <segmented>0</segmented>
  <object>
    <name>TV_stand</name>
    <pose>Unspecified</pose>
    <truncated>0</truncated>
    <difficult>0</difficult>
    <bndbox>
      <xmin>7.73</xmin>
      <ymin>65.00</ymin>
      <xmax>280.91</xmax>
      <ymax>225.00</ymax>
    </bndbox>
  </object>
  <object>
    <name>tea_table</name>
    <pose>Unspecified</pose>
    <truncated>0</truncated>
    <difficult>0</difficult>
    <bndbox>
      <xmin>385.00</xmin>
      <ymin>130.00</ymin>
      <xmax>568.64</xmax>
      <ymax>220.00</ymax>
    </bndbox>
  </object>
  <object>
    <name>dining_table</name>
    <pose>Unspecified</pose>
    <truncated>0</truncated>
    <difficult>0</difficult>
    <bndbox>
      <xmin>310.00</xmin>
      <ymin>161.82</ymin>
      <xmax>355.00</xmax>
      <ymax>210.91</ymax>
    </bndbox>
  </object>
</annotation>