<?xml version="1.0" encoding="UTF-8" ?>
<annotation>
  <folder>RGB200W_277985948_116444782036296619.jpg</folder>
  <filename>RGB200W_277985948_116444782036296619.jpg</filename>
  <path>http://172.18.39.209:9000/aliimages1999999990/RGB200W_277985948_116444782036296619.jpg</path>
  <source>
    <database>Unknown</database>
  </source>
  <size>
    <width>642</width>
    <height>361</height>
    <depth>0</depth>
  </size>
  <segmented>0</segmented>
  <object>
    <name>TV_stand</name>
    <pose>Unspecified</pose>
    <truncated>0</truncated>
    <difficult>0</difficult>
    <bndbox>
      <xmin>295.91</xmin>
      <ymin>114.09</ymin>
      <xmax>540.00</xmax>
      <ymax>210.91</ymax>
    </bndbox>
  </object>
  <object>
    <name>tea_table</name>
    <pose>Unspecified</pose>
    <truncated>0</truncated>
    <difficult>0</difficult>
    <bndbox>
      <xmin>0.45</xmin>
      <ymin>51.82</ymin>
      <xmax>244.55</xmax>
      <ymax>182.73</ymax>
    </bndbox>
  </object>
</annotation>