<?xml version="1.0" encoding="UTF-8" ?>
<annotation>
  <folder>RGB200W_CRL9993I202006069999_1594646622930702.jpg</folder>
  <filename>RGB200W_CRL9993I202006069999_1594646622930702.jpg</filename>
  <path>http://172.18.39.209:9000/aliimages2021122805/RGB200W_CRL9993I202006069999_1594646622930702.jpg</path>
  <source>
    <database>Unknown</database>
  </source>
  <size>
    <width>1920</width>
    <height>1079</height>
    <depth>0</depth>
  </size>
  <segmented>0</segmented>
  <object>
    <name>person_leg</name>
    <pose>Unspecified</pose>
    <truncated>0</truncated>
    <difficult>0</difficult>
    <bndbox>
      <xmin>1141.89</xmin>
      <ymin>482.58</ymin>
      <xmax>1319.97</xmax>
      <ymax>638.91</ymax>
    </bndbox>
  </object>
  <object>
    <name>wire</name>
    <pose>Unspecified</pose>
    <truncated>0</truncated>
    <difficult>0</difficult>
    <bndbox>
      <xmin>1007.31</xmin>
      <ymin>157.69</ymin>
      <xmax>1075.28</xmax>
      <ymax>312.66</ymax>
    </bndbox>
  </object>
  <object>
    <name>wire</name>
    <pose>Unspecified</pose>
    <truncated>0</truncated>
    <difficult>0</difficult>
    <bndbox>
      <xmin>903.99</xmin>
      <ymin>89.72</ymin>
      <xmax>1000.51</xmax>
      <ymax>475.79</ymax>
    </bndbox>
  </object>
  <object>
    <name>slipper</name>
    <pose>Unspecified</pose>
    <truncated>0</truncated>
    <difficult>0</difficult>
    <bndbox>
      <xmin>1120.14</xmin>
      <ymin>600.85</ymin>
      <xmax>1295.50</xmax>
      <ymax>666.10</ymax>
    </bndbox>
  </object>
  <object>
    <name>tea_table</name>
    <pose>Unspecified</pose>
    <truncated>0</truncated>
    <difficult>0</difficult>
    <bndbox>
      <xmin>785.73</xmin>
      <ymin>551.91</ymin>
      <xmax>924.38</xmax>
      <ymax>638.91</ymax>
    </bndbox>
  </object>
  <object>
    <name>sofa</name>
    <pose>Unspecified</pose>
    <truncated>0</truncated>
    <difficult>0</difficult>
    <bndbox>
      <xmin>482.58</xmin>
      <ymin>411.89</ymin>
      <xmax>713.68</xmax>
      <ymax>626.68</ymax>
    </bndbox>
  </object>
  <object>
    <name>dining_table</name>
    <pose>Unspecified</pose>
    <truncated>0</truncated>
    <difficult>0</difficult>
    <bndbox>
      <xmin>850.98</xmin>
      <ymin>0.00</ymin>
      <xmax>1602.72</xmax>
      <ymax>671.54</ymax>
    </bndbox>
  </object>
  <object>
    <name>blanket</name>
    <pose>Unspecified</pose>
    <truncated>0</truncated>
    <difficult>0</difficult>
    <bndbox>
      <xmin>0.00</xmin>
      <ymin>676.98</ymin>
      <xmax>1587.77</xmax>
      <ymax>1079.35</ymax>
    </bndbox>
  </object>
</annotation>