<?xml version="1.0" encoding="UTF-8" ?>
<annotation>
  <folder>RGB200W_29984_99999433_116445611720434815.jpg</folder>
  <filename>RGB200W_29984_99999433_116445611720434815.jpg</filename>
  <path>http://172.18.39.209:9000/aliimages2021122805/RGB200W_29984_99999433_116445611720434815.jpg</path>
  <source>
    <database>Unknown</database>
  </source>
  <size>
    <width>642</width>
    <height>362</height>
    <depth>0</depth>
  </size>
  <segmented>0</segmented>
  <object>
    <name>person_leg</name>
    <pose>Unspecified</pose>
    <truncated>0</truncated>
    <difficult>0</difficult>
    <bndbox>
      <xmin>398.64</xmin>
      <ymin>158.64</ymin>
      <xmax>433.64</xmax>
      <ymax>220.91</ymax>
    </bndbox>
  </object>
  <object>
    <name>person_leg</name>
    <pose>Unspecified</pose>
    <truncated>0</truncated>
    <difficult>0</difficult>
    <bndbox>
      <xmin>440.00</xmin>
      <ymin>155.00</ymin>
      <xmax>463.64</xmax>
      <ymax>222.73</ymax>
    </bndbox>
  </object>
  <object>
    <name>wire</name>
    <pose>Unspecified</pose>
    <truncated>0</truncated>
    <difficult>0</difficult>
    <bndbox>
      <xmin>137.73</xmin>
      <ymin>81.82</ymin>
      <xmax>206.82</xmax>
      <ymax>220.91</ymax>
    </bndbox>
  </object>
  <object>
    <name>wire</name>
    <pose>Unspecified</pose>
    <truncated>0</truncated>
    <difficult>0</difficult>
    <bndbox>
      <xmin>103.64</xmin>
      <ymin>96.82</ymin>
      <xmax>185.00</xmax>
      <ymax>180.00</ymax>
    </bndbox>
  </object>
  <object>
    <name>wire</name>
    <pose>Unspecified</pose>
    <truncated>0</truncated>
    <difficult>0</difficult>
    <bndbox>
      <xmin>81.82</xmin>
      <ymin>200.00</ymin>
      <xmax>135.91</xmax>
      <ymax>220.91</ymax>
    </bndbox>
  </object>
  <object>
    <name>sofa</name>
    <pose>Unspecified</pose>
    <truncated>0</truncated>
    <difficult>0</difficult>
    <bndbox>
      <xmin>247.73</xmin>
      <ymin>140.91</ymin>
      <xmax>332.73</xmax>
      <ymax>216.82</ymax>
    </bndbox>
  </object>
  <object>
    <name>tea_table</name>
    <pose>Unspecified</pose>
    <truncated>0</truncated>
    <difficult>0</difficult>
    <bndbox>
      <xmin>332.73</xmin>
      <ymin>170.00</ymin>
      <xmax>390.00</xmax>
      <ymax>216.82</ymax>
    </bndbox>
  </object>
  <object>
    <name>slipper</name>
    <pose>Unspecified</pose>
    <truncated>0</truncated>
    <difficult>0</difficult>
    <bndbox>
      <xmin>405.91</xmin>
      <ymin>206.82</ymin>
      <xmax>433.64</xmax>
      <ymax>221.82</ymax>
    </bndbox>
  </object>
  <object>
    <name>slipper</name>
    <pose>Unspecified</pose>
    <truncated>0</truncated>
    <difficult>0</difficult>
    <bndbox>
      <xmin>441.82</xmin>
      <ymin>207.73</ymin>
      <xmax>463.64</xmax>
      <ymax>222.73</ymax>
    </bndbox>
  </object>
  <object>
    <name>person</name>
    <pose>Unspecified</pose>
    <truncated>0</truncated>
    <difficult>0</difficult>
    <bndbox>
      <xmin>381.36</xmin>
      <ymin>97.73</ymin>
      <xmax>474.55</xmax>
      <ymax>222.73</ymax>
    </bndbox>
  </object>
</annotation>