<?xml version="1.0" encoding="UTF-8" ?>
<annotation>
  <folder>RGB200W_CRL9993I202006069999_1594645955903832.jpg</folder>
  <filename>RGB200W_CRL9993I202006069999_1594645955903832.jpg</filename>
  <path>http://172.18.39.209:9000/aliimages1999999983/RGB200W_CRL9993I202006069999_1594645955903832.jpg</path>
  <source>
    <database>Unknown</database>
  </source>
  <size>
    <width>642</width>
    <height>361</height>
    <depth>0</depth>
  </size>
  <segmented>0</segmented>
  <object>
    <name>sofa</name>
    <pose>Unspecified</pose>
    <truncated>0</truncated>
    <difficult>0</difficult>
    <bndbox>
      <xmin>203.18</xmin>
      <ymin>117.27</ymin>
      <xmax>325.45</xmax>
      <ymax>204.55</ymax>
    </bndbox>
  </object>
  <object>
    <name>tea_table</name>
    <pose>Unspecified</pose>
    <truncated>0</truncated>
    <difficult>0</difficult>
    <bndbox>
      <xmin>310.91</xmin>
      <ymin>139.55</ymin>
      <xmax>466.36</xmax>
      <ymax>207.73</ymax>
    </bndbox>
  </object>
</annotation>