<?xml version="1.0" encoding="UTF-8" ?>
<annotation>
  <folder>RGB200W_CRL9993I202006069999_1591690660217642.jpg</folder>
  <filename>RGB200W_CRL9993I202006069999_1591690660217642.jpg</filename>
  <path>http://172.18.39.209:9000/aliimages2021122805/RGB200W_CRL9993I202006069999_1591690660217642.jpg</path>
  <source>
    <database>Unknown</database>
  </source>
  <size>
    <width>1920</width>
    <height>1079</height>
    <depth>0</depth>
  </size>
  <segmented>0</segmented>
  <object>
    <name>person_leg</name>
    <pose>Unspecified</pose>
    <truncated>0</truncated>
    <difficult>0</difficult>
    <bndbox>
      <xmin>1242.48</xmin>
      <ymin>0.00</ymin>
      <xmax>1919.46</xmax>
      <ymax>988.28</ymax>
    </bndbox>
  </object>
  <object>
    <name>slipper</name>
    <pose>Unspecified</pose>
    <truncated>0</truncated>
    <difficult>0</difficult>
    <bndbox>
      <xmin>1239.76</xmin>
      <ymin>547.83</ymin>
      <xmax>1919.46</xmax>
      <ymax>985.56</ymax>
    </bndbox>
  </object>
  <object>
    <name>tea_table</name>
    <pose>Unspecified</pose>
    <truncated>0</truncated>
    <difficult>0</difficult>
    <bndbox>
      <xmin>183.52</xmin>
      <ymin>202.55</ymin>
      <xmax>774.85</xmax>
      <ymax>698.73</ymax>
    </bndbox>
  </object>
  <object>
    <name>refrigerator_1</name>
    <pose>Unspecified</pose>
    <truncated>0</truncated>
    <difficult>0</difficult>
    <bndbox>
      <xmin>751.74</xmin>
      <ymin>6.80</ymin>
      <xmax>1077.99</xmax>
      <ymax>682.41</ymax>
    </bndbox>
  </object>
  <object>
    <name>wire</name>
    <pose>Unspecified</pose>
    <truncated>0</truncated>
    <difficult>0</difficult>
    <bndbox>
      <xmin>1022.26</xmin>
      <ymin>1.36</ymin>
      <xmax>1095.67</xmax>
      <ymax>267.80</ymax>
    </bndbox>
  </object>
  <object>
    <name>metal_chair_foot</name>
    <pose>Unspecified</pose>
    <truncated>0</truncated>
    <difficult>0</difficult>
    <bndbox>
      <xmin>235.17</xmin>
      <ymin>645.71</ymin>
      <xmax>887.68</xmax>
      <ymax>861.85</ymax>
    </bndbox>
  </object>
</annotation>