<?xml version="1.0" encoding="UTF-8" ?>
<annotation>
  <folder>RGB200W_2998499999403_116445034463239281.jpg</folder>
  <filename>RGB200W_2998499999403_116445034463239281.jpg</filename>
  <path>http://172.18.39.209:9000/aliimages2021122806/RGB200W_2998499999403_116445034463239281.jpg</path>
  <source>
    <database>Unknown</database>
  </source>
  <size>
    <width>642</width>
    <height>362</height>
    <depth>0</depth>
  </size>
  <segmented>0</segmented>
  <object>
    <name>person_leg</name>
    <pose>Unspecified</pose>
    <truncated>0</truncated>
    <difficult>0</difficult>
    <bndbox>
      <xmin>325.00</xmin>
      <ymin>88.64</ymin>
      <xmax>395.00</xmax>
      <ymax>128.64</ymax>
    </bndbox>
  </object>
  <object>
    <name>person_leg</name>
    <pose>Unspecified</pose>
    <truncated>0</truncated>
    <difficult>0</difficult>
    <bndbox>
      <xmin>300.91</xmin>
      <ymin>120.00</ymin>
      <xmax>361.82</xmax>
      <ymax>167.73</ymax>
    </bndbox>
  </object>
  <object>
    <name>tea_table</name>
    <pose>Unspecified</pose>
    <truncated>0</truncated>
    <difficult>0</difficult>
    <bndbox>
      <xmin>0.91</xmin>
      <ymin>56.82</ymin>
      <xmax>310.00</xmax>
      <ymax>235.91</ymax>
    </bndbox>
  </object>
  <object>
    <name>sofa1</name>
    <pose>Unspecified</pose>
    <truncated>0</truncated>
    <difficult>0</difficult>
    <bndbox>
      <xmin>307.73</xmin>
      <ymin>0.91</ymin>
      <xmax>641.36</xmax>
      <ymax>243.18</ymax>
    </bndbox>
  </object>
</annotation>