<?xml version="1.0" encoding="UTF-8" ?>
<annotation>
  <folder>RGB200W_010102104301105_116448180071090606.jpg</folder>
  <filename>RGB200W_010102104301105_116448180071090606.jpg</filename>
  <path>http://172.18.39.209:9000/aliimages1999999986/RGB200W_010102104301105_116448180071090606.jpg</path>
  <source>
    <database>Unknown</database>
  </source>
  <size>
    <width>642</width>
    <height>362</height>
    <depth>0</depth>
  </size>
  <segmented>0</segmented>
  <object>
    <name>tea_table</name>
    <pose>Unspecified</pose>
    <truncated>0</truncated>
    <difficult>0</difficult>
    <bndbox>
      <xmin>346.82</xmin>
      <ymin>108.64</ymin>
      <xmax>487.73</xmax>
      <ymax>225.00</ymax>
    </bndbox>
  </object>
  <object>
    <name>TV_stand</name>
    <pose>Unspecified</pose>
    <truncated>0</truncated>
    <difficult>0</difficult>
    <bndbox>
      <xmin>0.91</xmin>
      <ymin>51.82</ymin>
      <xmax>245.91</xmax>
      <ymax>220.91</ymax>
    </bndbox>
  </object>
  <object>
    <name>wire</name>
    <pose>Unspecified</pose>
    <truncated>0</truncated>
    <difficult>0</difficult>
    <bndbox>
      <xmin>35.91</xmin>
      <ymin>0.91</ymin>
      <xmax>55.91</xmax>
      <ymax>52.73</ymax>
    </bndbox>
  </object>
</annotation>