<?xml version="1.0" encoding="UTF-8" ?>
<annotation>
  <folder>RGB200W_29984_99999998_116444743836818010.jpg</folder>
  <filename>RGB200W_29984_99999998_116444743836818010.jpg</filename>
  <path>http://172.18.39.209:9000/aliimages2021122806/RGB200W_29984_99999998_116444743836818010.jpg</path>
  <source>
    <database>Unknown</database>
  </source>
  <size>
    <width>642</width>
    <height>362</height>
    <depth>0</depth>
  </size>
  <segmented>0</segmented>
  <object>
    <name>person_leg</name>
    <pose>Unspecified</pose>
    <truncated>0</truncated>
    <difficult>0</difficult>
    <bndbox>
      <xmin>433.64</xmin>
      <ymin>180.91</ymin>
      <xmax>452.73</xmax>
      <ymax>220.91</ymax>
    </bndbox>
  </object>
  <object>
    <name>person_leg</name>
    <pose>Unspecified</pose>
    <truncated>0</truncated>
    <difficult>0</difficult>
    <bndbox>
      <xmin>412.73</xmin>
      <ymin>178.64</ymin>
      <xmax>430.91</xmax>
      <ymax>222.73</ymax>
    </bndbox>
  </object>
  <object>
    <name>TV_stand</name>
    <pose>Unspecified</pose>
    <truncated>0</truncated>
    <difficult>0</difficult>
    <bndbox>
      <xmin>428.64</xmin>
      <ymin>128.64</ymin>
      <xmax>641.82</xmax>
      <ymax>232.73</ymax>
    </bndbox>
  </object>
  <object>
    <name>slipper</name>
    <pose>Unspecified</pose>
    <truncated>0</truncated>
    <difficult>0</difficult>
    <bndbox>
      <xmin>435.00</xmin>
      <ymin>203.64</ymin>
      <xmax>450.00</xmax>
      <ymax>222.73</ymax>
    </bndbox>
  </object>
  <object>
    <name>slipper</name>
    <pose>Unspecified</pose>
    <truncated>0</truncated>
    <difficult>0</difficult>
    <bndbox>
      <xmin>413.64</xmin>
      <ymin>205.00</ymin>
      <xmax>430.00</xmax>
      <ymax>222.73</ymax>
    </bndbox>
  </object>
  <object>
    <name>person</name>
    <pose>Unspecified</pose>
    <truncated>0</truncated>
    <difficult>0</difficult>
    <bndbox>
      <xmin>411.82</xmin>
      <ymin>82.73</ymin>
      <xmax>462.73</xmax>
      <ymax>222.27</ymax>
    </bndbox>
  </object>
  <object>
    <name>tea_table</name>
    <pose>Unspecified</pose>
    <truncated>0</truncated>
    <difficult>0</difficult>
    <bndbox>
      <xmin>124.09</xmin>
      <ymin>96.36</ymin>
      <xmax>399.09</xmax>
      <ymax>230.00</ymax>
    </bndbox>
  </object>
</annotation>