<?xml version="1.0" encoding="UTF-8" ?>
<annotation>
  <folder>RGB200W_010102104221028_116445051767317395.jpg</folder>
  <filename>RGB200W_010102104221028_116445051767317395.jpg</filename>
  <path>http://172.18.39.209:9000/aliimages1999999986/RGB200W_010102104221028_116445051767317395.jpg</path>
  <source>
    <database>Unknown</database>
  </source>
  <size>
    <width>642</width>
    <height>362</height>
    <depth>0</depth>
  </size>
  <segmented>0</segmented>
  <object>
    <name>washing_machine</name>
    <pose>Unspecified</pose>
    <truncated>0</truncated>
    <difficult>0</difficult>
    <bndbox>
      <xmin>487.73</xmin>
      <ymin>50.00</ymin>
      <xmax>641.82</xmax>
      <ymax>220.91</ymax>
    </bndbox>
  </object>
  <object>
    <name>blanket</name>
    <pose>Unspecified</pose>
    <truncated>0</truncated>
    <difficult>0</difficult>
    <bndbox>
      <xmin>175.91</xmin>
      <ymin>220.00</ymin>
      <xmax>641.82</xmax>
      <ymax>361.82</ymax>
    </bndbox>
  </object>
  <object>
    <name>sofa</name>
    <pose>Unspecified</pose>
    <truncated>0</truncated>
    <difficult>0</difficult>
    <bndbox>
      <xmin>237.73</xmin>
      <ymin>125.00</ymin>
      <xmax>403.64</xmax>
      <ymax>215.91</ymax>
    </bndbox>
  </object>
  <object>
    <name>tea_table</name>
    <pose>Unspecified</pose>
    <truncated>0</truncated>
    <difficult>0</difficult>
    <bndbox>
      <xmin>88.64</xmin>
      <ymin>128.64</ymin>
      <xmax>247.73</xmax>
      <ymax>218.64</ymax>
    </bndbox>
  </object>
</annotation>