<?xml version="1.0" encoding="UTF-8" ?>
<annotation>
  <folder>RGB200W_29984_99999950_116445341093366151.jpg</folder>
  <filename>RGB200W_29984_99999950_116445341093366151.jpg</filename>
  <path>http://172.18.39.209:9000/aliimages1999999996/RGB200W_29984_99999950_116445341093366151.jpg</path>
  <source>
    <database>Unknown</database>
  </source>
  <size>
    <width>642</width>
    <height>362</height>
    <depth>0</depth>
  </size>
  <segmented>0</segmented>
  <object>
    <name>sofa</name>
    <pose>Unspecified</pose>
    <truncated>0</truncated>
    <difficult>0</difficult>
    <bndbox>
      <xmin>350.91</xmin>
      <ymin>130.00</ymin>
      <xmax>400.91</xmax>
      <ymax>210.91</ymax>
    </bndbox>
  </object>
  <object>
    <name>tea_table</name>
    <pose>Unspecified</pose>
    <truncated>0</truncated>
    <difficult>0</difficult>
    <bndbox>
      <xmin>232.73</xmin>
      <ymin>128.64</ymin>
      <xmax>350.91</xmax>
      <ymax>215.00</ymax>
    </bndbox>
  </object>
  <object>
    <name>wire</name>
    <pose>Unspecified</pose>
    <truncated>0</truncated>
    <difficult>0</difficult>
    <bndbox>
      <xmin>400.00</xmin>
      <ymin>33.64</ymin>
      <xmax>433.64</xmax>
      <ymax>80.00</ymax>
    </bndbox>
  </object>
</annotation>