<?xml version="1.0" encoding="UTF-8" ?>
<annotation>
  <folder>RGB200W_29984_99999647_116445628208049762.jpg</folder>
  <filename>RGB200W_29984_99999647_116445628208049762.jpg</filename>
  <path>http://172.18.39.209:9000/aliimages1999999990/RGB200W_29984_99999647_116445628208049762.jpg</path>
  <source>
    <database>Unknown</database>
  </source>
  <size>
    <width>642</width>
    <height>362</height>
    <depth>0</depth>
  </size>
  <segmented>0</segmented>
  <object>
    <name>slipper</name>
    <pose>Unspecified</pose>
    <truncated>0</truncated>
    <difficult>0</difficult>
    <bndbox>
      <xmin>488.64</xmin>
      <ymin>200.91</ymin>
      <xmax>580.91</xmax>
      <ymax>232.73</ymax>
    </bndbox>
  </object>
  <object>
    <name>slipper</name>
    <pose>Unspecified</pose>
    <truncated>0</truncated>
    <difficult>0</difficult>
    <bndbox>
      <xmin>185.91</xmin>
      <ymin>98.64</ymin>
      <xmax>305.00</xmax>
      <ymax>192.73</ymax>
    </bndbox>
  </object>
  <object>
    <name>tea_table</name>
    <pose>Unspecified</pose>
    <truncated>0</truncated>
    <difficult>0</difficult>
    <bndbox>
      <xmin>386.82</xmin>
      <ymin>45.00</ymin>
      <xmax>556.82</xmax>
      <ymax>220.00</ymax>
    </bndbox>
  </object>
</annotation>