<?xml version="1.0" encoding="UTF-8" ?>
<annotation>
  <folder>RGB200W_CRL9993I202006069999_1594646430475736.jpg</folder>
  <filename>RGB200W_CRL9993I202006069999_1594646430475736.jpg</filename>
  <path>http://172.18.39.209:9000/aliimages1999999999/RGB200W_CRL9993I202006069999_1594646430475736.jpg</path>
  <source>
    <database>Unknown</database>
  </source>
  <size>
    <width>642</width>
    <height>361</height>
    <depth>0</depth>
  </size>
  <segmented>0</segmented>
  <object>
    <name>sofa_1</name>
    <pose>Unspecified</pose>
    <truncated>0</truncated>
    <difficult>0</difficult>
    <bndbox>
      <xmin>0.00</xmin>
      <ymin>2.73</ymin>
      <xmax>273.18</xmax>
      <ymax>213.64</ymax>
    </bndbox>
  </object>
  <object>
    <name>tea_table</name>
    <pose>Unspecified</pose>
    <truncated>0</truncated>
    <difficult>0</difficult>
    <bndbox>
      <xmin>248.64</xmin>
      <ymin>15.45</ymin>
      <xmax>522.73</xmax>
      <ymax>226.36</ymax>
    </bndbox>
  </object>
</annotation>