<?xml version="1.0" encoding="UTF-8" ?>
<annotation>
  <folder>RGB200W_29984_99999459_116449840932296265.jpg</folder>
  <filename>RGB200W_29984_99999459_116449840932296265.jpg</filename>
  <path>http://172.18.39.209:9000/aliimages2021122806/RGB200W_29984_99999459_116449840932296265.jpg</path>
  <source>
    <database>Unknown</database>
  </source>
  <size>
    <width>642</width>
    <height>362</height>
    <depth>0</depth>
  </size>
  <segmented>0</segmented>
  <object>
    <name>person_leg</name>
    <pose>Unspecified</pose>
    <truncated>0</truncated>
    <difficult>0</difficult>
    <bndbox>
      <xmin>107.73</xmin>
      <ymin>135.91</ymin>
      <xmax>162.73</xmax>
      <ymax>217.73</ymax>
    </bndbox>
  </object>
  <object>
    <name>charger</name>
    <pose>Unspecified</pose>
    <truncated>0</truncated>
    <difficult>0</difficult>
    <bndbox>
      <xmin>283.64</xmin>
      <ymin>173.64</ymin>
      <xmax>426.82</xmax>
      <ymax>270.00</ymax>
    </bndbox>
  </object>
  <object>
    <name>charger</name>
    <pose>Unspecified</pose>
    <truncated>0</truncated>
    <difficult>0</difficult>
    <bndbox>
      <xmin>322.73</xmin>
      <ymin>0.91</ymin>
      <xmax>505.00</xmax>
      <ymax>250.00</ymax>
    </bndbox>
  </object>
  <object>
    <name>slipper</name>
    <pose>Unspecified</pose>
    <truncated>0</truncated>
    <difficult>0</difficult>
    <bndbox>
      <xmin>110.00</xmin>
      <ymin>205.91</ymin>
      <xmax>152.73</xmax>
      <ymax>217.73</ymax>
    </bndbox>
  </object>
  <object>
    <name>wire</name>
    <pose>Unspecified</pose>
    <truncated>0</truncated>
    <difficult>0</difficult>
    <bndbox>
      <xmin>125.00</xmin>
      <ymin>136.82</ymin>
      <xmax>203.64</xmax>
      <ymax>155.91</ymax>
    </bndbox>
  </object>
  <object>
    <name>tea_table</name>
    <pose>Unspecified</pose>
    <truncated>0</truncated>
    <difficult>0</difficult>
    <bndbox>
      <xmin>0.91</xmin>
      <ymin>97.73</ymin>
      <xmax>136.82</xmax>
      <ymax>220.91</ymax>
    </bndbox>
  </object>
  <object>
    <name>person</name>
    <pose>Unspecified</pose>
    <truncated>0</truncated>
    <difficult>0</difficult>
    <bndbox>
      <xmin>85.00</xmin>
      <ymin>26.82</ymin>
      <xmax>176.82</xmax>
      <ymax>216.36</ymax>
    </bndbox>
  </object>
</annotation>