<?xml version="1.0" encoding="UTF-8" ?>
<annotation>
  <folder>RGB200W_CRL9993I202006069999_1594645580195834.jpg</folder>
  <filename>RGB200W_CRL9993I202006069999_1594645580195834.jpg</filename>
  <path>http://172.18.39.209:9000/aliimages1999999999/RGB200W_CRL9993I202006069999_1594645580195834.jpg</path>
  <source>
    <database>Unknown</database>
  </source>
  <size>
    <width>642</width>
    <height>361</height>
    <depth>0</depth>
  </size>
  <segmented>0</segmented>
  <object>
    <name>refrigerator_1</name>
    <pose>Unspecified</pose>
    <truncated>0</truncated>
    <difficult>0</difficult>
    <bndbox>
      <xmin>259.09</xmin>
      <ymin>63.18</ymin>
      <xmax>337.27</xmax>
      <ymax>200.00</ymax>
    </bndbox>
  </object>
  <object>
    <name>sofa_1</name>
    <pose>Unspecified</pose>
    <truncated>0</truncated>
    <difficult>0</difficult>
    <bndbox>
      <xmin>0.00</xmin>
      <ymin>56.36</ymin>
      <xmax>235.00</xmax>
      <ymax>205.91</ymax>
    </bndbox>
  </object>
  <object>
    <name>tea_table</name>
    <pose>Unspecified</pose>
    <truncated>0</truncated>
    <difficult>0</difficult>
    <bndbox>
      <xmin>55.45</xmin>
      <ymin>0.00</ymin>
      <xmax>421.82</xmax>
      <ymax>212.27</ymax>
    </bndbox>
  </object>
  <object>
    <name>dining_table</name>
    <pose>Unspecified</pose>
    <truncated>0</truncated>
    <difficult>0</difficult>
    <bndbox>
      <xmin>464.09</xmin>
      <ymin>53.18</ymin>
      <xmax>641.82</xmax>
      <ymax>208.64</ymax>
    </bndbox>
  </object>
</annotation>