<?xml version="1.0" encoding="UTF-8" ?>
<annotation>
  <folder>RGB200W_202006292031_116444745530517991.jpg</folder>
  <filename>RGB200W_202006292031_116444745530517991.jpg</filename>
  <path>http://172.18.39.209:9000/aliimages1999999999/RGB200W_202006292031_116444745530517991.jpg</path>
  <source>
    <database>Unknown</database>
  </source>
  <size>
    <width>642</width>
    <height>361</height>
    <depth>0</depth>
  </size>
  <segmented>0</segmented>
  <object>
    <name>tea_table</name>
    <pose>Unspecified</pose>
    <truncated>0</truncated>
    <difficult>0</difficult>
    <bndbox>
      <xmin>1.82</xmin>
      <ymin>0.00</ymin>
      <xmax>484.09</xmax>
      <ymax>217.27</ymax>
    </bndbox>
  </object>
  <object>
    <name>dining_table</name>
    <pose>Unspecified</pose>
    <truncated>0</truncated>
    <difficult>0</difficult>
    <bndbox>
      <xmin>533.64</xmin>
      <ymin>30.45</ymin>
      <xmax>641.82</xmax>
      <ymax>183.18</ymax>
    </bndbox>
  </object>
  <object>
    <name>wire</name>
    <pose>Unspecified</pose>
    <truncated>0</truncated>
    <difficult>0</difficult>
    <bndbox>
      <xmin>595.91</xmin>
      <ymin>136.36</ymin>
      <xmax>629.09</xmax>
      <ymax>165.00</ymax>
    </bndbox>
  </object>
</annotation>