<?xml version="1.0" encoding="UTF-8" ?>
<annotation>
  <folder>RGB200W_010102104221027_116444837659887129.jpg</folder>
  <filename>RGB200W_010102104221027_116444837659887129.jpg</filename>
  <path>http://172.18.39.209:9000/aliimages2021122806/RGB200W_010102104221027_116444837659887129.jpg</path>
  <source>
    <database>Unknown</database>
  </source>
  <size>
    <width>642</width>
    <height>362</height>
    <depth>0</depth>
  </size>
  <segmented>0</segmented>
  <object>
    <name>person_leg</name>
    <pose>Unspecified</pose>
    <truncated>0</truncated>
    <difficult>0</difficult>
    <bndbox>
      <xmin>357.73</xmin>
      <ymin>162.73</ymin>
      <xmax>390.91</xmax>
      <ymax>200.91</ymax>
    </bndbox>
  </object>
  <object>
    <name>person_leg</name>
    <pose>Unspecified</pose>
    <truncated>0</truncated>
    <difficult>0</difficult>
    <bndbox>
      <xmin>313.64</xmin>
      <ymin>165.00</ymin>
      <xmax>342.73</xmax>
      <ymax>200.91</ymax>
    </bndbox>
  </object>
  <object>
    <name>door_anno</name>
    <pose>Unspecified</pose>
    <truncated>0</truncated>
    <difficult>0</difficult>
    <bndbox>
      <xmin>0.91</xmin>
      <ymin>0.91</ymin>
      <xmax>180.91</xmax>
      <ymax>220.91</ymax>
    </bndbox>
  </object>
  <object>
    <name>tea_table</name>
    <pose>Unspecified</pose>
    <truncated>0</truncated>
    <difficult>0</difficult>
    <bndbox>
      <xmin>416.82</xmin>
      <ymin>48.64</ymin>
      <xmax>641.82</xmax>
      <ymax>205.00</ymax>
    </bndbox>
  </object>
  <object>
    <name>slipper</name>
    <pose>Unspecified</pose>
    <truncated>0</truncated>
    <difficult>0</difficult>
    <bndbox>
      <xmin>355.91</xmin>
      <ymin>190.00</ymin>
      <xmax>378.64</xmax>
      <ymax>200.91</ymax>
    </bndbox>
  </object>
  <object>
    <name>slipper</name>
    <pose>Unspecified</pose>
    <truncated>0</truncated>
    <difficult>0</difficult>
    <bndbox>
      <xmin>312.73</xmin>
      <ymin>188.64</ymin>
      <xmax>335.91</xmax>
      <ymax>200.91</ymax>
    </bndbox>
  </object>
  <object>
    <name>person</name>
    <pose>Unspecified</pose>
    <truncated>0</truncated>
    <difficult>0</difficult>
    <bndbox>
      <xmin>311.82</xmin>
      <ymin>52.27</ymin>
      <xmax>393.64</xmax>
      <ymax>200.45</ymax>
    </bndbox>
  </object>
</annotation>