<?xml version="1.0" encoding="UTF-8" ?>
<annotation>
  <folder>RGB200W_CRL9993I202006069999_1591690617410594.jpg</folder>
  <filename>RGB200W_CRL9993I202006069999_1591690617410594.jpg</filename>
  <path>http://172.18.39.209:9000/aliimages1999999990/RGB200W_CRL9993I202006069999_1591690617410594.jpg</path>
  <source>
    <database>Unknown</database>
  </source>
  <size>
    <width>642</width>
    <height>361</height>
    <depth>0</depth>
  </size>
  <segmented>0</segmented>
  <object>
    <name>washing_machine</name>
    <pose>Unspecified</pose>
    <truncated>0</truncated>
    <difficult>0</difficult>
    <bndbox>
      <xmin>310.91</xmin>
      <ymin>104.09</ymin>
      <xmax>362.73</xmax>
      <ymax>180.91</ymax>
    </bndbox>
  </object>
  <object>
    <name>tea_table</name>
    <pose>Unspecified</pose>
    <truncated>0</truncated>
    <difficult>0</difficult>
    <bndbox>
      <xmin>23.64</xmin>
      <ymin>0.00</ymin>
      <xmax>303.18</xmax>
      <ymax>217.27</ymax>
    </bndbox>
  </object>
  <object>
    <name>shoe</name>
    <pose>Unspecified</pose>
    <truncated>0</truncated>
    <difficult>0</difficult>
    <bndbox>
      <xmin>443.64</xmin>
      <ymin>173.18</ymin>
      <xmax>467.73</xmax>
      <ymax>190.91</ymax>
    </bndbox>
  </object>
  <object>
    <name>shoe</name>
    <pose>Unspecified</pose>
    <truncated>0</truncated>
    <difficult>0</difficult>
    <bndbox>
      <xmin>422.27</xmin>
      <ymin>174.09</ymin>
      <xmax>434.55</xmax>
      <ymax>190.00</ymax>
    </bndbox>
  </object>
  <object>
    <name>shoe</name>
    <pose>Unspecified</pose>
    <truncated>0</truncated>
    <difficult>0</difficult>
    <bndbox>
      <xmin>403.18</xmin>
      <ymin>175.45</ymin>
      <xmax>416.82</xmax>
      <ymax>188.64</ymax>
    </bndbox>
  </object>
</annotation>