<?xml version="1.0" encoding="UTF-8" ?>
<annotation>
  <folder>RGB200W_29984_99999914_116445445974500276.jpg</folder>
  <filename>RGB200W_29984_99999914_116445445974500276.jpg</filename>
  <path>http://172.18.39.209:9000/aliimages1999999990/RGB200W_29984_99999914_116445445974500276.jpg</path>
  <source>
    <database>Unknown</database>
  </source>
  <size>
    <width>642</width>
    <height>362</height>
    <depth>0</depth>
  </size>
  <segmented>0</segmented>
  <object>
    <name>tea_table</name>
    <pose>Unspecified</pose>
    <truncated>0</truncated>
    <difficult>0</difficult>
    <bndbox>
      <xmin>403.64</xmin>
      <ymin>170.00</ymin>
      <xmax>522.73</xmax>
      <ymax>227.73</ymax>
    </bndbox>
  </object>
</annotation>