<?xml version="1.0" encoding="UTF-8" ?>
<annotation>
  <folder>RGB200W_CRL9993I202006069999_1594644472445890.jpg</folder>
  <filename>RGB200W_CRL9993I202006069999_1594644472445890.jpg</filename>
  <path>http://172.18.39.209:9000/aliimages1999999990/RGB200W_CRL9993I202006069999_1594644472445890.jpg</path>
  <source>
    <database>Unknown</database>
  </source>
  <size>
    <width>642</width>
    <height>361</height>
    <depth>0</depth>
  </size>
  <segmented>0</segmented>
  <object>
    <name>wire</name>
    <pose>Unspecified</pose>
    <truncated>0</truncated>
    <difficult>0</difficult>
    <bndbox>
      <xmin>0.00</xmin>
      <ymin>122.27</ymin>
      <xmax>76.36</xmax>
      <ymax>190.00</ymax>
    </bndbox>
  </object>
  <object>
    <name>washing_machine</name>
    <pose>Unspecified</pose>
    <truncated>0</truncated>
    <difficult>0</difficult>
    <bndbox>
      <xmin>70.91</xmin>
      <ymin>18.64</ymin>
      <xmax>188.18</xmax>
      <ymax>193.18</ymax>
    </bndbox>
  </object>
  <object>
    <name>door_anno</name>
    <pose>Unspecified</pose>
    <truncated>0</truncated>
    <difficult>0</difficult>
    <bndbox>
      <xmin>452.73</xmin>
      <ymin>0.00</ymin>
      <xmax>536.82</xmax>
      <ymax>190.91</ymax>
    </bndbox>
  </object>
  <object>
    <name>tea_table</name>
    <pose>Unspecified</pose>
    <truncated>0</truncated>
    <difficult>0</difficult>
    <bndbox>
      <xmin>396.36</xmin>
      <ymin>155.45</ymin>
      <xmax>442.27</xmax>
      <ymax>184.09</ymax>
    </bndbox>
  </object>
  <object>
    <name>wire</name>
    <pose>Unspecified</pose>
    <truncated>0</truncated>
    <difficult>0</difficult>
    <bndbox>
      <xmin>402.27</xmin>
      <ymin>106.36</ymin>
      <xmax>410.91</xmax>
      <ymax>121.82</ymax>
    </bndbox>
  </object>
  <object>
    <name>bed1</name>
    <pose>Unspecified</pose>
    <truncated>0</truncated>
    <difficult>0</difficult>
    <bndbox>
      <xmin>567.27</xmin>
      <ymin>13.64</ymin>
      <xmax>641.82</xmax>
      <ymax>185.45</ymax>
    </bndbox>
  </object>
</annotation>