<?xml version="1.0" encoding="UTF-8" ?>
<annotation>
  <folder>RGB200W_29984_99999600_116446883599712597.jpg</folder>
  <filename>RGB200W_29984_99999600_116446883599712597.jpg</filename>
  <path>http://172.18.39.209:9000/aliimages2021122806/RGB200W_29984_99999600_116446883599712597.jpg</path>
  <source>
    <database>Unknown</database>
  </source>
  <size>
    <width>642</width>
    <height>362</height>
    <depth>0</depth>
  </size>
  <segmented>0</segmented>
  <object>
    <name>person_leg</name>
    <pose>Unspecified</pose>
    <truncated>0</truncated>
    <difficult>0</difficult>
    <bndbox>
      <xmin>470.00</xmin>
      <ymin>0.00</ymin>
      <xmax>596.82</xmax>
      <ymax>241.82</ymax>
    </bndbox>
  </object>
  <object>
    <name>TV_stand</name>
    <pose>Unspecified</pose>
    <truncated>0</truncated>
    <difficult>0</difficult>
    <bndbox>
      <xmin>410.00</xmin>
      <ymin>125.91</ymin>
      <xmax>500.00</xmax>
      <ymax>210.91</ymax>
    </bndbox>
  </object>
  <object>
    <name>slipper</name>
    <pose>Unspecified</pose>
    <truncated>0</truncated>
    <difficult>0</difficult>
    <bndbox>
      <xmin>487.73</xmin>
      <ymin>173.64</ymin>
      <xmax>595.00</xmax>
      <ymax>236.82</ymax>
    </bndbox>
  </object>
  <object>
    <name>tea_table</name>
    <pose>Unspecified</pose>
    <truncated>0</truncated>
    <difficult>0</difficult>
    <bndbox>
      <xmin>73.64</xmin>
      <ymin>161.82</ymin>
      <xmax>220.91</xmax>
      <ymax>211.82</ymax>
    </bndbox>
  </object>
  <object>
    <name>sofa</name>
    <pose>Unspecified</pose>
    <truncated>0</truncated>
    <difficult>0</difficult>
    <bndbox>
      <xmin>0.91</xmin>
      <ymin>125.91</ymin>
      <xmax>248.18</xmax>
      <ymax>212.73</ymax>
    </bndbox>
  </object>
</annotation>