<?xml version="1.0" encoding="UTF-8" ?>
<annotation>
  <folder>RGB200W_29984_99999949_116445259335705075-228.007_228.039_324.240_194.538_0.286_0.126_-0.169_0.072.jpg</folder>
  <filename>RGB200W_29984_99999949_116445259335705075-228.007_228.039_324.240_194.538_0.286_0.126_-0.169_0.072.jpg</filename>
  <path>http://172.18.39.209:9000/aliimages1999999990/RGB200W_29984_99999949_116445259335705075-228.007_228.039_324.240_194.538_0.286_0.126_-0.169_0.072.jpg</path>
  <source>
    <database>Unknown</database>
  </source>
  <size>
    <width>642</width>
    <height>362</height>
    <depth>0</depth>
  </size>
  <segmented>0</segmented>
  <object>
    <name>sofa</name>
    <pose>Unspecified</pose>
    <truncated>0</truncated>
    <difficult>0</difficult>
    <bndbox>
      <xmin>245.00</xmin>
      <ymin>136.82</ymin>
      <xmax>486.82</xmax>
      <ymax>223.64</ymax>
    </bndbox>
  </object>
  <object>
    <name>tea_table</name>
    <pose>Unspecified</pose>
    <truncated>0</truncated>
    <difficult>0</difficult>
    <bndbox>
      <xmin>376.82</xmin>
      <ymin>145.00</ymin>
      <xmax>603.64</xmax>
      <ymax>226.82</ymax>
    </bndbox>
  </object>
  <object>
    <name>slipper</name>
    <pose>Unspecified</pose>
    <truncated>0</truncated>
    <difficult>0</difficult>
    <bndbox>
      <xmin>501.82</xmin>
      <ymin>192.73</ymin>
      <xmax>641.82</xmax>
      <ymax>280.91</ymax>
    </bndbox>
  </object>
  <object>
    <name>blanket</name>
    <pose>Unspecified</pose>
    <truncated>0</truncated>
    <difficult>0</difficult>
    <bndbox>
      <xmin>0.91</xmin>
      <ymin>252.73</ymin>
      <xmax>60.91</xmax>
      <ymax>278.64</ymax>
    </bndbox>
  </object>
</annotation>