<?xml version="1.0" encoding="UTF-8" ?>
<annotation>
  <folder>RGB200W_2998499999392_116444750490638746.jpg</folder>
  <filename>RGB200W_2998499999392_116444750490638746.jpg</filename>
  <path>http://172.18.39.209:9000/aliimages1999999990/RGB200W_2998499999392_116444750490638746.jpg</path>
  <source>
    <database>Unknown</database>
  </source>
  <size>
    <width>642</width>
    <height>362</height>
    <depth>0</depth>
  </size>
  <segmented>0</segmented>
  <object>
    <name>wire</name>
    <pose>Unspecified</pose>
    <truncated>0</truncated>
    <difficult>0</difficult>
    <bndbox>
      <xmin>68.64</xmin>
      <ymin>82.73</ymin>
      <xmax>120.91</xmax>
      <ymax>225.91</ymax>
    </bndbox>
  </object>
  <object>
    <name>tea_table</name>
    <pose>Unspecified</pose>
    <truncated>0</truncated>
    <difficult>0</difficult>
    <bndbox>
      <xmin>420.91</xmin>
      <ymin>1.82</ymin>
      <xmax>640.91</xmax>
      <ymax>227.73</ymax>
    </bndbox>
  </object>
  <object>
    <name>sofa</name>
    <pose>Unspecified</pose>
    <truncated>0</truncated>
    <difficult>0</difficult>
    <bndbox>
      <xmin>377.73</xmin>
      <ymin>115.91</ymin>
      <xmax>641.82</xmax>
      <ymax>225.00</ymax>
    </bndbox>
  </object>
  <object>
    <name>wire</name>
    <pose>Unspecified</pose>
    <truncated>0</truncated>
    <difficult>0</difficult>
    <bndbox>
      <xmin>21.82</xmin>
      <ymin>67.73</ymin>
      <xmax>40.91</xmax>
      <ymax>95.00</ymax>
    </bndbox>
  </object>
  <object>
    <name>slipper</name>
    <pose>Unspecified</pose>
    <truncated>0</truncated>
    <difficult>0</difficult>
    <bndbox>
      <xmin>376.82</xmin>
      <ymin>130.00</ymin>
      <xmax>407.73</xmax>
      <ymax>167.73</ymax>
    </bndbox>
  </object>
</annotation>