<?xml version="1.0" encoding="UTF-8" ?>
<annotation>
  <folder>2022011701</folder>
  <filename>RGB200W_29984CRL30V00065052_1637759243_6380.jpg</filename>
  <path>http://172.18.39.209:9000/aliimages/2022011701/RGB200W_29984CRL30V00065052_1637759243_6380.jpg</path>
  <source>
    <database>Unknown</database>
  </source>
  <size>
    <width>642</width>
    <height>362</height>
    <depth>0</depth>
  </size>
  <segmented>0</segmented>
  <object>
    <name>tea_table</name>
    <pose>Unspecified</pose>
    <truncated>0</truncated>
    <difficult>0</difficult>
    <bndbox>
      <xmin>379.09</xmin>
      <ymin>136.36</ymin>
      <xmax>478.64</xmax>
      <ymax>210.91</ymax>
    </bndbox>
  </object>
  <object>
    <name>TV_stand1</name>
    <pose>Unspecified</pose>
    <truncated>0</truncated>
    <difficult>0</difficult>
    <bndbox>
      <xmin>264.09</xmin>
      <ymin>161.36</ymin>
      <xmax>326.36</xmax>
      <ymax>206.36</ymax>
    </bndbox>
  </object>
  <object>
    <name>dust_collector</name>
    <pose>Unspecified</pose>
    <truncated>0</truncated>
    <difficult>0</difficult>
    <bndbox>
      <xmin>218.18</xmin>
      <ymin>145.45</ymin>
      <xmax>265.00</xmax>
      <ymax>203.64</ymax>
    </bndbox>
  </object>
</annotation>