<?xml version="1.0" encoding="UTF-8" ?>
<annotation>
  <folder>RGB200W_277985943_116446044726122937.jpg</folder>
  <filename>RGB200W_277985943_116446044726122937.jpg</filename>
  <path>http://172.18.39.209:9000/aliimages1999999990/RGB200W_277985943_116446044726122937.jpg</path>
  <source>
    <database>Unknown</database>
  </source>
  <size>
    <width>642</width>
    <height>361</height>
    <depth>0</depth>
  </size>
  <segmented>0</segmented>
  <object>
    <name>tea_table</name>
    <pose>Unspecified</pose>
    <truncated>0</truncated>
    <difficult>0</difficult>
    <bndbox>
      <xmin>0.00</xmin>
      <ymin>0.00</ymin>
      <xmax>149.09</xmax>
      <ymax>204.55</ymax>
    </bndbox>
  </object>
  <object>
    <name>refrigerator</name>
    <pose>Unspecified</pose>
    <truncated>0</truncated>
    <difficult>0</difficult>
    <bndbox>
      <xmin>250.91</xmin>
      <ymin>55.45</ymin>
      <xmax>314.55</xmax>
      <ymax>190.00</ymax>
    </bndbox>
  </object>
  <object>
    <name>TV_stand</name>
    <pose>Unspecified</pose>
    <truncated>0</truncated>
    <difficult>0</difficult>
    <bndbox>
      <xmin>440.00</xmin>
      <ymin>89.55</ymin>
      <xmax>641.82</xmax>
      <ymax>194.09</ymax>
    </bndbox>
  </object>
</annotation>