<?xml version="1.0" encoding="UTF-8" ?>
<annotation>
  <folder>RGB200W_277985919_116445374817224368.jpg</folder>
  <filename>RGB200W_277985919_116445374817224368.jpg</filename>
  <path>http://172.18.39.209:9000/aliimages1999999990/RGB200W_277985919_116445374817224368.jpg</path>
  <source>
    <database>Unknown</database>
  </source>
  <size>
    <width>642</width>
    <height>361</height>
    <depth>0</depth>
  </size>
  <segmented>0</segmented>
  <object>
    <name>refrigerator</name>
    <pose>Unspecified</pose>
    <truncated>0</truncated>
    <difficult>0</difficult>
    <bndbox>
      <xmin>235.00</xmin>
      <ymin>135.91</ymin>
      <xmax>278.18</xmax>
      <ymax>219.55</ymax>
    </bndbox>
  </object>
  <object>
    <name>metal_chair_foot</name>
    <pose>Unspecified</pose>
    <truncated>0</truncated>
    <difficult>0</difficult>
    <bndbox>
      <xmin>393.18</xmin>
      <ymin>232.73</ymin>
      <xmax>641.82</xmax>
      <ymax>360.45</ymax>
    </bndbox>
  </object>
  <object>
    <name>tea_table</name>
    <pose>Unspecified</pose>
    <truncated>0</truncated>
    <difficult>0</difficult>
    <bndbox>
      <xmin>86.36</xmin>
      <ymin>171.82</ymin>
      <xmax>184.09</xmax>
      <ymax>219.55</ymax>
    </bndbox>
  </object>
  <object>
    <name>wire</name>
    <pose>Unspecified</pose>
    <truncated>0</truncated>
    <difficult>0</difficult>
    <bndbox>
      <xmin>0.00</xmin>
      <ymin>75.91</ymin>
      <xmax>47.27</xmax>
      <ymax>197.73</ymax>
    </bndbox>
  </object>
  <object>
    <name>wire</name>
    <pose>Unspecified</pose>
    <truncated>0</truncated>
    <difficult>0</difficult>
    <bndbox>
      <xmin>572.73</xmin>
      <ymin>141.82</ymin>
      <xmax>619.55</xmax>
      <ymax>231.36</ymax>
    </bndbox>
  </object>
</annotation>