<?xml version="1.0" encoding="UTF-8" ?>
<annotation>
  <folder>RGB200W_29984_99999320_116445885887761712.jpg</folder>
  <filename>RGB200W_29984_99999320_116445885887761712.jpg</filename>
  <path>http://172.18.39.209:9000/aliimages1999999999/RGB200W_29984_99999320_116445885887761712.jpg</path>
  <source>
    <database>Unknown</database>
  </source>
  <size>
    <width>642</width>
    <height>362</height>
    <depth>0</depth>
  </size>
  <segmented>0</segmented>
  <object>
    <name>sofa</name>
    <pose>Unspecified</pose>
    <truncated>0</truncated>
    <difficult>0</difficult>
    <bndbox>
      <xmin>0.91</xmin>
      <ymin>30.00</ymin>
      <xmax>397.73</xmax>
      <ymax>210.91</ymax>
    </bndbox>
  </object>
  <object>
    <name>slipper</name>
    <pose>Unspecified</pose>
    <truncated>0</truncated>
    <difficult>0</difficult>
    <bndbox>
      <xmin>311.82</xmin>
      <ymin>198.64</ymin>
      <xmax>371.82</xmax>
      <ymax>217.73</ymax>
    </bndbox>
  </object>
  <object>
    <name>tea_table</name>
    <pose>Unspecified</pose>
    <truncated>0</truncated>
    <difficult>0</difficult>
    <bndbox>
      <xmin>231.82</xmin>
      <ymin>0.91</ymin>
      <xmax>641.82</xmax>
      <ymax>270.91</ymax>
    </bndbox>
  </object>
</annotation>