<?xml version="1.0" encoding="UTF-8" ?>
<annotation>
  <folder>RGB200W_29984_99999368_116445639346915522.jpg</folder>
  <filename>RGB200W_29984_99999368_116445639346915522.jpg</filename>
  <path>http://172.18.39.209:9000/aliimages2021122805/RGB200W_29984_99999368_116445639346915522.jpg</path>
  <source>
    <database>Unknown</database>
  </source>
  <size>
    <width>642</width>
    <height>362</height>
    <depth>0</depth>
  </size>
  <segmented>0</segmented>
  <object>
    <name>person_leg</name>
    <pose>Unspecified</pose>
    <truncated>0</truncated>
    <difficult>0</difficult>
    <bndbox>
      <xmin>202.73</xmin>
      <ymin>176.82</ymin>
      <xmax>232.73</xmax>
      <ymax>223.64</ymax>
    </bndbox>
  </object>
  <object>
    <name>TV_stand</name>
    <pose>Unspecified</pose>
    <truncated>0</truncated>
    <difficult>0</difficult>
    <bndbox>
      <xmin>338.64</xmin>
      <ymin>53.64</ymin>
      <xmax>641.82</xmax>
      <ymax>263.64</ymax>
    </bndbox>
  </object>
  <object>
    <name>tea_table</name>
    <pose>Unspecified</pose>
    <truncated>0</truncated>
    <difficult>0</difficult>
    <bndbox>
      <xmin>0.91</xmin>
      <ymin>10.91</ymin>
      <xmax>160.91</xmax>
      <ymax>240.91</ymax>
    </bndbox>
  </object>
  <object>
    <name>person</name>
    <pose>Unspecified</pose>
    <truncated>0</truncated>
    <difficult>0</difficult>
    <bndbox>
      <xmin>204.09</xmin>
      <ymin>110.00</ymin>
      <xmax>244.09</xmax>
      <ymax>224.55</ymax>
    </bndbox>
  </object>
</annotation>