<?xml version="1.0" encoding="UTF-8" ?>
<annotation>
  <folder>2021061702</folder>
  <filename>RGB200W_010102104221029_116448082777666907_UP20210617.jpg</filename>
  <path>http://172.18.39.209:9000/aliimages/2021061702/RGB200W_010102104221029_116448082777666907_UP20210617.jpg</path>
  <source>
    <database>Unknown</database>
  </source>
  <size>
    <width>642</width>
    <height>362</height>
    <depth>0</depth>
  </size>
  <segmented>0</segmented>
  <object>
    <name>blanket</name>
    <pose>Unspecified</pose>
    <truncated>0</truncated>
    <difficult>0</difficult>
    <bndbox>
      <xmin>171.82</xmin>
      <ymin>214.55</ymin>
      <xmax>258.18</xmax>
      <ymax>226.82</ymax>
    </bndbox>
  </object>
  <object>
    <name>TV_stand</name>
    <pose>Unspecified</pose>
    <truncated>0</truncated>
    <difficult>0</difficult>
    <bndbox>
      <xmin>230.91</xmin>
      <ymin>90.45</ymin>
      <xmax>508.64</xmax>
      <ymax>230.91</ymax>
    </bndbox>
  </object>
</annotation>