<?xml version="1.0" encoding="UTF-8" ?>
<annotation>
  <folder>RGB200W_010102104221001_116445152674801755.jpg</folder>
  <filename>RGB200W_010102104221001_116445152674801755.jpg</filename>
  <path>http://172.18.39.209:9000/aliimages2021122806/RGB200W_010102104221001_116445152674801755.jpg</path>
  <source>
    <database>Unknown</database>
  </source>
  <size>
    <width>642</width>
    <height>362</height>
    <depth>0</depth>
  </size>
  <segmented>0</segmented>
  <object>
    <name>person_leg</name>
    <pose>Unspecified</pose>
    <truncated>0</truncated>
    <difficult>0</difficult>
    <bndbox>
      <xmin>540.91</xmin>
      <ymin>161.82</ymin>
      <xmax>610.91</xmax>
      <ymax>213.64</ymax>
    </bndbox>
  </object>
  <object>
    <name>slipper</name>
    <pose>Unspecified</pose>
    <truncated>0</truncated>
    <difficult>0</difficult>
    <bndbox>
      <xmin>536.82</xmin>
      <ymin>192.73</ymin>
      <xmax>611.82</xmax>
      <ymax>212.73</ymax>
    </bndbox>
  </object>
  <object>
    <name>sofa</name>
    <pose>Unspecified</pose>
    <truncated>0</truncated>
    <difficult>0</difficult>
    <bndbox>
      <xmin>347.73</xmin>
      <ymin>126.82</ymin>
      <xmax>430.00</xmax>
      <ymax>208.64</ymax>
    </bndbox>
  </object>
  <object>
    <name>blanket</name>
    <pose>Unspecified</pose>
    <truncated>0</truncated>
    <difficult>0</difficult>
    <bndbox>
      <xmin>153.64</xmin>
      <ymin>200.91</ymin>
      <xmax>358.64</xmax>
      <ymax>220.00</ymax>
    </bndbox>
  </object>
  <object>
    <name>tea_table</name>
    <pose>Unspecified</pose>
    <truncated>0</truncated>
    <difficult>0</difficult>
    <bndbox>
      <xmin>173.64</xmin>
      <ymin>125.91</ymin>
      <xmax>336.82</xmax>
      <ymax>210.91</ymax>
    </bndbox>
  </object>
  <object>
    <name>bed_1</name>
    <pose>Unspecified</pose>
    <truncated>0</truncated>
    <difficult>0</difficult>
    <bndbox>
      <xmin>56.82</xmin>
      <ymin>165.00</ymin>
      <xmax>86.82</xmax>
      <ymax>203.64</ymax>
    </bndbox>
  </object>
  <object>
    <name>person</name>
    <pose>Unspecified</pose>
    <truncated>0</truncated>
    <difficult>0</difficult>
    <bndbox>
      <xmin>539.09</xmin>
      <ymin>0.45</ymin>
      <xmax>640.91</xmax>
      <ymax>212.27</ymax>
    </bndbox>
  </object>
</annotation>