<?xml version="1.0" encoding="UTF-8" ?>
<annotation>
  <folder>RGB200W_CRL9993I202006069999_1591690660072122.jpg</folder>
  <filename>RGB200W_CRL9993I202006069999_1591690660072122.jpg</filename>
  <path>http://172.18.39.209:9000/aliimages2021122805/RGB200W_CRL9993I202006069999_1591690660072122.jpg</path>
  <source>
    <database>Unknown</database>
  </source>
  <size>
    <width>1920</width>
    <height>1079</height>
    <depth>0</depth>
  </size>
  <segmented>0</segmented>
  <object>
    <name>person_leg</name>
    <pose>Unspecified</pose>
    <truncated>0</truncated>
    <difficult>0</difficult>
    <bndbox>
      <xmin>1045.37</xmin>
      <ymin>0.00</ymin>
      <xmax>1489.89</xmax>
      <ymax>541.04</ymax>
    </bndbox>
  </object>
  <object>
    <name>slipper</name>
    <pose>Unspecified</pose>
    <truncated>0</truncated>
    <difficult>0</difficult>
    <bndbox>
      <xmin>1037.21</xmin>
      <ymin>536.96</ymin>
      <xmax>1919.46</xmax>
      <ymax>822.43</ymax>
    </bndbox>
  </object>
  <object>
    <name>tea_table</name>
    <pose>Unspecified</pose>
    <truncated>0</truncated>
    <difficult>0</difficult>
    <bndbox>
      <xmin>1469.50</xmin>
      <ymin>0.00</ymin>
      <xmax>1919.46</xmax>
      <ymax>626.68</ymax>
    </bndbox>
  </object>
  <object>
    <name>sofa_1</name>
    <pose>Unspecified</pose>
    <truncated>0</truncated>
    <difficult>0</difficult>
    <bndbox>
      <xmin>0.00</xmin>
      <ymin>0.00</ymin>
      <xmax>1082.07</xmax>
      <ymax>644.35</ymax>
    </bndbox>
  </object>
</annotation>