<?xml version="1.0" encoding="UTF-8" ?>
<annotation>
  <folder>RGB200W_277985948_116444786346065371.jpg</folder>
  <filename>RGB200W_277985948_116444786346065371.jpg</filename>
  <path>http://172.18.39.209:9000/aliimages1999999983/RGB200W_277985948_116444786346065371.jpg</path>
  <source>
    <database>Unknown</database>
  </source>
  <size>
    <width>642</width>
    <height>361</height>
    <depth>0</depth>
  </size>
  <segmented>0</segmented>
  <object>
    <name>sofa</name>
    <pose>Unspecified</pose>
    <truncated>0</truncated>
    <difficult>0</difficult>
    <bndbox>
      <xmin>175.45</xmin>
      <ymin>149.09</ymin>
      <xmax>307.27</xmax>
      <ymax>205.91</ymax>
    </bndbox>
  </object>
  <object>
    <name>tea_table</name>
    <pose>Unspecified</pose>
    <truncated>0</truncated>
    <difficult>0</difficult>
    <bndbox>
      <xmin>0.45</xmin>
      <ymin>0.00</ymin>
      <xmax>295.91</xmax>
      <ymax>229.55</ymax>
    </bndbox>
  </object>
</annotation>