<?xml version="1.0" encoding="UTF-8" ?>
<annotation>
  <folder>RGB200W_010102104301105_116447321996867396.jpg</folder>
  <filename>RGB200W_010102104301105_116447321996867396.jpg</filename>
  <path>http://172.18.39.209:9000/aliimages1999999986/RGB200W_010102104301105_116447321996867396.jpg</path>
  <source>
    <database>Unknown</database>
  </source>
  <size>
    <width>642</width>
    <height>362</height>
    <depth>0</depth>
  </size>
  <segmented>0</segmented>
  <object>
    <name>tea_table</name>
    <pose>Unspecified</pose>
    <truncated>0</truncated>
    <difficult>0</difficult>
    <bndbox>
      <xmin>370.91</xmin>
      <ymin>143.64</ymin>
      <xmax>570.00</xmax>
      <ymax>218.64</ymax>
    </bndbox>
  </object>
  <object>
    <name>sofa</name>
    <pose>Unspecified</pose>
    <truncated>0</truncated>
    <difficult>0</difficult>
    <bndbox>
      <xmin>337.73</xmin>
      <ymin>153.64</ymin>
      <xmax>378.64</xmax>
      <ymax>213.64</ymax>
    </bndbox>
  </object>
  <object>
    <name>sofa</name>
    <pose>Unspecified</pose>
    <truncated>0</truncated>
    <difficult>0</difficult>
    <bndbox>
      <xmin>563.64</xmin>
      <ymin>138.64</ymin>
      <xmax>630.00</xmax>
      <ymax>215.91</ymax>
    </bndbox>
  </object>
</annotation>