<?xml version="1.0" encoding="UTF-8" ?>
<annotation>
  <folder>RGB200W_277985946_116449106410754888.jpg</folder>
  <filename>RGB200W_277985946_116449106410754888.jpg</filename>
  <path>http://172.18.39.209:9000/aliimages1999999983/RGB200W_277985946_116449106410754888.jpg</path>
  <source>
    <database>Unknown</database>
  </source>
  <size>
    <width>642</width>
    <height>361</height>
    <depth>0</depth>
  </size>
  <segmented>0</segmented>
  <object>
    <name>tea_table</name>
    <pose>Unspecified</pose>
    <truncated>0</truncated>
    <difficult>0</difficult>
    <bndbox>
      <xmin>71.82</xmin>
      <ymin>150.91</ymin>
      <xmax>141.36</xmax>
      <ymax>185.00</ymax>
    </bndbox>
  </object>
</annotation>