<?xml version="1.0" encoding="UTF-8" ?>
<annotation>
  <folder>RGB200W_CRL9993I202006069999_1591691693398976.jpg</folder>
  <filename>RGB200W_CRL9993I202006069999_1591691693398976.jpg</filename>
  <path>http://172.18.39.209:9000/aliimages1999999999/RGB200W_CRL9993I202006069999_1591691693398976.jpg</path>
  <source>
    <database>Unknown</database>
  </source>
  <size>
    <width>642</width>
    <height>361</height>
    <depth>0</depth>
  </size>
  <segmented>0</segmented>
  <object>
    <name>TV_stand</name>
    <pose>Unspecified</pose>
    <truncated>0</truncated>
    <difficult>0</difficult>
    <bndbox>
      <xmin>340.91</xmin>
      <ymin>0.00</ymin>
      <xmax>641.82</xmax>
      <ymax>201.82</ymax>
    </bndbox>
  </object>
  <object>
    <name>tea_table</name>
    <pose>Unspecified</pose>
    <truncated>0</truncated>
    <difficult>0</difficult>
    <bndbox>
      <xmin>0.91</xmin>
      <ymin>64.09</ymin>
      <xmax>198.18</xmax>
      <ymax>193.18</ymax>
    </bndbox>
  </object>
</annotation>