<?xml version="1.0" encoding="UTF-8" ?>
<annotation>
  <folder>RGB200W_29984CRL30V00000172_116450657083651478.jpg</folder>
  <filename>RGB200W_29984CRL30V00000172_116450657083651478.jpg</filename>
  <path>http://172.18.39.209:9000/aliimages1999999996/RGB200W_29984CRL30V00000172_116450657083651478.jpg</path>
  <source>
    <database>Unknown</database>
  </source>
  <size>
    <width>642</width>
    <height>362</height>
    <depth>0</depth>
  </size>
  <segmented>0</segmented>
  <object>
    <name>wire</name>
    <pose>Unspecified</pose>
    <truncated>0</truncated>
    <difficult>0</difficult>
    <bndbox>
      <xmin>393.64</xmin>
      <ymin>103.64</ymin>
      <xmax>415.00</xmax>
      <ymax>206.82</ymax>
    </bndbox>
  </object>
  <object>
    <name>TV_stand</name>
    <pose>Unspecified</pose>
    <truncated>0</truncated>
    <difficult>0</difficult>
    <bndbox>
      <xmin>437.73</xmin>
      <ymin>0.91</ymin>
      <xmax>641.82</xmax>
      <ymax>223.64</ymax>
    </bndbox>
  </object>
  <object>
    <name>tea_table</name>
    <pose>Unspecified</pose>
    <truncated>0</truncated>
    <difficult>0</difficult>
    <bndbox>
      <xmin>0.91</xmin>
      <ymin>5.91</ymin>
      <xmax>285.91</xmax>
      <ymax>222.73</ymax>
    </bndbox>
  </object>
</annotation>