<?xml version="1.0" encoding="UTF-8" ?>
<annotation>
  <folder>2022012502</folder>
  <filename>RGB200W_29984CRL30V00066387_1637727712_1322.jpg</filename>
  <path>http://172.18.39.209:9000/aliimages/2022012502/RGB200W_29984CRL30V00066387_1637727712_1322.jpg</path>
  <source>
    <database>Unknown</database>
  </source>
  <size>
    <width>642</width>
    <height>362</height>
    <depth>0</depth>
  </size>
  <segmented>0</segmented>
  <object>
    <name>door_anno</name>
    <pose>Unspecified</pose>
    <truncated>0</truncated>
    <difficult>0</difficult>
    <bndbox>
      <xmin>520.00</xmin>
      <ymin>99.55</ymin>
      <xmax>578.64</xmax>
      <ymax>212.27</ymax>
    </bndbox>
  </object>
  <object>
    <name>tea_table</name>
    <pose>Unspecified</pose>
    <truncated>0</truncated>
    <difficult>0</difficult>
    <bndbox>
      <xmin>125.91</xmin>
      <ymin>135.91</ymin>
      <xmax>299.55</xmax>
      <ymax>212.73</ymax>
    </bndbox>
  </object>
  <object>
    <name>sofa</name>
    <pose>Unspecified</pose>
    <truncated>0</truncated>
    <difficult>0</difficult>
    <bndbox>
      <xmin>0.00</xmin>
      <ymin>125.45</ymin>
      <xmax>375.45</xmax>
      <ymax>213.18</ymax>
    </bndbox>
  </object>
</annotation>