<?xml version="1.0" encoding="UTF-8" ?>
<annotation>
  <folder>RGB200W_277985931_116445391249980279.jpg</folder>
  <filename>RGB200W_277985931_116445391249980279.jpg</filename>
  <path>http://172.18.39.209:9000/aliimages1999999983/RGB200W_277985931_116445391249980279.jpg</path>
  <source>
    <database>Unknown</database>
  </source>
  <size>
    <width>642</width>
    <height>361</height>
    <depth>0</depth>
  </size>
  <segmented>0</segmented>
  <object>
    <name>tea_table</name>
    <pose>Unspecified</pose>
    <truncated>0</truncated>
    <difficult>0</difficult>
    <bndbox>
      <xmin>437.27</xmin>
      <ymin>74.55</ymin>
      <xmax>641.82</xmax>
      <ymax>208.64</ymax>
    </bndbox>
  </object>
  <object>
    <name>TV_stand</name>
    <pose>Unspecified</pose>
    <truncated>0</truncated>
    <difficult>0</difficult>
    <bndbox>
      <xmin>0.00</xmin>
      <ymin>0.00</ymin>
      <xmax>285.00</xmax>
      <ymax>207.27</ymax>
    </bndbox>
  </object>
  <object>
    <name>wire</name>
    <pose>Unspecified</pose>
    <truncated>0</truncated>
    <difficult>0</difficult>
    <bndbox>
      <xmin>227.27</xmin>
      <ymin>97.73</ymin>
      <xmax>258.18</xmax>
      <ymax>220.91</ymax>
    </bndbox>
  </object>
  <object>
    <name>charger</name>
    <pose>Unspecified</pose>
    <truncated>0</truncated>
    <difficult>0</difficult>
    <bndbox>
      <xmin>122.27</xmin>
      <ymin>147.73</ymin>
      <xmax>279.09</xmax>
      <ymax>264.09</ymax>
    </bndbox>
  </object>
</annotation>