<?xml version="1.0" encoding="UTF-8" ?>
<annotation>
  <folder>RGB200W_277985943_116445403755615875.jpg</folder>
  <filename>RGB200W_277985943_116445403755615875.jpg</filename>
  <path>http://172.18.39.209:9000/aliimages1999999990/RGB200W_277985943_116445403755615875.jpg</path>
  <source>
    <database>Unknown</database>
  </source>
  <size>
    <width>642</width>
    <height>361</height>
    <depth>0</depth>
  </size>
  <segmented>0</segmented>
  <object>
    <name>wire</name>
    <pose>Unspecified</pose>
    <truncated>0</truncated>
    <difficult>0</difficult>
    <bndbox>
      <xmin>241.36</xmin>
      <ymin>0.00</ymin>
      <xmax>277.73</xmax>
      <ymax>175.00</ymax>
    </bndbox>
  </object>
  <object>
    <name>tea_table</name>
    <pose>Unspecified</pose>
    <truncated>0</truncated>
    <difficult>0</difficult>
    <bndbox>
      <xmin>350.45</xmin>
      <ymin>46.36</ymin>
      <xmax>641.82</xmax>
      <ymax>207.27</ymax>
    </bndbox>
  </object>
  <object>
    <name>door_anno</name>
    <pose>Unspecified</pose>
    <truncated>0</truncated>
    <difficult>0</difficult>
    <bndbox>
      <xmin>68.18</xmin>
      <ymin>0.00</ymin>
      <xmax>218.64</xmax>
      <ymax>198.18</ymax>
    </bndbox>
  </object>
</annotation>