<?xml version="1.0" encoding="UTF-8" ?>
<annotation>
  <folder>RGB200W_202006292029_116445519990572488.jpg</folder>
  <filename>RGB200W_202006292029_116445519990572488.jpg</filename>
  <path>http://172.18.39.209:9000/aliimages1999999965/RGB200W_202006292029_116445519990572488.jpg</path>
  <source>
    <database>Unknown</database>
  </source>
  <size>
    <width>642</width>
    <height>361</height>
    <depth>0</depth>
  </size>
  <segmented>0</segmented>
  <object>
    <name>refrigerator</name>
    <pose>Unspecified</pose>
    <truncated>0</truncated>
    <difficult>0</difficult>
    <bndbox>
      <xmin>176.36</xmin>
      <ymin>90.45</ymin>
      <xmax>266.82</xmax>
      <ymax>220.00</ymax>
    </bndbox>
  </object>
  <object>
    <name>slipper</name>
    <pose>Unspecified</pose>
    <truncated>0</truncated>
    <difficult>0</difficult>
    <bndbox>
      <xmin>324.55</xmin>
      <ymin>213.18</ymin>
      <xmax>345.45</xmax>
      <ymax>220.91</ymax>
    </bndbox>
  </object>
  <object>
    <name>slipper</name>
    <pose>Unspecified</pose>
    <truncated>0</truncated>
    <difficult>0</difficult>
    <bndbox>
      <xmin>356.36</xmin>
      <ymin>212.27</ymin>
      <xmax>371.36</xmax>
      <ymax>223.18</ymax>
    </bndbox>
  </object>
  <object>
    <name>door_anno</name>
    <pose>Unspecified</pose>
    <truncated>0</truncated>
    <difficult>0</difficult>
    <bndbox>
      <xmin>16.82</xmin>
      <ymin>8.18</ymin>
      <xmax>133.64</xmax>
      <ymax>212.73</ymax>
    </bndbox>
  </object>
  <object>
    <name>door_anno</name>
    <pose>Unspecified</pose>
    <truncated>0</truncated>
    <difficult>0</difficult>
    <bndbox>
      <xmin>337.27</xmin>
      <ymin>79.55</ymin>
      <xmax>400.45</xmax>
      <ymax>220.00</ymax>
    </bndbox>
  </object>
  <object>
    <name>chair_base</name>
    <pose>Unspecified</pose>
    <truncated>0</truncated>
    <difficult>0</difficult>
    <bndbox>
      <xmin>443.64</xmin>
      <ymin>210.91</ymin>
      <xmax>478.64</xmax>
      <ymax>220.91</ymax>
    </bndbox>
  </object>
  <object>
    <name>wire</name>
    <pose>Unspecified</pose>
    <truncated>0</truncated>
    <difficult>0</difficult>
    <bndbox>
      <xmin>561.36</xmin>
      <ymin>173.64</ymin>
      <xmax>598.18</xmax>
      <ymax>208.64</ymax>
    </bndbox>
  </object>
  <object>
    <name>wire</name>
    <pose>Unspecified</pose>
    <truncated>0</truncated>
    <difficult>0</difficult>
    <bndbox>
      <xmin>542.27</xmin>
      <ymin>181.82</ymin>
      <xmax>552.27</xmax>
      <ymax>197.27</ymax>
    </bndbox>
  </object>
  <object>
    <name>tea_table</name>
    <pose>Unspecified</pose>
    <truncated>0</truncated>
    <difficult>0</difficult>
    <bndbox>
      <xmin>481.36</xmin>
      <ymin>168.18</ymin>
      <xmax>566.36</xmax>
      <ymax>222.27</ymax>
    </bndbox>
  </object>
  <object>
    <name>wire</name>
    <pose>Unspecified</pose>
    <truncated>0</truncated>
    <difficult>0</difficult>
    <bndbox>
      <xmin>175.91</xmin>
      <ymin>0.00</ymin>
      <xmax>207.27</xmax>
      <ymax>95.00</ymax>
    </bndbox>
  </object>
  <object>
    <name>unknown</name>
    <pose>Unspecified</pose>
    <truncated>0</truncated>
    <difficult>0</difficult>
    <bndbox>
      <xmin>331.36</xmin>
      <ymin>142.73</ymin>
      <xmax>349.55</xmax>
      <ymax>214.09</ymax>
    </bndbox>
  </object>
  <object>
    <name>unknown</name>
    <pose>Unspecified</pose>
    <truncated>0</truncated>
    <difficult>0</difficult>
    <bndbox>
      <xmin>349.55</xmin>
      <ymin>142.73</ymin>
      <xmax>370.91</xmax>
      <ymax>211.82</ymax>
    </bndbox>
  </object>
</annotation>