<?xml version="1.0" encoding="UTF-8" ?>
<annotation>
  <folder>RGB200W_CRL9993I202006069999_1591691066127952.jpg</folder>
  <filename>RGB200W_CRL9993I202006069999_1591691066127952.jpg</filename>
  <path>http://172.18.39.209:9000/aliimages1999999990/RGB200W_CRL9993I202006069999_1591691066127952.jpg</path>
  <source>
    <database>Unknown</database>
  </source>
  <size>
    <width>642</width>
    <height>361</height>
    <depth>0</depth>
  </size>
  <segmented>0</segmented>
  <object>
    <name>TV_stand</name>
    <pose>Unspecified</pose>
    <truncated>0</truncated>
    <difficult>0</difficult>
    <bndbox>
      <xmin>538.64</xmin>
      <ymin>139.09</ymin>
      <xmax>641.36</xmax>
      <ymax>176.82</ymax>
    </bndbox>
  </object>
  <object>
    <name>sofa1</name>
    <pose>Unspecified</pose>
    <truncated>0</truncated>
    <difficult>0</difficult>
    <bndbox>
      <xmin>415.91</xmin>
      <ymin>157.73</ymin>
      <xmax>456.36</xmax>
      <ymax>179.55</ymax>
    </bndbox>
  </object>
  <object>
    <name>tea_table</name>
    <pose>Unspecified</pose>
    <truncated>0</truncated>
    <difficult>0</difficult>
    <bndbox>
      <xmin>448.64</xmin>
      <ymin>148.18</ymin>
      <xmax>510.91</xmax>
      <ymax>179.55</ymax>
    </bndbox>
  </object>
</annotation>