<?xml version="1.0" encoding="UTF-8" ?>
<annotation>
  <folder>RGB200W_29984_99999948_116444922545502547.jpg</folder>
  <filename>RGB200W_29984_99999948_116444922545502547.jpg</filename>
  <path>http://172.18.39.209:9000/aliimages1999999990/RGB200W_29984_99999948_116444922545502547.jpg</path>
  <source>
    <database>Unknown</database>
  </source>
  <size>
    <width>642</width>
    <height>362</height>
    <depth>0</depth>
  </size>
  <segmented>0</segmented>
  <object>
    <name>tea_table</name>
    <pose>Unspecified</pose>
    <truncated>0</truncated>
    <difficult>0</difficult>
    <bndbox>
      <xmin>355.91</xmin>
      <ymin>157.73</ymin>
      <xmax>442.73</xmax>
      <ymax>226.82</ymax>
    </bndbox>
  </object>
  <object>
    <name>sofa</name>
    <pose>Unspecified</pose>
    <truncated>0</truncated>
    <difficult>0</difficult>
    <bndbox>
      <xmin>291.82</xmin>
      <ymin>170.00</ymin>
      <xmax>363.64</xmax>
      <ymax>225.00</ymax>
    </bndbox>
  </object>
</annotation>