<?xml version="1.0" encoding="UTF-8" ?>
<annotation>
  <folder>RGB200W_CRL9993I202006069999_1591691689980992.jpg</folder>
  <filename>RGB200W_CRL9993I202006069999_1591691689980992.jpg</filename>
  <path>http://172.18.39.209:9000/aliimages2021122805/RGB200W_CRL9993I202006069999_1591691689980992.jpg</path>
  <source>
    <database>Unknown</database>
  </source>
  <size>
    <width>1920</width>
    <height>1079</height>
    <depth>0</depth>
  </size>
  <segmented>0</segmented>
  <object>
    <name>person_leg</name>
    <pose>Unspecified</pose>
    <truncated>0</truncated>
    <difficult>0</difficult>
    <bndbox>
      <xmin>0.00</xmin>
      <ymin>0.00</ymin>
      <xmax>281.39</xmax>
      <ymax>710.96</ymax>
    </bndbox>
  </object>
  <object>
    <name>wire</name>
    <pose>Unspecified</pose>
    <truncated>0</truncated>
    <difficult>0</difficult>
    <bndbox>
      <xmin>320.82</xmin>
      <ymin>433.64</ymin>
      <xmax>392.86</xmax>
      <ymax>562.79</ymax>
    </bndbox>
  </object>
  <object>
    <name>slipper</name>
    <pose>Unspecified</pose>
    <truncated>0</truncated>
    <difficult>0</difficult>
    <bndbox>
      <xmin>0.00</xmin>
      <ymin>614.44</ymin>
      <xmax>282.75</xmax>
      <ymax>713.68</ymax>
    </bndbox>
  </object>
  <object>
    <name>tea_table</name>
    <pose>Unspecified</pose>
    <truncated>0</truncated>
    <difficult>0</difficult>
    <bndbox>
      <xmin>354.80</xmin>
      <ymin>425.49</ymin>
      <xmax>713.68</xmax>
      <ymax>662.02</ymax>
    </bndbox>
  </object>
  <object>
    <name>metal_chair_foot</name>
    <pose>Unspecified</pose>
    <truncated>0</truncated>
    <difficult>0</difficult>
    <bndbox>
      <xmin>637.55</xmin>
      <ymin>625.32</ymin>
      <xmax>906.71</xmax>
      <ymax>666.10</ymax>
    </bndbox>
  </object>
  <object>
    <name>wire</name>
    <pose>Unspecified</pose>
    <truncated>0</truncated>
    <difficult>0</difficult>
    <bndbox>
      <xmin>867.29</xmin>
      <ymin>372.47</ymin>
      <xmax>932.54</xmax>
      <ymax>455.40</ymax>
    </bndbox>
  </object>
  <object>
    <name>shoe</name>
    <pose>Unspecified</pose>
    <truncated>0</truncated>
    <difficult>0</difficult>
    <bndbox>
      <xmin>1126.93</xmin>
      <ymin>565.51</ymin>
      <xmax>1258.79</xmax>
      <ymax>702.80</ymax>
    </bndbox>
  </object>
  <object>
    <name>shoe</name>
    <pose>Unspecified</pose>
    <truncated>0</truncated>
    <difficult>0</difficult>
    <bndbox>
      <xmin>1024.98</xmin>
      <ymin>568.22</ymin>
      <xmax>1137.81</xmax>
      <ymax>698.73</ymax>
    </bndbox>
  </object>
  <object>
    <name>plastic_stool</name>
    <pose>Unspecified</pose>
    <truncated>0</truncated>
    <difficult>0</difficult>
    <bndbox>
      <xmin>1681.56</xmin>
      <ymin>379.27</ymin>
      <xmax>1916.74</xmax>
      <ymax>702.80</ymax>
    </bndbox>
  </object>
</annotation>