<?xml version="1.0" encoding="UTF-8" ?>
<annotation>
  <folder>RGB200W_202006292027_116444739632735693.jpg</folder>
  <filename>RGB200W_202006292027_116444739632735693.jpg</filename>
  <path>http://172.18.39.209:9000/aliimages1999999996/RGB200W_202006292027_116444739632735693.jpg</path>
  <source>
    <database>Unknown</database>
  </source>
  <size>
    <width>642</width>
    <height>361</height>
    <depth>0</depth>
  </size>
  <segmented>0</segmented>
  <object>
    <name>refrigerator</name>
    <pose>Unspecified</pose>
    <truncated>0</truncated>
    <difficult>0</difficult>
    <bndbox>
      <xmin>303.64</xmin>
      <ymin>0.00</ymin>
      <xmax>412.73</xmax>
      <ymax>199.55</ymax>
    </bndbox>
  </object>
  <object>
    <name>charger</name>
    <pose>Unspecified</pose>
    <truncated>0</truncated>
    <difficult>0</difficult>
    <bndbox>
      <xmin>417.73</xmin>
      <ymin>155.91</ymin>
      <xmax>553.18</xmax>
      <ymax>236.82</ymax>
    </bndbox>
  </object>
  <object>
    <name>tea_table</name>
    <pose>Unspecified</pose>
    <truncated>0</truncated>
    <difficult>0</difficult>
    <bndbox>
      <xmin>0.00</xmin>
      <ymin>57.73</ymin>
      <xmax>200.45</xmax>
      <ymax>205.00</ymax>
    </bndbox>
  </object>
  <object>
    <name>wire</name>
    <pose>Unspecified</pose>
    <truncated>0</truncated>
    <difficult>0</difficult>
    <bndbox>
      <xmin>482.73</xmin>
      <ymin>0.00</ymin>
      <xmax>538.64</xmax>
      <ymax>162.73</ymax>
    </bndbox>
  </object>
  <object>
    <name>wire</name>
    <pose>Unspecified</pose>
    <truncated>0</truncated>
    <difficult>0</difficult>
    <bndbox>
      <xmin>142.27</xmin>
      <ymin>5.00</ymin>
      <xmax>232.27</xmax>
      <ymax>57.73</ymax>
    </bndbox>
  </object>
</annotation>