<?xml version="1.0" encoding="UTF-8" ?>
<annotation>
  <folder>RGB200W_CRL9993I202006069999_1594646613341168.jpg</folder>
  <filename>RGB200W_CRL9993I202006069999_1594646613341168.jpg</filename>
  <path>http://172.18.39.209:9000/aliimages2021122805/RGB200W_CRL9993I202006069999_1594646613341168.jpg</path>
  <source>
    <database>Unknown</database>
  </source>
  <size>
    <width>1920</width>
    <height>1079</height>
    <depth>0</depth>
  </size>
  <segmented>0</segmented>
  <object>
    <name>person_leg</name>
    <pose>Unspecified</pose>
    <truncated>0</truncated>
    <difficult>0</difficult>
    <bndbox>
      <xmin>1462.70</xmin>
      <ymin>2.72</ymin>
      <xmax>1916.74</xmax>
      <ymax>672.90</ymax>
    </bndbox>
  </object>
  <object>
    <name>slipper</name>
    <pose>Unspecified</pose>
    <truncated>0</truncated>
    <difficult>0</difficult>
    <bndbox>
      <xmin>1496.69</xmin>
      <ymin>566.86</ymin>
      <xmax>1919.46</xmax>
      <ymax>664.74</ymax>
    </bndbox>
  </object>
  <object>
    <name>sofa</name>
    <pose>Unspecified</pose>
    <truncated>0</truncated>
    <difficult>0</difficult>
    <bndbox>
      <xmin>436.36</xmin>
      <ymin>125.06</ymin>
      <xmax>1201.70</xmax>
      <ymax>637.55</ymax>
    </bndbox>
  </object>
  <object>
    <name>tea_table</name>
    <pose>Unspecified</pose>
    <truncated>0</truncated>
    <difficult>0</difficult>
    <bndbox>
      <xmin>0.00</xmin>
      <ymin>40.78</ymin>
      <xmax>239.25</xmax>
      <ymax>660.66</ymax>
    </bndbox>
  </object>
</annotation>