<?xml version="1.0" encoding="UTF-8" ?>
<annotation>
  <folder>RGB200W_29984_99999948_116445021547613081.jpg</folder>
  <filename>RGB200W_29984_99999948_116445021547613081.jpg</filename>
  <path>http://172.18.39.209:9000/aliimages1999999990/RGB200W_29984_99999948_116445021547613081.jpg</path>
  <source>
    <database>Unknown</database>
  </source>
  <size>
    <width>642</width>
    <height>362</height>
    <depth>0</depth>
  </size>
  <segmented>0</segmented>
  <object>
    <name>sofa</name>
    <pose>Unspecified</pose>
    <truncated>0</truncated>
    <difficult>0</difficult>
    <bndbox>
      <xmin>345.00</xmin>
      <ymin>161.82</ymin>
      <xmax>428.64</xmax>
      <ymax>227.73</ymax>
    </bndbox>
  </object>
  <object>
    <name>tea_table</name>
    <pose>Unspecified</pose>
    <truncated>0</truncated>
    <difficult>0</difficult>
    <bndbox>
      <xmin>418.64</xmin>
      <ymin>110.91</ymin>
      <xmax>616.82</xmax>
      <ymax>235.91</ymax>
    </bndbox>
  </object>
  <object>
    <name>TV_stand</name>
    <pose>Unspecified</pose>
    <truncated>0</truncated>
    <difficult>0</difficult>
    <bndbox>
      <xmin>37.73</xmin>
      <ymin>0.91</ymin>
      <xmax>272.73</xmax>
      <ymax>231.82</ymax>
    </bndbox>
  </object>
  <object>
    <name>refrigerator</name>
    <pose>Unspecified</pose>
    <truncated>0</truncated>
    <difficult>0</difficult>
    <bndbox>
      <xmin>247.73</xmin>
      <ymin>82.73</ymin>
      <xmax>290.00</xmax>
      <ymax>220.00</ymax>
    </bndbox>
  </object>
</annotation>