<?xml version="1.0" encoding="UTF-8" ?>
<annotation>
  <folder>RGB200W_202006292029_116445516466225696.jpg</folder>
  <filename>RGB200W_202006292029_116445516466225696.jpg</filename>
  <path>http://172.18.39.209:9000/aliimages1999999990/RGB200W_202006292029_116445516466225696.jpg</path>
  <source>
    <database>Unknown</database>
  </source>
  <size>
    <width>642</width>
    <height>361</height>
    <depth>0</depth>
  </size>
  <segmented>0</segmented>
  <object>
    <name>refrigerator</name>
    <pose>Unspecified</pose>
    <truncated>0</truncated>
    <difficult>0</difficult>
    <bndbox>
      <xmin>265.45</xmin>
      <ymin>102.73</ymin>
      <xmax>341.36</xmax>
      <ymax>226.36</ymax>
    </bndbox>
  </object>
  <object>
    <name>door_anno</name>
    <pose>Unspecified</pose>
    <truncated>0</truncated>
    <difficult>0</difficult>
    <bndbox>
      <xmin>401.82</xmin>
      <ymin>67.73</ymin>
      <xmax>485.45</xmax>
      <ymax>224.09</ymax>
    </bndbox>
  </object>
  <object>
    <name>door_anno</name>
    <pose>Unspecified</pose>
    <truncated>0</truncated>
    <difficult>0</difficult>
    <bndbox>
      <xmin>131.82</xmin>
      <ymin>49.09</ymin>
      <xmax>208.64</xmax>
      <ymax>218.64</ymax>
    </bndbox>
  </object>
  <object>
    <name>blanket</name>
    <pose>Unspecified</pose>
    <truncated>0</truncated>
    <difficult>0</difficult>
    <bndbox>
      <xmin>100.00</xmin>
      <ymin>214.09</ymin>
      <xmax>229.09</xmax>
      <ymax>223.18</ymax>
    </bndbox>
  </object>
  <object>
    <name>chair_base</name>
    <pose>Unspecified</pose>
    <truncated>0</truncated>
    <difficult>0</difficult>
    <bndbox>
      <xmin>535.91</xmin>
      <ymin>208.64</ymin>
      <xmax>576.82</xmax>
      <ymax>222.27</ymax>
    </bndbox>
  </object>
  <object>
    <name>tea_table</name>
    <pose>Unspecified</pose>
    <truncated>0</truncated>
    <difficult>0</difficult>
    <bndbox>
      <xmin>578.18</xmin>
      <ymin>157.27</ymin>
      <xmax>641.82</xmax>
      <ymax>219.55</ymax>
    </bndbox>
  </object>
</annotation>