<?xml version="1.0" encoding="UTF-8" ?>
<annotation>
  <folder>RGB200W_277985943_116445233048583359.jpg</folder>
  <filename>RGB200W_277985943_116445233048583359.jpg</filename>
  <path>http://172.18.39.209:9000/aliimages1999999990/RGB200W_277985943_116445233048583359.jpg</path>
  <source>
    <database>Unknown</database>
  </source>
  <size>
    <width>642</width>
    <height>361</height>
    <depth>0</depth>
  </size>
  <segmented>0</segmented>
  <object>
    <name>wire</name>
    <pose>Unspecified</pose>
    <truncated>0</truncated>
    <difficult>0</difficult>
    <bndbox>
      <xmin>318.64</xmin>
      <ymin>15.45</ymin>
      <xmax>340.00</xmax>
      <ymax>175.45</ymax>
    </bndbox>
  </object>
  <object>
    <name>wire</name>
    <pose>Unspecified</pose>
    <truncated>0</truncated>
    <difficult>0</difficult>
    <bndbox>
      <xmin>418.64</xmin>
      <ymin>74.55</ymin>
      <xmax>433.64</xmax>
      <ymax>105.45</ymax>
    </bndbox>
  </object>
  <object>
    <name>wire</name>
    <pose>Unspecified</pose>
    <truncated>0</truncated>
    <difficult>0</difficult>
    <bndbox>
      <xmin>612.27</xmin>
      <ymin>15.91</ymin>
      <xmax>623.18</xmax>
      <ymax>157.27</ymax>
    </bndbox>
  </object>
  <object>
    <name>tea_table</name>
    <pose>Unspecified</pose>
    <truncated>0</truncated>
    <difficult>0</difficult>
    <bndbox>
      <xmin>397.73</xmin>
      <ymin>90.00</ymin>
      <xmax>624.55</xmax>
      <ymax>199.55</ymax>
    </bndbox>
  </object>
  <object>
    <name>wire</name>
    <pose>Unspecified</pose>
    <truncated>0</truncated>
    <difficult>0</difficult>
    <bndbox>
      <xmin>445.91</xmin>
      <ymin>85.00</ymin>
      <xmax>450.00</xmax>
      <ymax>95.45</ymax>
    </bndbox>
  </object>
  <object>
    <name>door_anno</name>
    <pose>Unspecified</pose>
    <truncated>0</truncated>
    <difficult>0</difficult>
    <bndbox>
      <xmin>135.91</xmin>
      <ymin>0.00</ymin>
      <xmax>232.73</xmax>
      <ymax>195.45</ymax>
    </bndbox>
  </object>
</annotation>