<?xml version="1.0" encoding="UTF-8" ?>
<annotation>
  <folder>RGB200W_CRL9993I202006069999_1594643394995700.jpg</folder>
  <filename>RGB200W_CRL9993I202006069999_1594643394995700.jpg</filename>
  <path>http://172.18.39.209:9000/aliimages1999999996/RGB200W_CRL9993I202006069999_1594643394995700.jpg</path>
  <source>
    <database>Unknown</database>
  </source>
  <size>
    <width>642</width>
    <height>361</height>
    <depth>0</depth>
  </size>
  <segmented>0</segmented>
  <object>
    <name>tea_table</name>
    <pose>Unspecified</pose>
    <truncated>0</truncated>
    <difficult>0</difficult>
    <bndbox>
      <xmin>157.73</xmin>
      <ymin>137.73</ymin>
      <xmax>274.09</xmax>
      <ymax>186.82</ymax>
    </bndbox>
  </object>
  <object>
    <name>sofa</name>
    <pose>Unspecified</pose>
    <truncated>0</truncated>
    <difficult>0</difficult>
    <bndbox>
      <xmin>271.82</xmin>
      <ymin>130.00</ymin>
      <xmax>367.73</xmax>
      <ymax>185.45</ymax>
    </bndbox>
  </object>
</annotation>