<?xml version="1.0" encoding="UTF-8" ?>
<annotation>
  <folder>RGB200W_CRL9993I202006069999_1594644021259350.jpg</folder>
  <filename>RGB200W_CRL9993I202006069999_1594644021259350.jpg</filename>
  <path>http://172.18.39.209:9000/aliimages1999999983/RGB200W_CRL9993I202006069999_1594644021259350.jpg</path>
  <source>
    <database>Unknown</database>
  </source>
  <size>
    <width>642</width>
    <height>361</height>
    <depth>0</depth>
  </size>
  <segmented>0</segmented>
  <object>
    <name>wire</name>
    <pose>Unspecified</pose>
    <truncated>0</truncated>
    <difficult>0</difficult>
    <bndbox>
      <xmin>188.64</xmin>
      <ymin>144.09</ymin>
      <xmax>428.64</xmax>
      <ymax>360.91</ymax>
    </bndbox>
  </object>
  <object>
    <name>charger</name>
    <pose>Unspecified</pose>
    <truncated>0</truncated>
    <difficult>0</difficult>
    <bndbox>
      <xmin>173.18</xmin>
      <ymin>172.73</ymin>
      <xmax>307.27</xmax>
      <ymax>269.09</ymax>
    </bndbox>
  </object>
  <object>
    <name>tea_table</name>
    <pose>Unspecified</pose>
    <truncated>0</truncated>
    <difficult>0</difficult>
    <bndbox>
      <xmin>0.00</xmin>
      <ymin>97.27</ymin>
      <xmax>132.27</xmax>
      <ymax>228.18</ymax>
    </bndbox>
  </object>
</annotation>