<?xml version="1.0" encoding="UTF-8" ?>
<annotation>
  <folder>RGB200W_29984_99999605_116446168126190999.jpg</folder>
  <filename>RGB200W_29984_99999605_116446168126190999.jpg</filename>
  <path>http://172.18.39.209:9000/aliimages1999999990/RGB200W_29984_99999605_116446168126190999.jpg</path>
  <source>
    <database>Unknown</database>
  </source>
  <size>
    <width>642</width>
    <height>362</height>
    <depth>0</depth>
  </size>
  <segmented>0</segmented>
  <object>
    <name>shoe</name>
    <pose>Unspecified</pose>
    <truncated>0</truncated>
    <difficult>0</difficult>
    <bndbox>
      <xmin>97.73</xmin>
      <ymin>170.91</ymin>
      <xmax>171.82</xmax>
      <ymax>205.00</ymax>
    </bndbox>
  </object>
  <object>
    <name>slipper</name>
    <pose>Unspecified</pose>
    <truncated>0</truncated>
    <difficult>0</difficult>
    <bndbox>
      <xmin>5.91</xmin>
      <ymin>185.00</ymin>
      <xmax>127.73</xmax>
      <ymax>215.00</ymax>
    </bndbox>
  </object>
  <object>
    <name>tea_table</name>
    <pose>Unspecified</pose>
    <truncated>0</truncated>
    <difficult>0</difficult>
    <bndbox>
      <xmin>143.64</xmin>
      <ymin>147.73</ymin>
      <xmax>236.82</xmax>
      <ymax>198.64</ymax>
    </bndbox>
  </object>
  <object>
    <name>wire</name>
    <pose>Unspecified</pose>
    <truncated>0</truncated>
    <difficult>0</difficult>
    <bndbox>
      <xmin>573.64</xmin>
      <ymin>196.82</ymin>
      <xmax>641.82</xmax>
      <ymax>227.73</ymax>
    </bndbox>
  </object>
</annotation>