<?xml version="1.0" encoding="UTF-8" ?>
<annotation>
  <folder>RGB200W_202006292029_116445514322216353.jpg</folder>
  <filename>RGB200W_202006292029_116445514322216353.jpg</filename>
  <path>http://172.18.39.209:9000/aliimages1999999965/RGB200W_202006292029_116445514322216353.jpg</path>
  <source>
    <database>Unknown</database>
  </source>
  <size>
    <width>642</width>
    <height>361</height>
    <depth>0</depth>
  </size>
  <segmented>0</segmented>
  <object>
    <name>slipper</name>
    <pose>Unspecified</pose>
    <truncated>0</truncated>
    <difficult>0</difficult>
    <bndbox>
      <xmin>228.64</xmin>
      <ymin>210.91</ymin>
      <xmax>305.91</xmax>
      <ymax>234.55</ymax>
    </bndbox>
  </object>
  <object>
    <name>wire</name>
    <pose>Unspecified</pose>
    <truncated>0</truncated>
    <difficult>0</difficult>
    <bndbox>
      <xmin>324.09</xmin>
      <ymin>175.45</ymin>
      <xmax>366.82</xmax>
      <ymax>199.09</ymax>
    </bndbox>
  </object>
  <object>
    <name>tea_table</name>
    <pose>Unspecified</pose>
    <truncated>0</truncated>
    <difficult>0</difficult>
    <bndbox>
      <xmin>321.82</xmin>
      <ymin>174.09</ymin>
      <xmax>416.82</xmax>
      <ymax>223.18</ymax>
    </bndbox>
  </object>
  <object>
    <name>chair_base</name>
    <pose>Unspecified</pose>
    <truncated>0</truncated>
    <difficult>0</difficult>
    <bndbox>
      <xmin>299.09</xmin>
      <ymin>213.64</ymin>
      <xmax>336.36</xmax>
      <ymax>223.64</ymax>
    </bndbox>
  </object>
  <object>
    <name>unknown</name>
    <pose>Unspecified</pose>
    <truncated>0</truncated>
    <difficult>0</difficult>
    <bndbox>
      <xmin>590.91</xmin>
      <ymin>143.64</ymin>
      <xmax>641.82</xmax>
      <ymax>220.45</ymax>
    </bndbox>
  </object>
  <object>
    <name>unknown</name>
    <pose>Unspecified</pose>
    <truncated>0</truncated>
    <difficult>0</difficult>
    <bndbox>
      <xmin>220.00</xmin>
      <ymin>47.27</ymin>
      <xmax>265.91</xmax>
      <ymax>201.82</ymax>
    </bndbox>
  </object>
</annotation>