<?xml version="1.0" encoding="UTF-8" ?>
<annotation>
  <folder>RGB200W_29984_99999473_116446173704154852.jpg</folder>
  <filename>RGB200W_29984_99999473_116446173704154852.jpg</filename>
  <path>http://172.18.39.209:9000/aliimages2021122806/RGB200W_29984_99999473_116446173704154852.jpg</path>
  <source>
    <database>Unknown</database>
  </source>
  <size>
    <width>642</width>
    <height>362</height>
    <depth>0</depth>
  </size>
  <segmented>0</segmented>
  <object>
    <name>person_leg</name>
    <pose>Unspecified</pose>
    <truncated>0</truncated>
    <difficult>0</difficult>
    <bndbox>
      <xmin>395.00</xmin>
      <ymin>87.73</ymin>
      <xmax>498.64</xmax>
      <ymax>240.91</ymax>
    </bndbox>
  </object>
  <object>
    <name>sofa_1</name>
    <pose>Unspecified</pose>
    <truncated>0</truncated>
    <difficult>0</difficult>
    <bndbox>
      <xmin>1.82</xmin>
      <ymin>40.00</ymin>
      <xmax>215.00</xmax>
      <ymax>226.82</ymax>
    </bndbox>
  </object>
  <object>
    <name>tea_table</name>
    <pose>Unspecified</pose>
    <truncated>0</truncated>
    <difficult>0</difficult>
    <bndbox>
      <xmin>185.00</xmin>
      <ymin>25.91</ymin>
      <xmax>427.73</xmax>
      <ymax>241.82</ymax>
    </bndbox>
  </object>
  <object>
    <name>slipper</name>
    <pose>Unspecified</pose>
    <truncated>0</truncated>
    <difficult>0</difficult>
    <bndbox>
      <xmin>400.91</xmin>
      <ymin>210.00</ymin>
      <xmax>497.73</xmax>
      <ymax>241.82</ymax>
    </bndbox>
  </object>
</annotation>