<?xml version="1.0" encoding="UTF-8" ?>
<annotation>
  <folder>RGB200W_29984_99999878_116444856016016337.jpg</folder>
  <filename>RGB200W_29984_99999878_116444856016016337.jpg</filename>
  <path>http://172.18.39.209:9000/aliimages1999999990/RGB200W_29984_99999878_116444856016016337.jpg</path>
  <source>
    <database>Unknown</database>
  </source>
  <size>
    <width>642</width>
    <height>362</height>
    <depth>0</depth>
  </size>
  <segmented>0</segmented>
  <object>
    <name>TV_stand</name>
    <pose>Unspecified</pose>
    <truncated>0</truncated>
    <difficult>0</difficult>
    <bndbox>
      <xmin>0.91</xmin>
      <ymin>72.73</ymin>
      <xmax>230.00</xmax>
      <ymax>227.73</ymax>
    </bndbox>
  </object>
  <object>
    <name>tea_table</name>
    <pose>Unspecified</pose>
    <truncated>0</truncated>
    <difficult>0</difficult>
    <bndbox>
      <xmin>331.82</xmin>
      <ymin>95.91</ymin>
      <xmax>495.91</xmax>
      <ymax>226.82</ymax>
    </bndbox>
  </object>
  <object>
    <name>sofa1</name>
    <pose>Unspecified</pose>
    <truncated>0</truncated>
    <difficult>0</difficult>
    <bndbox>
      <xmin>466.82</xmin>
      <ymin>0.91</ymin>
      <xmax>641.82</xmax>
      <ymax>260.91</ymax>
    </bndbox>
  </object>
</annotation>