<?xml version="1.0" encoding="UTF-8" ?>
<annotation>
  <folder>RGB200W_29984CRL30V00000172_116447941703298900.jpg</folder>
  <filename>RGB200W_29984CRL30V00000172_116447941703298900.jpg</filename>
  <path>http://172.18.39.209:9000/aliimages1999999990/RGB200W_29984CRL30V00000172_116447941703298900.jpg</path>
  <source>
    <database>Unknown</database>
  </source>
  <size>
    <width>642</width>
    <height>362</height>
    <depth>0</depth>
  </size>
  <segmented>0</segmented>
  <object>
    <name>sofa</name>
    <pose>Unspecified</pose>
    <truncated>0</truncated>
    <difficult>0</difficult>
    <bndbox>
      <xmin>268.64</xmin>
      <ymin>60.91</ymin>
      <xmax>641.82</xmax>
      <ymax>223.64</ymax>
    </bndbox>
  </object>
  <object>
    <name>tea_table</name>
    <pose>Unspecified</pose>
    <truncated>0</truncated>
    <difficult>0</difficult>
    <bndbox>
      <xmin>65.00</xmin>
      <ymin>101.82</ymin>
      <xmax>275.91</xmax>
      <ymax>215.00</ymax>
    </bndbox>
  </object>
</annotation>