<?xml version="1.0" encoding="UTF-8" ?>
<annotation>
  <folder>RGB200W_2998499999368_116445375106296128.jpg</folder>
  <filename>RGB200W_2998499999368_116445375106296128.jpg</filename>
  <path>http://172.18.39.209:9000/aliimages1999999996/RGB200W_2998499999368_116445375106296128.jpg</path>
  <source>
    <database>Unknown</database>
  </source>
  <size>
    <width>642</width>
    <height>362</height>
    <depth>0</depth>
  </size>
  <segmented>0</segmented>
  <object>
    <name>sofa</name>
    <pose>Unspecified</pose>
    <truncated>0</truncated>
    <difficult>0</difficult>
    <bndbox>
      <xmin>295.91</xmin>
      <ymin>151.82</ymin>
      <xmax>356.82</xmax>
      <ymax>210.00</ymax>
    </bndbox>
  </object>
  <object>
    <name>tea_table</name>
    <pose>Unspecified</pose>
    <truncated>0</truncated>
    <difficult>0</difficult>
    <bndbox>
      <xmin>353.64</xmin>
      <ymin>147.73</ymin>
      <xmax>530.00</xmax>
      <ymax>215.00</ymax>
    </bndbox>
  </object>
</annotation>