<?xml version="1.0" encoding="UTF-8" ?>
<annotation>
  <folder>RGB200W_CRL9993I202006069999_1594644905915051.jpg</folder>
  <filename>RGB200W_CRL9993I202006069999_1594644905915051.jpg</filename>
  <path>http://172.18.39.209:9000/aliimages1999999999/RGB200W_CRL9993I202006069999_1594644905915051.jpg</path>
  <source>
    <database>Unknown</database>
  </source>
  <size>
    <width>642</width>
    <height>361</height>
    <depth>0</depth>
  </size>
  <segmented>0</segmented>
  <object>
    <name>tea_table</name>
    <pose>Unspecified</pose>
    <truncated>0</truncated>
    <difficult>0</difficult>
    <bndbox>
      <xmin>302.27</xmin>
      <ymin>71.82</ymin>
      <xmax>470.00</xmax>
      <ymax>193.18</ymax>
    </bndbox>
  </object>
  <object>
    <name>sofa</name>
    <pose>Unspecified</pose>
    <truncated>0</truncated>
    <difficult>0</difficult>
    <bndbox>
      <xmin>55.45</xmin>
      <ymin>10.00</ymin>
      <xmax>276.82</xmax>
      <ymax>188.64</ymax>
    </bndbox>
  </object>
</annotation>