<?xml version="1.0" encoding="UTF-8" ?>
<annotation>
  <folder>RGB200W_CRL9993I202006069999_1594646442054944.jpg</folder>
  <filename>RGB200W_CRL9993I202006069999_1594646442054944.jpg</filename>
  <path>http://172.18.39.209:9000/aliimages1999999999/RGB200W_CRL9993I202006069999_1594646442054944.jpg</path>
  <source>
    <database>Unknown</database>
  </source>
  <size>
    <width>642</width>
    <height>361</height>
    <depth>0</depth>
  </size>
  <segmented>0</segmented>
  <object>
    <name>dining_table_1</name>
    <pose>Unspecified</pose>
    <truncated>0</truncated>
    <difficult>0</difficult>
    <bndbox>
      <xmin>0.00</xmin>
      <ymin>22.73</ymin>
      <xmax>179.55</xmax>
      <ymax>227.27</ymax>
    </bndbox>
  </object>
  <object>
    <name>tea_table</name>
    <pose>Unspecified</pose>
    <truncated>0</truncated>
    <difficult>0</difficult>
    <bndbox>
      <xmin>85.91</xmin>
      <ymin>130.00</ymin>
      <xmax>340.91</xmax>
      <ymax>224.09</ymax>
    </bndbox>
  </object>
</annotation>