<?xml version="1.0" encoding="UTF-8" ?>
<annotation>
  <folder>RGB200W_CRL9993I202006069999_1594645339241029.jpg</folder>
  <filename>RGB200W_CRL9993I202006069999_1594645339241029.jpg</filename>
  <path>http://172.18.39.209:9000/aliimages2021122805/RGB200W_CRL9993I202006069999_1594645339241029.jpg</path>
  <source>
    <database>Unknown</database>
  </source>
  <size>
    <width>1920</width>
    <height>1079</height>
    <depth>0</depth>
  </size>
  <segmented>0</segmented>
  <object>
    <name>person_leg</name>
    <pose>Unspecified</pose>
    <truncated>0</truncated>
    <difficult>0</difficult>
    <bndbox>
      <xmin>12.23</xmin>
      <ymin>0.00</ymin>
      <xmax>460.83</xmax>
      <ymax>659.30</ymax>
    </bndbox>
  </object>
  <object>
    <name>person_leg</name>
    <pose>Unspecified</pose>
    <truncated>0</truncated>
    <difficult>0</difficult>
    <bndbox>
      <xmin>1105.18</xmin>
      <ymin>448.60</ymin>
      <xmax>1148.68</xmax>
      <ymax>539.68</ymax>
    </bndbox>
  </object>
  <object>
    <name>slipper</name>
    <pose>Unspecified</pose>
    <truncated>0</truncated>
    <difficult>0</difficult>
    <bndbox>
      <xmin>0.00</xmin>
      <ymin>520.65</ymin>
      <xmax>437.72</xmax>
      <ymax>664.74</ymax>
    </bndbox>
  </object>
  <object>
    <name>tea_table</name>
    <pose>Unspecified</pose>
    <truncated>0</truncated>
    <difficult>0</difficult>
    <bndbox>
      <xmin>807.48</xmin>
      <ymin>339.85</ymin>
      <xmax>1408.33</xmax>
      <ymax>573.66</ymax>
    </bndbox>
  </object>
</annotation>