<?xml version="1.0" encoding="UTF-8" ?>
<annotation>
  <folder>RGB200W_277985941_116444775137407545.jpg</folder>
  <filename>RGB200W_277985941_116444775137407545.jpg</filename>
  <path>http://172.18.39.209:9000/aliimages1999999983/RGB200W_277985941_116444775137407545.jpg</path>
  <source>
    <database>Unknown</database>
  </source>
  <size>
    <width>642</width>
    <height>361</height>
    <depth>0</depth>
  </size>
  <segmented>0</segmented>
  <object>
    <name>tea_table</name>
    <pose>Unspecified</pose>
    <truncated>0</truncated>
    <difficult>0</difficult>
    <bndbox>
      <xmin>387.73</xmin>
      <ymin>70.00</ymin>
      <xmax>641.82</xmax>
      <ymax>218.18</ymax>
    </bndbox>
  </object>
  <object>
    <name>door_anno</name>
    <pose>Unspecified</pose>
    <truncated>0</truncated>
    <difficult>0</difficult>
    <bndbox>
      <xmin>279.09</xmin>
      <ymin>80.91</ymin>
      <xmax>335.00</xmax>
      <ymax>199.55</ymax>
    </bndbox>
  </object>
  <object>
    <name>wire</name>
    <pose>Unspecified</pose>
    <truncated>0</truncated>
    <difficult>0</difficult>
    <bndbox>
      <xmin>264.55</xmin>
      <ymin>130.91</ymin>
      <xmax>273.18</xmax>
      <ymax>156.82</ymax>
    </bndbox>
  </object>
</annotation>