<?xml version="1.0" encoding="UTF-8" ?>
<annotation>
  <folder>RGB200W_CRL9993I202006069999_1591690812174763.jpg</folder>
  <filename>RGB200W_CRL9993I202006069999_1591690812174763.jpg</filename>
  <path>http://172.18.39.209:9000/aliimages1999999999/RGB200W_CRL9993I202006069999_1591690812174763.jpg</path>
  <source>
    <database>Unknown</database>
  </source>
  <size>
    <width>642</width>
    <height>361</height>
    <depth>0</depth>
  </size>
  <segmented>0</segmented>
  <object>
    <name>tea_table</name>
    <pose>Unspecified</pose>
    <truncated>0</truncated>
    <difficult>0</difficult>
    <bndbox>
      <xmin>171.82</xmin>
      <ymin>134.09</ymin>
      <xmax>295.91</xmax>
      <ymax>186.82</ymax>
    </bndbox>
  </object>
  <object>
    <name>sofa</name>
    <pose>Unspecified</pose>
    <truncated>0</truncated>
    <difficult>0</difficult>
    <bndbox>
      <xmin>43.18</xmin>
      <ymin>100.91</ymin>
      <xmax>174.55</xmax>
      <ymax>184.55</ymax>
    </bndbox>
  </object>
  <object>
    <name>slipper </name>
    <pose>Unspecified</pose>
    <truncated>0</truncated>
    <difficult>0</difficult>
    <bndbox>
      <xmin>120.00</xmin>
      <ymin>172.27</ymin>
      <xmax>145.00</xmax>
      <ymax>189.55</ymax>
    </bndbox>
  </object>
</annotation>