<?xml version="1.0" encoding="UTF-8" ?>
<annotation>
  <folder>RGB200W_010102104221027_116445384526536766.jpg</folder>
  <filename>RGB200W_010102104221027_116445384526536766.jpg</filename>
  <path>http://172.18.39.209:9000/aliimages2021122806/RGB200W_010102104221027_116445384526536766.jpg</path>
  <source>
    <database>Unknown</database>
  </source>
  <size>
    <width>642</width>
    <height>362</height>
    <depth>0</depth>
  </size>
  <segmented>0</segmented>
  <object>
    <name>person_leg</name>
    <pose>Unspecified</pose>
    <truncated>0</truncated>
    <difficult>0</difficult>
    <bndbox>
      <xmin>196.82</xmin>
      <ymin>86.82</ymin>
      <xmax>255.00</xmax>
      <ymax>223.64</ymax>
    </bndbox>
  </object>
  <object>
    <name>person_leg</name>
    <pose>Unspecified</pose>
    <truncated>0</truncated>
    <difficult>0</difficult>
    <bndbox>
      <xmin>327.73</xmin>
      <ymin>110.91</ymin>
      <xmax>387.73</xmax>
      <ymax>221.82</ymax>
    </bndbox>
  </object>
  <object>
    <name>person_leg</name>
    <pose>Unspecified</pose>
    <truncated>0</truncated>
    <difficult>0</difficult>
    <bndbox>
      <xmin>293.64</xmin>
      <ymin>122.73</ymin>
      <xmax>343.64</xmax>
      <ymax>220.91</ymax>
    </bndbox>
  </object>
  <object>
    <name>person_leg</name>
    <pose>Unspecified</pose>
    <truncated>0</truncated>
    <difficult>0</difficult>
    <bndbox>
      <xmin>250.00</xmin>
      <ymin>136.82</ymin>
      <xmax>296.82</xmax>
      <ymax>230.00</ymax>
    </bndbox>
  </object>
  <object>
    <name>tea_table</name>
    <pose>Unspecified</pose>
    <truncated>0</truncated>
    <difficult>0</difficult>
    <bndbox>
      <xmin>343.64</xmin>
      <ymin>115.91</ymin>
      <xmax>473.64</xmax>
      <ymax>218.64</ymax>
    </bndbox>
  </object>
  <object>
    <name>blanket</name>
    <pose>Unspecified</pose>
    <truncated>0</truncated>
    <difficult>0</difficult>
    <bndbox>
      <xmin>525.91</xmin>
      <ymin>200.91</ymin>
      <xmax>610.00</xmax>
      <ymax>210.00</ymax>
    </bndbox>
  </object>
  <object>
    <name>door_anno</name>
    <pose>Unspecified</pose>
    <truncated>0</truncated>
    <difficult>0</difficult>
    <bndbox>
      <xmin>500.91</xmin>
      <ymin>2.73</ymin>
      <xmax>625.91</xmax>
      <ymax>212.73</ymax>
    </bndbox>
  </object>
  <object>
    <name>slipper</name>
    <pose>Unspecified</pose>
    <truncated>0</truncated>
    <difficult>0</difficult>
    <bndbox>
      <xmin>301.82</xmin>
      <ymin>190.91</ymin>
      <xmax>347.73</xmax>
      <ymax>220.00</ymax>
    </bndbox>
  </object>
  <object>
    <name>slipper</name>
    <pose>Unspecified</pose>
    <truncated>0</truncated>
    <difficult>0</difficult>
    <bndbox>
      <xmin>251.82</xmin>
      <ymin>205.00</ymin>
      <xmax>298.64</xmax>
      <ymax>230.00</ymax>
    </bndbox>
  </object>
  <object>
    <name>person</name>
    <pose>Unspecified</pose>
    <truncated>0</truncated>
    <difficult>0</difficult>
    <bndbox>
      <xmin>194.55</xmin>
      <ymin>0.00</ymin>
      <xmax>368.64</xmax>
      <ymax>230.00</ymax>
    </bndbox>
  </object>
</annotation>