<?xml version="1.0" encoding="UTF-8" ?>
<annotation>
  <folder>RGB200W_010102104301105_116448387812074776.jpg</folder>
  <filename>RGB200W_010102104301105_116448387812074776.jpg</filename>
  <path>http://172.18.39.209:9000/aliimages1999999986/RGB200W_010102104301105_116448387812074776.jpg</path>
  <source>
    <database>Unknown</database>
  </source>
  <size>
    <width>642</width>
    <height>362</height>
    <depth>0</depth>
  </size>
  <segmented>0</segmented>
  <object>
    <name>sofa</name>
    <pose>Unspecified</pose>
    <truncated>0</truncated>
    <difficult>0</difficult>
    <bndbox>
      <xmin>175.91</xmin>
      <ymin>117.73</ymin>
      <xmax>278.64</xmax>
      <ymax>217.73</ymax>
    </bndbox>
  </object>
  <object>
    <name>tea_table</name>
    <pose>Unspecified</pose>
    <truncated>0</truncated>
    <difficult>0</difficult>
    <bndbox>
      <xmin>267.73</xmin>
      <ymin>61.82</ymin>
      <xmax>530.00</xmax>
      <ymax>232.73</ymax>
    </bndbox>
  </object>
</annotation>