<?xml version="1.0" encoding="UTF-8" ?>
<annotation>
  <folder>RGB200W_277985941_116448181337089782.jpg</folder>
  <filename>RGB200W_277985941_116448181337089782.jpg</filename>
  <path>http://172.18.39.209:9000/aliimages1999999999/RGB200W_277985941_116448181337089782.jpg</path>
  <source>
    <database>Unknown</database>
  </source>
  <size>
    <width>642</width>
    <height>361</height>
    <depth>0</depth>
  </size>
  <segmented>0</segmented>
  <object>
    <name>tea_table</name>
    <pose>Unspecified</pose>
    <truncated>0</truncated>
    <difficult>0</difficult>
    <bndbox>
      <xmin>29.09</xmin>
      <ymin>0.00</ymin>
      <xmax>550.45</xmax>
      <ymax>268.18</ymax>
    </bndbox>
  </object>
</annotation>