<?xml version="1.0" encoding="UTF-8" ?>
<annotation>
  <folder>RGB200W_010102104221004_116446105040431125.jpg</folder>
  <filename>RGB200W_010102104221004_116446105040431125.jpg</filename>
  <path>http://172.18.39.209:9000/aliimages1999999986/RGB200W_010102104221004_116446105040431125.jpg</path>
  <source>
    <database>Unknown</database>
  </source>
  <size>
    <width>642</width>
    <height>362</height>
    <depth>0</depth>
  </size>
  <segmented>0</segmented>
  <object>
    <name>wire</name>
    <pose>Unspecified</pose>
    <truncated>0</truncated>
    <difficult>0</difficult>
    <bndbox>
      <xmin>315.91</xmin>
      <ymin>0.91</ymin>
      <xmax>641.82</xmax>
      <ymax>250.00</ymax>
    </bndbox>
  </object>
  <object>
    <name>tea_table</name>
    <pose>Unspecified</pose>
    <truncated>0</truncated>
    <difficult>0</difficult>
    <bndbox>
      <xmin>225.00</xmin>
      <ymin>130.91</ymin>
      <xmax>333.64</xmax>
      <ymax>211.82</ymax>
    </bndbox>
  </object>
</annotation>