<?xml version="1.0" encoding="UTF-8" ?>
<annotation>
  <folder>2022011701</folder>
  <filename>RGB200W_29984CRL30V00065052_1637759108_5754.jpg</filename>
  <path>http://172.18.39.209:9000/aliimages/2022011701/RGB200W_29984CRL30V00065052_1637759108_5754.jpg</path>
  <source>
    <database>Unknown</database>
  </source>
  <size>
    <width>642</width>
    <height>362</height>
    <depth>0</depth>
  </size>
  <segmented>0</segmented>
  <object>
    <name>slipper</name>
    <pose>Unspecified</pose>
    <truncated>0</truncated>
    <difficult>0</difficult>
    <bndbox>
      <xmin>15.00</xmin>
      <ymin>174.09</ymin>
      <xmax>142.27</xmax>
      <ymax>214.55</ymax>
    </bndbox>
  </object>
  <object>
    <name>person_leg</name>
    <pose>Unspecified</pose>
    <truncated>0</truncated>
    <difficult>0</difficult>
    <bndbox>
      <xmin>15.45</xmin>
      <ymin>8.18</ymin>
      <xmax>142.27</xmax>
      <ymax>215.00</ymax>
    </bndbox>
  </object>
  <object>
    <name>tea_table</name>
    <pose>Unspecified</pose>
    <truncated>0</truncated>
    <difficult>0</difficult>
    <bndbox>
      <xmin>86.36</xmin>
      <ymin>44.09</ymin>
      <xmax>255.00</xmax>
      <ymax>210.00</ymax>
    </bndbox>
  </object>
  <object>
    <name>TV_stand</name>
    <pose>Unspecified</pose>
    <truncated>0</truncated>
    <difficult>0</difficult>
    <bndbox>
      <xmin>374.55</xmin>
      <ymin>37.27</ymin>
      <xmax>585.45</xmax>
      <ymax>211.36</ymax>
    </bndbox>
  </object>
  <object>
    <name>wire</name>
    <pose>Unspecified</pose>
    <truncated>0</truncated>
    <difficult>0</difficult>
    <bndbox>
      <xmin>458.18</xmin>
      <ymin>116.36</ymin>
      <xmax>581.82</xmax>
      <ymax>212.27</ymax>
    </bndbox>
  </object>
</annotation>