<?xml version="1.0" encoding="UTF-8" ?>
<annotation>
  <folder>RGB200W_277985927_116446008372804717.jpg</folder>
  <filename>RGB200W_277985927_116446008372804717.jpg</filename>
  <path>http://172.18.39.209:9000/aliimages2021122805/RGB200W_277985927_116446008372804717.jpg</path>
  <source>
    <database>Unknown</database>
  </source>
  <size>
    <width>1920</width>
    <height>1079</height>
    <depth>0</depth>
  </size>
  <segmented>0</segmented>
  <object>
    <name>person</name>
    <pose>Unspecified</pose>
    <truncated>0</truncated>
    <difficult>0</difficult>
    <bndbox>
      <xmin>1525.23</xmin>
      <ymin>6.80</ymin>
      <xmax>1901.78</xmax>
      <ymax>719.12</ymax>
    </bndbox>
  </object>
  <object>
    <name>sofa_1</name>
    <pose>Unspecified</pose>
    <truncated>0</truncated>
    <difficult>0</difficult>
    <bndbox>
      <xmin>1314.53</xmin>
      <ymin>358.88</ymin>
      <xmax>1837.89</xmax>
      <ymax>585.90</ymax>
    </bndbox>
  </object>
  <object>
    <name>tea_table</name>
    <pose>Unspecified</pose>
    <truncated>0</truncated>
    <difficult>0</difficult>
    <bndbox>
      <xmin>163.13</xmin>
      <ymin>110.11</ymin>
      <xmax>1464.06</xmax>
      <ymax>626.68</ymax>
    </bndbox>
  </object>
</annotation>