<?xml version="1.0" encoding="UTF-8" ?>
<annotation>
  <folder>RGB200W_CRL9993I202006069999_1591690628698919.jpg</folder>
  <filename>RGB200W_CRL9993I202006069999_1591690628698919.jpg</filename>
  <path>http://172.18.39.209:9000/aliimages1999999990/RGB200W_CRL9993I202006069999_1591690628698919.jpg</path>
  <source>
    <database>Unknown</database>
  </source>
  <size>
    <width>642</width>
    <height>361</height>
    <depth>0</depth>
  </size>
  <segmented>0</segmented>
  <object>
    <name>wire</name>
    <pose>Unspecified</pose>
    <truncated>0</truncated>
    <difficult>0</difficult>
    <bndbox>
      <xmin>205.91</xmin>
      <ymin>153.64</ymin>
      <xmax>238.64</xmax>
      <ymax>175.45</ymax>
    </bndbox>
  </object>
  <object>
    <name>wire</name>
    <pose>Unspecified</pose>
    <truncated>0</truncated>
    <difficult>0</difficult>
    <bndbox>
      <xmin>142.73</xmin>
      <ymin>158.64</ymin>
      <xmax>168.18</xmax>
      <ymax>180.91</ymax>
    </bndbox>
  </object>
  <object>
    <name>refrigerator</name>
    <pose>Unspecified</pose>
    <truncated>0</truncated>
    <difficult>0</difficult>
    <bndbox>
      <xmin>279.09</xmin>
      <ymin>18.18</ymin>
      <xmax>386.82</xmax>
      <ymax>198.18</ymax>
    </bndbox>
  </object>
  <object>
    <name>door_anno</name>
    <pose>Unspecified</pose>
    <truncated>0</truncated>
    <difficult>0</difficult>
    <bndbox>
      <xmin>260.91</xmin>
      <ymin>12.27</ymin>
      <xmax>295.00</xmax>
      <ymax>188.18</ymax>
    </bndbox>
  </object>
  <object>
    <name>tea_table</name>
    <pose>Unspecified</pose>
    <truncated>0</truncated>
    <difficult>0</difficult>
    <bndbox>
      <xmin>415.00</xmin>
      <ymin>65.45</ymin>
      <xmax>634.09</xmax>
      <ymax>198.18</ymax>
    </bndbox>
  </object>
</annotation>