<?xml version="1.0" encoding="UTF-8" ?>
<annotation>
  <folder>RGB200W_010102104221027_116448056834097683.jpg</folder>
  <filename>RGB200W_010102104221027_116448056834097683.jpg</filename>
  <path>http://172.18.39.209:9000/aliimages1999999986/RGB200W_010102104221027_116448056834097683.jpg</path>
  <source>
    <database>Unknown</database>
  </source>
  <size>
    <width>642</width>
    <height>362</height>
    <depth>0</depth>
  </size>
  <segmented>0</segmented>
  <object>
    <name>tea_table</name>
    <pose>Unspecified</pose>
    <truncated>0</truncated>
    <difficult>0</difficult>
    <bndbox>
      <xmin>352.73</xmin>
      <ymin>55.91</ymin>
      <xmax>608.64</xmax>
      <ymax>222.73</ymax>
    </bndbox>
  </object>
  <object>
    <name>sofa</name>
    <pose>Unspecified</pose>
    <truncated>0</truncated>
    <difficult>0</difficult>
    <bndbox>
      <xmin>576.82</xmin>
      <ymin>71.82</ymin>
      <xmax>641.82</xmax>
      <ymax>213.64</ymax>
    </bndbox>
  </object>
</annotation>