<?xml version="1.0" encoding="UTF-8" ?>
<annotation>
  <folder>RGB200W_CRL9993I202006069999_1594643989764366.jpg</folder>
  <filename>RGB200W_CRL9993I202006069999_1594643989764366.jpg</filename>
  <path>http://172.18.39.209:9000/aliimages1999999983/RGB200W_CRL9993I202006069999_1594643989764366.jpg</path>
  <source>
    <database>Unknown</database>
  </source>
  <size>
    <width>642</width>
    <height>361</height>
    <depth>0</depth>
  </size>
  <segmented>0</segmented>
  <object>
    <name>tea_table</name>
    <pose>Unspecified</pose>
    <truncated>0</truncated>
    <difficult>0</difficult>
    <bndbox>
      <xmin>172.73</xmin>
      <ymin>140.00</ymin>
      <xmax>289.55</xmax>
      <ymax>186.36</ymax>
    </bndbox>
  </object>
  <object>
    <name>sofa</name>
    <pose>Unspecified</pose>
    <truncated>0</truncated>
    <difficult>0</difficult>
    <bndbox>
      <xmin>258.18</xmin>
      <ymin>140.00</ymin>
      <xmax>340.91</xmax>
      <ymax>185.00</ymax>
    </bndbox>
  </object>
  <object>
    <name>slipper</name>
    <pose>Unspecified</pose>
    <truncated>0</truncated>
    <difficult>0</difficult>
    <bndbox>
      <xmin>318.18</xmin>
      <ymin>21.36</ymin>
      <xmax>641.82</xmax>
      <ymax>241.82</ymax>
    </bndbox>
  </object>
</annotation>