<?xml version="1.0" encoding="UTF-8" ?>
<annotation>
  <folder>RGB200W_CRL9993I202006069999_1591690688675105.jpg</folder>
  <filename>RGB200W_CRL9993I202006069999_1591690688675105.jpg</filename>
  <path>http://172.18.39.209:9000/aliimages1999999990/RGB200W_CRL9993I202006069999_1591690688675105.jpg</path>
  <source>
    <database>Unknown</database>
  </source>
  <size>
    <width>642</width>
    <height>361</height>
    <depth>0</depth>
  </size>
  <segmented>0</segmented>
  <object>
    <name>refrigerator</name>
    <pose>Unspecified</pose>
    <truncated>0</truncated>
    <difficult>0</difficult>
    <bndbox>
      <xmin>50.45</xmin>
      <ymin>26.36</ymin>
      <xmax>142.73</xmax>
      <ymax>198.18</ymax>
    </bndbox>
  </object>
  <object>
    <name>tea_table</name>
    <pose>Unspecified</pose>
    <truncated>0</truncated>
    <difficult>0</difficult>
    <bndbox>
      <xmin>329.55</xmin>
      <ymin>0.00</ymin>
      <xmax>641.82</xmax>
      <ymax>222.27</ymax>
    </bndbox>
  </object>
</annotation>