<?xml version="1.0" encoding="UTF-8" ?>
<annotation>
  <folder>RGB200W_010102104221027_116445318556715430.jpg</folder>
  <filename>RGB200W_010102104221027_116445318556715430.jpg</filename>
  <path>http://172.18.39.209:9000/aliimages2021122806/RGB200W_010102104221027_116445318556715430.jpg</path>
  <source>
    <database>Unknown</database>
  </source>
  <size>
    <width>642</width>
    <height>362</height>
    <depth>0</depth>
  </size>
  <segmented>0</segmented>
  <object>
    <name>person_leg</name>
    <pose>Unspecified</pose>
    <truncated>0</truncated>
    <difficult>0</difficult>
    <bndbox>
      <xmin>381.82</xmin>
      <ymin>152.73</ymin>
      <xmax>433.64</xmax>
      <ymax>220.91</ymax>
    </bndbox>
  </object>
  <object>
    <name>slipper</name>
    <pose>Unspecified</pose>
    <truncated>0</truncated>
    <difficult>0</difficult>
    <bndbox>
      <xmin>381.82</xmin>
      <ymin>203.64</ymin>
      <xmax>438.64</xmax>
      <ymax>225.91</ymax>
    </bndbox>
  </object>
  <object>
    <name>slipper</name>
    <pose>Unspecified</pose>
    <truncated>0</truncated>
    <difficult>0</difficult>
    <bndbox>
      <xmin>335.91</xmin>
      <ymin>170.00</ymin>
      <xmax>378.64</xmax>
      <ymax>220.00</ymax>
    </bndbox>
  </object>
  <object>
    <name>tea_table</name>
    <pose>Unspecified</pose>
    <truncated>0</truncated>
    <difficult>0</difficult>
    <bndbox>
      <xmin>411.82</xmin>
      <ymin>122.73</ymin>
      <xmax>592.73</xmax>
      <ymax>215.00</ymax>
    </bndbox>
  </object>
  <object>
    <name>person</name>
    <pose>Unspecified</pose>
    <truncated>0</truncated>
    <difficult>0</difficult>
    <bndbox>
      <xmin>335.45</xmin>
      <ymin>0.45</ymin>
      <xmax>452.73</xmax>
      <ymax>226.36</ymax>
    </bndbox>
  </object>
</annotation>