<?xml version="1.0" encoding="UTF-8" ?>
<annotation>
  <folder>RGB200W_CRL9993I202006069999_1594645642418275.jpg</folder>
  <filename>RGB200W_CRL9993I202006069999_1594645642418275.jpg</filename>
  <path>http://172.18.39.209:9000/aliimages1999999983/RGB200W_CRL9993I202006069999_1594645642418275.jpg</path>
  <source>
    <database>Unknown</database>
  </source>
  <size>
    <width>642</width>
    <height>361</height>
    <depth>0</depth>
  </size>
  <segmented>0</segmented>
  <object>
    <name>tea_table</name>
    <pose>Unspecified</pose>
    <truncated>0</truncated>
    <difficult>0</difficult>
    <bndbox>
      <xmin>360.45</xmin>
      <ymin>39.55</ymin>
      <xmax>625.91</xmax>
      <ymax>202.73</ymax>
    </bndbox>
  </object>
  <object>
    <name>metal_chair_foot</name>
    <pose>Unspecified</pose>
    <truncated>0</truncated>
    <difficult>0</difficult>
    <bndbox>
      <xmin>465.00</xmin>
      <ymin>175.91</ymin>
      <xmax>641.82</xmax>
      <ymax>203.18</ymax>
    </bndbox>
  </object>
</annotation>