<?xml version="1.0" encoding="UTF-8" ?>
<annotation>
  <folder>RGB200W_29984_99999459_116448183791617987.jpg</folder>
  <filename>RGB200W_29984_99999459_116448183791617987.jpg</filename>
  <path>http://172.18.39.209:9000/aliimages2021122805/RGB200W_29984_99999459_116448183791617987.jpg</path>
  <source>
    <database>Unknown</database>
  </source>
  <size>
    <width>642</width>
    <height>362</height>
    <depth>0</depth>
  </size>
  <segmented>0</segmented>
  <object>
    <name>person_leg</name>
    <pose>Unspecified</pose>
    <truncated>0</truncated>
    <difficult>0</difficult>
    <bndbox>
      <xmin>476.82</xmin>
      <ymin>137.73</ymin>
      <xmax>526.82</xmax>
      <ymax>221.82</ymax>
    </bndbox>
  </object>
  <object>
    <name>refrigerator_1</name>
    <pose>Unspecified</pose>
    <truncated>0</truncated>
    <difficult>0</difficult>
    <bndbox>
      <xmin>265.00</xmin>
      <ymin>35.91</ymin>
      <xmax>335.91</xmax>
      <ymax>217.73</ymax>
    </bndbox>
  </object>
  <object>
    <name>tea_table</name>
    <pose>Unspecified</pose>
    <truncated>0</truncated>
    <difficult>0</difficult>
    <bndbox>
      <xmin>515.91</xmin>
      <ymin>82.73</ymin>
      <xmax>641.82</xmax>
      <ymax>222.73</ymax>
    </bndbox>
  </object>
  <object>
    <name>slipper</name>
    <pose>Unspecified</pose>
    <truncated>0</truncated>
    <difficult>0</difficult>
    <bndbox>
      <xmin>481.82</xmin>
      <ymin>210.00</ymin>
      <xmax>525.91</xmax>
      <ymax>223.64</ymax>
    </bndbox>
  </object>
  <object>
    <name>sofa_1</name>
    <pose>Unspecified</pose>
    <truncated>0</truncated>
    <difficult>0</difficult>
    <bndbox>
      <xmin>335.91</xmin>
      <ymin>145.00</ymin>
      <xmax>427.73</xmax>
      <ymax>215.91</ymax>
    </bndbox>
  </object>
  <object>
    <name>person</name>
    <pose>Unspecified</pose>
    <truncated>0</truncated>
    <difficult>0</difficult>
    <bndbox>
      <xmin>475.91</xmin>
      <ymin>30.00</ymin>
      <xmax>542.27</xmax>
      <ymax>224.09</ymax>
    </bndbox>
  </object>
</annotation>