<?xml version="1.0" encoding="UTF-8" ?>
<annotation>
  <folder>RGB200W_29984CRL30V00000172_116459468555141661.jpg</folder>
  <filename>RGB200W_29984CRL30V00000172_116459468555141661.jpg</filename>
  <path>http://172.18.39.209:9000/aliimages1999999996/RGB200W_29984CRL30V00000172_116459468555141661.jpg</path>
  <source>
    <database>Unknown</database>
  </source>
  <size>
    <width>642</width>
    <height>362</height>
    <depth>0</depth>
  </size>
  <segmented>0</segmented>
  <object>
    <name>tea_table</name>
    <pose>Unspecified</pose>
    <truncated>0</truncated>
    <difficult>0</difficult>
    <bndbox>
      <xmin>180.00</xmin>
      <ymin>125.00</ymin>
      <xmax>338.64</xmax>
      <ymax>203.64</ymax>
    </bndbox>
  </object>
  <object>
    <name>sofa</name>
    <pose>Unspecified</pose>
    <truncated>0</truncated>
    <difficult>0</difficult>
    <bndbox>
      <xmin>27.73</xmin>
      <ymin>135.91</ymin>
      <xmax>180.00</xmax>
      <ymax>205.00</ymax>
    </bndbox>
  </object>
  <object>
    <name>TV_stand</name>
    <pose>Unspecified</pose>
    <truncated>0</truncated>
    <difficult>0</difficult>
    <bndbox>
      <xmin>335.00</xmin>
      <ymin>146.82</ymin>
      <xmax>570.00</xmax>
      <ymax>211.82</ymax>
    </bndbox>
  </object>
  <object>
    <name>wire</name>
    <pose>Unspecified</pose>
    <truncated>0</truncated>
    <difficult>0</difficult>
    <bndbox>
      <xmin>443.64</xmin>
      <ymin>130.91</ymin>
      <xmax>453.64</xmax>
      <ymax>155.00</ymax>
    </bndbox>
  </object>
  <object>
    <name>wire</name>
    <pose>Unspecified</pose>
    <truncated>0</truncated>
    <difficult>0</difficult>
    <bndbox>
      <xmin>460.00</xmin>
      <ymin>122.73</ymin>
      <xmax>470.00</xmax>
      <ymax>143.64</ymax>
    </bndbox>
  </object>
</annotation>