<?xml version="1.0" encoding="UTF-8" ?>
<annotation>
  <folder>RGB200W_277985943_116449783660542717.jpg</folder>
  <filename>RGB200W_277985943_116449783660542717.jpg</filename>
  <path>http://172.18.39.209:9000/aliimages1999999983/RGB200W_277985943_116449783660542717.jpg</path>
  <source>
    <database>Unknown</database>
  </source>
  <size>
    <width>642</width>
    <height>361</height>
    <depth>0</depth>
  </size>
  <segmented>0</segmented>
  <object>
    <name>tea_table</name>
    <pose>Unspecified</pose>
    <truncated>0</truncated>
    <difficult>0</difficult>
    <bndbox>
      <xmin>0.00</xmin>
      <ymin>0.00</ymin>
      <xmax>246.36</xmax>
      <ymax>210.45</ymax>
    </bndbox>
  </object>
  <object>
    <name>wire</name>
    <pose>Unspecified</pose>
    <truncated>0</truncated>
    <difficult>0</difficult>
    <bndbox>
      <xmin>486.82</xmin>
      <ymin>0.00</ymin>
      <xmax>500.45</xmax>
      <ymax>73.18</ymax>
    </bndbox>
  </object>
</annotation>