<?xml version="1.0" encoding="UTF-8" ?>
<annotation>
  <folder>2021061702</folder>
  <filename>RGB200W_010102104221028_116445270366517367_UP20210617.jpg</filename>
  <path>http://172.18.39.209:9000/aliimages/2021061702/RGB200W_010102104221028_116445270366517367_UP20210617.jpg</path>
  <source>
    <database>Unknown</database>
  </source>
  <size>
    <width>642</width>
    <height>362</height>
    <depth>0</depth>
  </size>
  <segmented>0</segmented>
  <object>
    <name>sofa1</name>
    <pose>Unspecified</pose>
    <truncated>0</truncated>
    <difficult>0</difficult>
    <bndbox>
      <xmin>491.82</xmin>
      <ymin>0.00</ymin>
      <xmax>641.82</xmax>
      <ymax>235.91</ymax>
    </bndbox>
  </object>
  <object>
    <name>&#xd;
refrigerator</name>
    <pose>Unspecified</pose>
    <truncated>0</truncated>
    <difficult>0</difficult>
    <bndbox>
      <xmin>123.18</xmin>
      <ymin>65.45</ymin>
      <xmax>213.18</xmax>
      <ymax>223.64</ymax>
    </bndbox>
  </object>
</annotation>