<?xml version="1.0" encoding="UTF-8" ?>
<annotation>
  <folder>RGB200W_CRL9993I202006069999_1594645649127360.jpg</folder>
  <filename>RGB200W_CRL9993I202006069999_1594645649127360.jpg</filename>
  <path>http://172.18.39.209:9000/aliimages1999999999/RGB200W_CRL9993I202006069999_1594645649127360.jpg</path>
  <source>
    <database>Unknown</database>
  </source>
  <size>
    <width>642</width>
    <height>361</height>
    <depth>0</depth>
  </size>
  <segmented>0</segmented>
  <object>
    <name>bed_1</name>
    <pose>Unspecified</pose>
    <truncated>0</truncated>
    <difficult>0</difficult>
    <bndbox>
      <xmin>334.09</xmin>
      <ymin>28.64</ymin>
      <xmax>641.82</xmax>
      <ymax>254.09</ymax>
    </bndbox>
  </object>
  <object>
    <name>tea_table</name>
    <pose>Unspecified</pose>
    <truncated>0</truncated>
    <difficult>0</difficult>
    <bndbox>
      <xmin>5.91</xmin>
      <ymin>61.82</ymin>
      <xmax>224.09</xmax>
      <ymax>232.27</ymax>
    </bndbox>
  </object>
</annotation>