<?xml version="1.0" encoding="UTF-8" ?>
<annotation>
  <folder>2021061702</folder>
  <filename>RGB200W_010102104221011_116447349755633167_UP20210617.jpg</filename>
  <path>http://172.18.39.209:9000/aliimages/2021061702/RGB200W_010102104221011_116447349755633167_UP20210617.jpg</path>
  <source>
    <database>Unknown</database>
  </source>
  <size>
    <width>642</width>
    <height>362</height>
    <depth>0</depth>
  </size>
  <segmented>0</segmented>
  <object>
    <name>washing_machine</name>
    <pose>Unspecified</pose>
    <truncated>0</truncated>
    <difficult>0</difficult>
    <bndbox>
      <xmin>549.55</xmin>
      <ymin>70.45</ymin>
      <xmax>641.82</xmax>
      <ymax>226.36</ymax>
    </bndbox>
  </object>
  <object>
    <name>sofa</name>
    <pose>Unspecified</pose>
    <truncated>0</truncated>
    <difficult>0</difficult>
    <bndbox>
      <xmin>166.36</xmin>
      <ymin>148.64</ymin>
      <xmax>386.36</xmax>
      <ymax>221.36</ymax>
    </bndbox>
  </object>
  <object>
    <name>TV_stand1</name>
    <pose>Unspecified</pose>
    <truncated>0</truncated>
    <difficult>0</difficult>
    <bndbox>
      <xmin>24.09</xmin>
      <ymin>155.00</ymin>
      <xmax>114.55</xmax>
      <ymax>215.45</ymax>
    </bndbox>
  </object>
  <object>
    <name>door</name>
    <pose>Unspecified</pose>
    <truncated>0</truncated>
    <difficult>0</difficult>
    <bndbox>
      <xmin>85.45</xmin>
      <ymin>138.18</ymin>
      <xmax>133.64</xmax>
      <ymax>210.91</ymax>
    </bndbox>
  </object>
</annotation>