<?xml version="1.0" encoding="UTF-8" ?>
<annotation>
  <folder>RGB200W_277985933_116444824857633138.jpg</folder>
  <filename>RGB200W_277985933_116444824857633138.jpg</filename>
  <path>http://172.18.39.209:9000/aliimages1999999990/RGB200W_277985933_116444824857633138.jpg</path>
  <source>
    <database>Unknown</database>
  </source>
  <size>
    <width>642</width>
    <height>361</height>
    <depth>0</depth>
  </size>
  <segmented>0</segmented>
  <object>
    <name>sofa</name>
    <pose>Unspecified</pose>
    <truncated>0</truncated>
    <difficult>0</difficult>
    <bndbox>
      <xmin>453.18</xmin>
      <ymin>138.64</ymin>
      <xmax>592.73</xmax>
      <ymax>220.45</ymax>
    </bndbox>
  </object>
  <object>
    <name>wire</name>
    <pose>Unspecified</pose>
    <truncated>0</truncated>
    <difficult>0</difficult>
    <bndbox>
      <xmin>113.64</xmin>
      <ymin>138.18</ymin>
      <xmax>159.09</xmax>
      <ymax>155.91</ymax>
    </bndbox>
  </object>
  <object>
    <name>tea_table</name>
    <pose>Unspecified</pose>
    <truncated>0</truncated>
    <difficult>0</difficult>
    <bndbox>
      <xmin>133.64</xmin>
      <ymin>155.45</ymin>
      <xmax>307.27</xmax>
      <ymax>220.00</ymax>
    </bndbox>
  </object>
</annotation>