<?xml version="1.0" encoding="UTF-8" ?>
<annotation>
  <folder>2022012502</folder>
  <filename>RGB200W_29984CRL30V00066387_1637728088_3048.jpg</filename>
  <path>http://172.18.39.209:9000/aliimages/2022012502/RGB200W_29984CRL30V00066387_1637728088_3048.jpg</path>
  <source>
    <database>Unknown</database>
  </source>
  <size>
    <width>642</width>
    <height>362</height>
    <depth>0</depth>
  </size>
  <segmented>0</segmented>
  <object>
    <name>wire</name>
    <pose>Unspecified</pose>
    <truncated>0</truncated>
    <difficult>0</difficult>
    <bndbox>
      <xmin>621.36</xmin>
      <ymin>30.00</ymin>
      <xmax>634.09</xmax>
      <ymax>60.00</ymax>
    </bndbox>
  </object>
  <object>
    <name>wire</name>
    <pose>Unspecified</pose>
    <truncated>0</truncated>
    <difficult>0</difficult>
    <bndbox>
      <xmin>583.64</xmin>
      <ymin>176.82</ymin>
      <xmax>618.18</xmax>
      <ymax>216.36</ymax>
    </bndbox>
  </object>
  <object>
    <name>TV_stand1</name>
    <pose>Unspecified</pose>
    <truncated>0</truncated>
    <difficult>0</difficult>
    <bndbox>
      <xmin>488.18</xmin>
      <ymin>45.00</ymin>
      <xmax>641.36</xmax>
      <ymax>219.09</ymax>
    </bndbox>
  </object>
  <object>
    <name>tea_table</name>
    <pose>Unspecified</pose>
    <truncated>0</truncated>
    <difficult>0</difficult>
    <bndbox>
      <xmin>42.27</xmin>
      <ymin>132.27</ymin>
      <xmax>225.91</xmax>
      <ymax>209.55</ymax>
    </bndbox>
  </object>
</annotation>