<?xml version="1.0" encoding="UTF-8" ?>
<annotation>
  <folder>RGB200W_2998499999415_116444769899877673.jpg</folder>
  <filename>RGB200W_2998499999415_116444769899877673.jpg</filename>
  <path>http://172.18.39.209:9000/aliimages1999999990/RGB200W_2998499999415_116444769899877673.jpg</path>
  <source>
    <database>Unknown</database>
  </source>
  <size>
    <width>642</width>
    <height>362</height>
    <depth>0</depth>
  </size>
  <segmented>0</segmented>
  <object>
    <name>slipper</name>
    <pose>Unspecified</pose>
    <truncated>0</truncated>
    <difficult>0</difficult>
    <bndbox>
      <xmin>171.82</xmin>
      <ymin>200.91</ymin>
      <xmax>245.00</xmax>
      <ymax>231.82</ymax>
    </bndbox>
  </object>
  <object>
    <name>slipper</name>
    <pose>Unspecified</pose>
    <truncated>0</truncated>
    <difficult>0</difficult>
    <bndbox>
      <xmin>246.82</xmin>
      <ymin>205.91</ymin>
      <xmax>297.73</xmax>
      <ymax>230.91</ymax>
    </bndbox>
  </object>
  <object>
    <name>wire</name>
    <pose>Unspecified</pose>
    <truncated>0</truncated>
    <difficult>0</difficult>
    <bndbox>
      <xmin>471.82</xmin>
      <ymin>185.91</ymin>
      <xmax>500.00</xmax>
      <ymax>221.82</ymax>
    </bndbox>
  </object>
  <object>
    <name>slipper</name>
    <pose>Unspecified</pose>
    <truncated>0</truncated>
    <difficult>0</difficult>
    <bndbox>
      <xmin>522.73</xmin>
      <ymin>207.73</ymin>
      <xmax>610.00</xmax>
      <ymax>232.73</ymax>
    </bndbox>
  </object>
  <object>
    <name>sofa1</name>
    <pose>Unspecified</pose>
    <truncated>0</truncated>
    <difficult>0</difficult>
    <bndbox>
      <xmin>0.91</xmin>
      <ymin>140.00</ymin>
      <xmax>328.64</xmax>
      <ymax>228.64</ymax>
    </bndbox>
  </object>
  <object>
    <name>tea_table</name>
    <pose>Unspecified</pose>
    <truncated>0</truncated>
    <difficult>0</difficult>
    <bndbox>
      <xmin>1.82</xmin>
      <ymin>153.64</ymin>
      <xmax>147.73</xmax>
      <ymax>223.64</ymax>
    </bndbox>
  </object>
</annotation>