<?xml version="1.0" encoding="UTF-8" ?>
<annotation>
  <folder>RGB200W_CRL9993I202006069999_1594646605131022.jpg</folder>
  <filename>RGB200W_CRL9993I202006069999_1594646605131022.jpg</filename>
  <path>http://172.18.39.209:9000/aliimages1999999999/RGB200W_CRL9993I202006069999_1594646605131022.jpg</path>
  <source>
    <database>Unknown</database>
  </source>
  <size>
    <width>642</width>
    <height>361</height>
    <depth>0</depth>
  </size>
  <segmented>0</segmented>
  <object>
    <name>tea_table</name>
    <pose>Unspecified</pose>
    <truncated>0</truncated>
    <difficult>0</difficult>
    <bndbox>
      <xmin>235.45</xmin>
      <ymin>89.09</ymin>
      <xmax>395.45</xmax>
      <ymax>189.55</ymax>
    </bndbox>
  </object>
  <object>
    <name>sofa_1</name>
    <pose>Unspecified</pose>
    <truncated>0</truncated>
    <difficult>0</difficult>
    <bndbox>
      <xmin>383.18</xmin>
      <ymin>33.64</ymin>
      <xmax>641.82</xmax>
      <ymax>190.91</ymax>
    </bndbox>
  </object>
</annotation>