<?xml version="1.0" encoding="UTF-8" ?>
<annotation>
  <folder>RGB200W_29984_99999368_116445301761141327.jpg</folder>
  <filename>RGB200W_29984_99999368_116445301761141327.jpg</filename>
  <path>http://172.18.39.209:9000/aliimages2021122805/RGB200W_29984_99999368_116445301761141327.jpg</path>
  <source>
    <database>Unknown</database>
  </source>
  <size>
    <width>642</width>
    <height>362</height>
    <depth>0</depth>
  </size>
  <segmented>0</segmented>
  <object>
    <name>person_leg</name>
    <pose>Unspecified</pose>
    <truncated>0</truncated>
    <difficult>0</difficult>
    <bndbox>
      <xmin>350.00</xmin>
      <ymin>141.82</ymin>
      <xmax>403.18</xmax>
      <ymax>215.91</ymax>
    </bndbox>
  </object>
  <object>
    <name>slipper</name>
    <pose>Unspecified</pose>
    <truncated>0</truncated>
    <difficult>0</difficult>
    <bndbox>
      <xmin>350.91</xmin>
      <ymin>197.73</ymin>
      <xmax>403.64</xmax>
      <ymax>216.82</ymax>
    </bndbox>
  </object>
  <object>
    <name>tea_table1</name>
    <pose>Unspecified</pose>
    <truncated>0</truncated>
    <difficult>0</difficult>
    <bndbox>
      <xmin>215.00</xmin>
      <ymin>156.82</ymin>
      <xmax>271.82</xmax>
      <ymax>210.00</ymax>
    </bndbox>
  </object>
  <object>
    <name>sofa</name>
    <pose>Unspecified</pose>
    <truncated>0</truncated>
    <difficult>0</difficult>
    <bndbox>
      <xmin>403.18</xmin>
      <ymin>0.91</ymin>
      <xmax>641.82</xmax>
      <ymax>225.91</ymax>
    </bndbox>
  </object>
  <object>
    <name>person</name>
    <pose>Unspecified</pose>
    <truncated>0</truncated>
    <difficult>0</difficult>
    <bndbox>
      <xmin>350.00</xmin>
      <ymin>70.91</ymin>
      <xmax>444.09</xmax>
      <ymax>216.82</ymax>
    </bndbox>
  </object>
</annotation>