<?xml version="1.0" encoding="UTF-8" ?>
<annotation>
  <folder>RGB200W_29984_99999364_116444817429823474.jpg</folder>
  <filename>RGB200W_29984_99999364_116444817429823474.jpg</filename>
  <path>http://172.18.39.209:9000/aliimages2021122806/RGB200W_29984_99999364_116444817429823474.jpg</path>
  <source>
    <database>Unknown</database>
  </source>
  <size>
    <width>642</width>
    <height>362</height>
    <depth>0</depth>
  </size>
  <segmented>0</segmented>
  <object>
    <name>person_leg</name>
    <pose>Unspecified</pose>
    <truncated>0</truncated>
    <difficult>0</difficult>
    <bndbox>
      <xmin>422.73</xmin>
      <ymin>160.00</ymin>
      <xmax>452.73</xmax>
      <ymax>215.00</ymax>
    </bndbox>
  </object>
  <object>
    <name>person_leg</name>
    <pose>Unspecified</pose>
    <truncated>0</truncated>
    <difficult>0</difficult>
    <bndbox>
      <xmin>390.00</xmin>
      <ymin>189.55</ymin>
      <xmax>405.00</xmax>
      <ymax>210.00</ymax>
    </bndbox>
  </object>
  <object>
    <name>person_leg</name>
    <pose>Unspecified</pose>
    <truncated>0</truncated>
    <difficult>0</difficult>
    <bndbox>
      <xmin>372.73</xmin>
      <ymin>190.00</ymin>
      <xmax>383.64</xmax>
      <ymax>215.00</ymax>
    </bndbox>
  </object>
  <object>
    <name>person_leg</name>
    <pose>Unspecified</pose>
    <truncated>0</truncated>
    <difficult>0</difficult>
    <bndbox>
      <xmin>310.91</xmin>
      <ymin>172.73</ymin>
      <xmax>331.82</xmax>
      <ymax>210.00</ymax>
    </bndbox>
  </object>
  <object>
    <name>sofa</name>
    <pose>Unspecified</pose>
    <truncated>0</truncated>
    <difficult>0</difficult>
    <bndbox>
      <xmin>216.82</xmin>
      <ymin>162.73</ymin>
      <xmax>300.91</xmax>
      <ymax>210.91</ymax>
    </bndbox>
  </object>
  <object>
    <name>tea_table</name>
    <pose>Unspecified</pose>
    <truncated>0</truncated>
    <difficult>0</difficult>
    <bndbox>
      <xmin>37.73</xmin>
      <ymin>165.91</ymin>
      <xmax>235.91</xmax>
      <ymax>216.82</ymax>
    </bndbox>
  </object>
  <object>
    <name>dining_table_1</name>
    <pose>Unspecified</pose>
    <truncated>0</truncated>
    <difficult>0</difficult>
    <bndbox>
      <xmin>471.82</xmin>
      <ymin>27.73</ymin>
      <xmax>641.82</xmax>
      <ymax>216.82</ymax>
    </bndbox>
  </object>
  <object>
    <name>person</name>
    <pose>Unspecified</pose>
    <truncated>0</truncated>
    <difficult>0</difficult>
    <bndbox>
      <xmin>412.73</xmin>
      <ymin>80.91</ymin>
      <xmax>453.64</xmax>
      <ymax>214.09</ymax>
    </bndbox>
  </object>
  <object>
    <name>person</name>
    <pose>Unspecified</pose>
    <truncated>0</truncated>
    <difficult>0</difficult>
    <bndbox>
      <xmin>368.64</xmin>
      <ymin>135.45</ymin>
      <xmax>405.00</xmax>
      <ymax>216.36</ymax>
    </bndbox>
  </object>
  <object>
    <name>person</name>
    <pose>Unspecified</pose>
    <truncated>0</truncated>
    <difficult>0</difficult>
    <bndbox>
      <xmin>307.73</xmin>
      <ymin>123.64</ymin>
      <xmax>336.36</xmax>
      <ymax>209.55</ymax>
    </bndbox>
  </object>
</annotation>