<?xml version="1.0" encoding="UTF-8" ?>
<annotation>
  <folder>RGB200W_277985946_116448279205913329.jpg</folder>
  <filename>RGB200W_277985946_116448279205913329.jpg</filename>
  <path>http://172.18.39.209:9000/aliimages1999999983/RGB200W_277985946_116448279205913329.jpg</path>
  <source>
    <database>Unknown</database>
  </source>
  <size>
    <width>642</width>
    <height>361</height>
    <depth>0</depth>
  </size>
  <segmented>0</segmented>
  <object>
    <name>sofa</name>
    <pose>Unspecified</pose>
    <truncated>0</truncated>
    <difficult>0</difficult>
    <bndbox>
      <xmin>0.00</xmin>
      <ymin>79.09</ymin>
      <xmax>230.91</xmax>
      <ymax>195.00</ymax>
    </bndbox>
  </object>
  <object>
    <name>blanket</name>
    <pose>Unspecified</pose>
    <truncated>0</truncated>
    <difficult>0</difficult>
    <bndbox>
      <xmin>0.00</xmin>
      <ymin>191.36</ymin>
      <xmax>641.82</xmax>
      <ymax>360.91</ymax>
    </bndbox>
  </object>
  <object>
    <name>tea_table</name>
    <pose>Unspecified</pose>
    <truncated>0</truncated>
    <difficult>0</difficult>
    <bndbox>
      <xmin>352.27</xmin>
      <ymin>60.45</ymin>
      <xmax>641.82</xmax>
      <ymax>192.73</ymax>
    </bndbox>
  </object>
  <object>
    <name>weight_scale</name>
    <pose>Unspecified</pose>
    <truncated>0</truncated>
    <difficult>0</difficult>
    <bndbox>
      <xmin>222.27</xmin>
      <ymin>185.91</ymin>
      <xmax>258.64</xmax>
      <ymax>190.91</ymax>
    </bndbox>
  </object>
</annotation>