<?xml version="1.0" encoding="UTF-8" ?>
<annotation>
  <folder>RGB200W_CRL9993I202006069999_1591690687356337.jpg</folder>
  <filename>RGB200W_CRL9993I202006069999_1591690687356337.jpg</filename>
  <path>http://172.18.39.209:9000/aliimages2021122805/RGB200W_CRL9993I202006069999_1591690687356337.jpg</path>
  <source>
    <database>Unknown</database>
  </source>
  <size>
    <width>1920</width>
    <height>1079</height>
    <depth>0</depth>
  </size>
  <segmented>0</segmented>
  <object>
    <name>person_leg</name>
    <pose>Unspecified</pose>
    <truncated>0</truncated>
    <difficult>0</difficult>
    <bndbox>
      <xmin>0.00</xmin>
      <ymin>0.00</ymin>
      <xmax>392.86</xmax>
      <ymax>705.52</ymax>
    </bndbox>
  </object>
  <object>
    <name>slipper</name>
    <pose>Unspecified</pose>
    <truncated>0</truncated>
    <difficult>0</difficult>
    <bndbox>
      <xmin>1057.60</xmin>
      <ymin>607.65</ymin>
      <xmax>1237.04</xmax>
      <ymax>671.54</ymax>
    </bndbox>
  </object>
  <object>
    <name>slipper</name>
    <pose>Unspecified</pose>
    <truncated>0</truncated>
    <difficult>0</difficult>
    <bndbox>
      <xmin>112.83</xmin>
      <ymin>603.57</ymin>
      <xmax>392.86</xmax>
      <ymax>706.88</ymax>
    </bndbox>
  </object>
  <object>
    <name>metal_chair_foot</name>
    <pose>Unspecified</pose>
    <truncated>0</truncated>
    <difficult>0</difficult>
    <bndbox>
      <xmin>634.83</xmin>
      <ymin>623.96</ymin>
      <xmax>914.87</xmax>
      <ymax>671.54</ymax>
    </bndbox>
  </object>
  <object>
    <name>wire</name>
    <pose>Unspecified</pose>
    <truncated>0</truncated>
    <difficult>0</difficult>
    <bndbox>
      <xmin>324.89</xmin>
      <ymin>432.29</ymin>
      <xmax>391.50</xmax>
      <ymax>558.71</ymax>
    </bndbox>
  </object>
  <object>
    <name>tea_table</name>
    <pose>Unspecified</pose>
    <truncated>0</truncated>
    <difficult>0</difficult>
    <bndbox>
      <xmin>348.00</xmin>
      <ymin>421.41</ymin>
      <xmax>721.84</xmax>
      <ymax>660.66</ymax>
    </bndbox>
  </object>
  <object>
    <name>trash_can</name>
    <pose>Unspecified</pose>
    <truncated>0</truncated>
    <difficult>0</difficult>
    <bndbox>
      <xmin>2.72</xmin>
      <ymin>449.96</ymin>
      <xmax>97.88</xmax>
      <ymax>613.08</ymax>
    </bndbox>
  </object>
  <object>
    <name>plastic_stool</name>
    <pose>Unspecified</pose>
    <truncated>0</truncated>
    <difficult>0</difficult>
    <bndbox>
      <xmin>1685.64</xmin>
      <ymin>392.86</ymin>
      <xmax>1918.10</xmax>
      <ymax>704.16</ymax>
    </bndbox>
  </object>
</annotation>