<?xml version="1.0" encoding="UTF-8" ?>
<annotation>
  <folder>RGB200W_277985931_116445318037391125.jpg</folder>
  <filename>RGB200W_277985931_116445318037391125.jpg</filename>
  <path>http://172.18.39.209:9000/aliimages1999999983/RGB200W_277985931_116445318037391125.jpg</path>
  <source>
    <database>Unknown</database>
  </source>
  <size>
    <width>642</width>
    <height>361</height>
    <depth>0</depth>
  </size>
  <segmented>0</segmented>
  <object>
    <name>TV_stand</name>
    <pose>Unspecified</pose>
    <truncated>0</truncated>
    <difficult>0</difficult>
    <bndbox>
      <xmin>0.00</xmin>
      <ymin>60.45</ymin>
      <xmax>252.73</xmax>
      <ymax>212.73</ymax>
    </bndbox>
  </object>
  <object>
    <name>wire</name>
    <pose>Unspecified</pose>
    <truncated>0</truncated>
    <difficult>0</difficult>
    <bndbox>
      <xmin>197.27</xmin>
      <ymin>141.82</ymin>
      <xmax>207.27</xmax>
      <ymax>162.73</ymax>
    </bndbox>
  </object>
  <object>
    <name>tea_table</name>
    <pose>Unspecified</pose>
    <truncated>0</truncated>
    <difficult>0</difficult>
    <bndbox>
      <xmin>419.55</xmin>
      <ymin>0.00</ymin>
      <xmax>641.82</xmax>
      <ymax>216.82</ymax>
    </bndbox>
  </object>
</annotation>