<?xml version="1.0" encoding="UTF-8" ?>
<annotation>
  <folder>RGB200W_010102104301105_116444980275630865.jpg</folder>
  <filename>RGB200W_010102104301105_116444980275630865.jpg</filename>
  <path>http://172.18.39.209:9000/aliimages1999999986/RGB200W_010102104301105_116444980275630865.jpg</path>
  <source>
    <database>Unknown</database>
  </source>
  <size>
    <width>642</width>
    <height>362</height>
    <depth>0</depth>
  </size>
  <segmented>0</segmented>
  <object>
    <name>tea_table</name>
    <pose>Unspecified</pose>
    <truncated>0</truncated>
    <difficult>0</difficult>
    <bndbox>
      <xmin>220.91</xmin>
      <ymin>160.91</ymin>
      <xmax>285.00</xmax>
      <ymax>218.64</ymax>
    </bndbox>
  </object>
  <object>
    <name>TV_stand</name>
    <pose>Unspecified</pose>
    <truncated>0</truncated>
    <difficult>0</difficult>
    <bndbox>
      <xmin>358.64</xmin>
      <ymin>153.64</ymin>
      <xmax>415.91</xmax>
      <ymax>217.73</ymax>
    </bndbox>
  </object>
</annotation>