<?xml version="1.0" encoding="UTF-8" ?>
<annotation>
  <folder>RGB200W_277985919_116445738397926366.jpg</folder>
  <filename>RGB200W_277985919_116445738397926366.jpg</filename>
  <path>http://172.18.39.209:9000/aliimages1999999999/RGB200W_277985919_116445738397926366.jpg</path>
  <source>
    <database>Unknown</database>
  </source>
  <size>
    <width>642</width>
    <height>361</height>
    <depth>0</depth>
  </size>
  <segmented>0</segmented>
  <object>
    <name>sofa</name>
    <pose>Unspecified</pose>
    <truncated>0</truncated>
    <difficult>0</difficult>
    <bndbox>
      <xmin>289.55</xmin>
      <ymin>0.00</ymin>
      <xmax>641.82</xmax>
      <ymax>272.73</ymax>
    </bndbox>
  </object>
  <object>
    <name>tea_table</name>
    <pose>Unspecified</pose>
    <truncated>0</truncated>
    <difficult>0</difficult>
    <bndbox>
      <xmin>0.00</xmin>
      <ymin>0.00</ymin>
      <xmax>299.55</xmax>
      <ymax>273.64</ymax>
    </bndbox>
  </object>
</annotation>