<?xml version="1.0" encoding="UTF-8" ?>
<annotation>
  <folder>RGB200W_29984CRL30V00000172_116445516744036574.jpg</folder>
  <filename>RGB200W_29984CRL30V00000172_116445516744036574.jpg</filename>
  <path>http://172.18.39.209:9000/aliimages1999999990/RGB200W_29984CRL30V00000172_116445516744036574.jpg</path>
  <source>
    <database>Unknown</database>
  </source>
  <size>
    <width>642</width>
    <height>362</height>
    <depth>0</depth>
  </size>
  <segmented>0</segmented>
  <object>
    <name>tea_table</name>
    <pose>Unspecified</pose>
    <truncated>0</truncated>
    <difficult>0</difficult>
    <bndbox>
      <xmin>357.73</xmin>
      <ymin>30.91</ymin>
      <xmax>641.82</xmax>
      <ymax>225.00</ymax>
    </bndbox>
  </object>
  <object>
    <name>sofa</name>
    <pose>Unspecified</pose>
    <truncated>0</truncated>
    <difficult>0</difficult>
    <bndbox>
      <xmin>0.91</xmin>
      <ymin>0.91</ymin>
      <xmax>356.82</xmax>
      <ymax>218.64</ymax>
    </bndbox>
  </object>
</annotation>