<?xml version="1.0" encoding="UTF-8" ?>
<annotation>
  <folder>RGB200W_202006292030_116444811008804151.jpg</folder>
  <filename>RGB200W_202006292030_116444811008804151.jpg</filename>
  <path>http://172.18.39.209:9000/aliimages1999999984/RGB200W_202006292030_116444811008804151.jpg</path>
  <source>
    <database>Unknown</database>
  </source>
  <size>
    <width>642</width>
    <height>361</height>
    <depth>0</depth>
  </size>
  <segmented>0</segmented>
  <object>
    <name>dog</name>
    <pose>Unspecified</pose>
    <truncated>0</truncated>
    <difficult>0</difficult>
    <bndbox>
      <xmin>449.55</xmin>
      <ymin>107.27</ymin>
      <xmax>571.36</xmax>
      <ymax>209.09</ymax>
    </bndbox>
  </object>
  <object>
    <name>door_anno</name>
    <pose>Unspecified</pose>
    <truncated>0</truncated>
    <difficult>0</difficult>
    <bndbox>
      <xmin>0.00</xmin>
      <ymin>0.00</ymin>
      <xmax>229.55</xmax>
      <ymax>207.27</ymax>
    </bndbox>
  </object>
  <object>
    <name>shoe</name>
    <pose>Unspecified</pose>
    <truncated>0</truncated>
    <difficult>0</difficult>
    <bndbox>
      <xmin>291.82</xmin>
      <ymin>185.91</ymin>
      <xmax>332.73</xmax>
      <ymax>207.73</ymax>
    </bndbox>
  </object>
  <object>
    <name>shoe</name>
    <pose>Unspecified</pose>
    <truncated>0</truncated>
    <difficult>0</difficult>
    <bndbox>
      <xmin>327.27</xmin>
      <ymin>185.91</ymin>
      <xmax>342.73</xmax>
      <ymax>207.73</ymax>
    </bndbox>
  </object>
  <object>
    <name>slipper</name>
    <pose>Unspecified</pose>
    <truncated>0</truncated>
    <difficult>0</difficult>
    <bndbox>
      <xmin>595.00</xmin>
      <ymin>184.55</ymin>
      <xmax>641.82</xmax>
      <ymax>225.45</ymax>
    </bndbox>
  </object>
  <object>
    <name>tea_table</name>
    <pose>Unspecified</pose>
    <truncated>0</truncated>
    <difficult>0</difficult>
    <bndbox>
      <xmin>301.82</xmin>
      <ymin>112.27</ymin>
      <xmax>445.00</xmax>
      <ymax>205.45</ymax>
    </bndbox>
  </object>
</annotation>