<?xml version="1.0" encoding="UTF-8" ?>
<annotation>
  <folder>RGB200W_29984CRL30V00000007_116445582243992142.jpg</folder>
  <filename>RGB200W_29984CRL30V00000007_116445582243992142.jpg</filename>
  <path>http://172.18.39.209:9000/aliimages1999999996/RGB200W_29984CRL30V00000007_116445582243992142.jpg</path>
  <source>
    <database>Unknown</database>
  </source>
  <size>
    <width>642</width>
    <height>362</height>
    <depth>0</depth>
  </size>
  <segmented>0</segmented>
  <object>
    <name>tea_table</name>
    <pose>Unspecified</pose>
    <truncated>0</truncated>
    <difficult>0</difficult>
    <bndbox>
      <xmin>326.82</xmin>
      <ymin>126.82</ymin>
      <xmax>532.73</xmax>
      <ymax>206.82</ymax>
    </bndbox>
  </object>
  <object>
    <name>sofa_1</name>
    <pose>Unspecified</pose>
    <truncated>0</truncated>
    <difficult>0</difficult>
    <bndbox>
      <xmin>520.91</xmin>
      <ymin>10.00</ymin>
      <xmax>641.82</xmax>
      <ymax>215.00</ymax>
    </bndbox>
  </object>
</annotation>