<?xml version="1.0" encoding="UTF-8" ?>
<annotation>
  <folder>RGB200W_010102104221027_116446198742800352.jpg</folder>
  <filename>RGB200W_010102104221027_116446198742800352.jpg</filename>
  <path>http://172.18.39.209:9000/aliimages1999999986/RGB200W_010102104221027_116446198742800352.jpg</path>
  <source>
    <database>Unknown</database>
  </source>
  <size>
    <width>642</width>
    <height>362</height>
    <depth>0</depth>
  </size>
  <segmented>0</segmented>
  <object>
    <name>tea_table</name>
    <pose>Unspecified</pose>
    <truncated>0</truncated>
    <difficult>0</difficult>
    <bndbox>
      <xmin>301.82</xmin>
      <ymin>0.91</ymin>
      <xmax>600.91</xmax>
      <ymax>227.73</ymax>
    </bndbox>
  </object>
  <object>
    <name>sofa</name>
    <pose>Unspecified</pose>
    <truncated>0</truncated>
    <difficult>0</difficult>
    <bndbox>
      <xmin>568.64</xmin>
      <ymin>52.73</ymin>
      <xmax>641.82</xmax>
      <ymax>213.64</ymax>
    </bndbox>
  </object>
</annotation>