<?xml version="1.0" encoding="UTF-8" ?>
<annotation>
  <folder>RGB200W_CRL9993I202006069999_1594646647919206.jpg</folder>
  <filename>RGB200W_CRL9993I202006069999_1594646647919206.jpg</filename>
  <path>http://172.18.39.209:9000/aliimages1999999983/RGB200W_CRL9993I202006069999_1594646647919206.jpg</path>
  <source>
    <database>Unknown</database>
  </source>
  <size>
    <width>642</width>
    <height>361</height>
    <depth>0</depth>
  </size>
  <segmented>0</segmented>
  <object>
    <name>cabinet</name>
    <pose>Unspecified</pose>
    <truncated>0</truncated>
    <difficult>0</difficult>
    <bndbox>
      <xmin>370.45</xmin>
      <ymin>0.00</ymin>
      <xmax>492.27</xmax>
      <ymax>209.09</ymax>
    </bndbox>
  </object>
  <object>
    <name>wire</name>
    <pose>Unspecified</pose>
    <truncated>0</truncated>
    <difficult>0</difficult>
    <bndbox>
      <xmin>356.36</xmin>
      <ymin>125.00</ymin>
      <xmax>390.45</xmax>
      <ymax>204.09</ymax>
    </bndbox>
  </object>
  <object>
    <name>wire</name>
    <pose>Unspecified</pose>
    <truncated>0</truncated>
    <difficult>0</difficult>
    <bndbox>
      <xmin>389.55</xmin>
      <ymin>189.55</ymin>
      <xmax>458.64</xmax>
      <ymax>222.73</ymax>
    </bndbox>
  </object>
  <object>
    <name>charger</name>
    <pose>Unspecified</pose>
    <truncated>0</truncated>
    <difficult>0</difficult>
    <bndbox>
      <xmin>400.00</xmin>
      <ymin>130.45</ymin>
      <xmax>607.27</xmax>
      <ymax>274.09</ymax>
    </bndbox>
  </object>
  <object>
    <name>tea_table</name>
    <pose>Unspecified</pose>
    <truncated>0</truncated>
    <difficult>0</difficult>
    <bndbox>
      <xmin>175.91</xmin>
      <ymin>139.09</ymin>
      <xmax>282.27</xmax>
      <ymax>209.09</ymax>
    </bndbox>
  </object>
</annotation>