<?xml version="1.0" encoding="UTF-8" ?>
<annotation>
  <folder>RGB200W_29984_99999998_116445454710256570.jpg</folder>
  <filename>RGB200W_29984_99999998_116445454710256570.jpg</filename>
  <path>http://172.18.39.209:9000/aliimages1999999990/RGB200W_29984_99999998_116445454710256570.jpg</path>
  <source>
    <database>Unknown</database>
  </source>
  <size>
    <width>642</width>
    <height>362</height>
    <depth>0</depth>
  </size>
  <segmented>0</segmented>
  <object>
    <name>TV_stand</name>
    <pose>Unspecified</pose>
    <truncated>0</truncated>
    <difficult>0</difficult>
    <bndbox>
      <xmin>0.91</xmin>
      <ymin>75.00</ymin>
      <xmax>246.82</xmax>
      <ymax>240.91</ymax>
    </bndbox>
  </object>
  <object>
    <name>slipper</name>
    <pose>Unspecified</pose>
    <truncated>0</truncated>
    <difficult>0</difficult>
    <bndbox>
      <xmin>475.91</xmin>
      <ymin>182.73</ymin>
      <xmax>556.82</xmax>
      <ymax>243.64</ymax>
    </bndbox>
  </object>
  <object>
    <name>tea_table</name>
    <pose>Unspecified</pose>
    <truncated>0</truncated>
    <difficult>0</difficult>
    <bndbox>
      <xmin>342.73</xmin>
      <ymin>133.64</ymin>
      <xmax>538.64</xmax>
      <ymax>228.64</ymax>
    </bndbox>
  </object>
</annotation>