<?xml version="1.0" encoding="UTF-8" ?>
<annotation>
  <folder>RGB200W_277985946_116444795193429085.jpg</folder>
  <filename>RGB200W_277985946_116444795193429085.jpg</filename>
  <path>http://172.18.39.209:9000/aliimages1999999990/RGB200W_277985946_116444795193429085.jpg</path>
  <source>
    <database>Unknown</database>
  </source>
  <size>
    <width>642</width>
    <height>361</height>
    <depth>0</depth>
  </size>
  <segmented>0</segmented>
  <object>
    <name>wire</name>
    <pose>Unspecified</pose>
    <truncated>0</truncated>
    <difficult>0</difficult>
    <bndbox>
      <xmin>485.45</xmin>
      <ymin>156.36</ymin>
      <xmax>507.27</xmax>
      <ymax>171.82</ymax>
    </bndbox>
  </object>
  <object>
    <name>slipper</name>
    <pose>Unspecified</pose>
    <truncated>0</truncated>
    <difficult>0</difficult>
    <bndbox>
      <xmin>423.64</xmin>
      <ymin>159.09</ymin>
      <xmax>488.18</xmax>
      <ymax>177.27</ymax>
    </bndbox>
  </object>
  <object>
    <name>tea_table</name>
    <pose>Unspecified</pose>
    <truncated>0</truncated>
    <difficult>0</difficult>
    <bndbox>
      <xmin>367.73</xmin>
      <ymin>109.09</ymin>
      <xmax>518.64</xmax>
      <ymax>170.00</ymax>
    </bndbox>
  </object>
  <object>
    <name>plastic_toy</name>
    <pose>Unspecified</pose>
    <truncated>0</truncated>
    <difficult>0</difficult>
    <bndbox>
      <xmin>256.36</xmin>
      <ymin>150.45</ymin>
      <xmax>288.18</xmax>
      <ymax>171.82</ymax>
    </bndbox>
  </object>
  <object>
    <name>sofa</name>
    <pose>Unspecified</pose>
    <truncated>0</truncated>
    <difficult>0</difficult>
    <bndbox>
      <xmin>30.00</xmin>
      <ymin>0.00</ymin>
      <xmax>312.73</xmax>
      <ymax>174.09</ymax>
    </bndbox>
  </object>
</annotation>