<?xml version="1.0" encoding="UTF-8" ?>
<annotation>
  <folder>RGB200W_010102104301105_116449227797470780.jpg</folder>
  <filename>RGB200W_010102104301105_116449227797470780.jpg</filename>
  <path>http://172.18.39.209:9000/aliimages1999999986/RGB200W_010102104301105_116449227797470780.jpg</path>
  <source>
    <database>Unknown</database>
  </source>
  <size>
    <width>642</width>
    <height>362</height>
    <depth>0</depth>
  </size>
  <segmented>0</segmented>
  <object>
    <name>tea_table</name>
    <pose>Unspecified</pose>
    <truncated>0</truncated>
    <difficult>0</difficult>
    <bndbox>
      <xmin>392.73</xmin>
      <ymin>0.91</ymin>
      <xmax>641.82</xmax>
      <ymax>243.64</ymax>
    </bndbox>
  </object>
  <object>
    <name>dining_table</name>
    <pose>Unspecified</pose>
    <truncated>0</truncated>
    <difficult>0</difficult>
    <bndbox>
      <xmin>298.64</xmin>
      <ymin>146.82</ymin>
      <xmax>346.82</xmax>
      <ymax>210.00</ymax>
    </bndbox>
  </object>
</annotation>