<?xml version="1.0" encoding="UTF-8" ?>
<annotation>
  <folder>RGB200W_277985931_116444743068207320.jpg</folder>
  <filename>RGB200W_277985931_116444743068207320.jpg</filename>
  <path>http://172.18.39.209:9000/aliimages2021122805/RGB200W_277985931_116444743068207320.jpg</path>
  <source>
    <database>Unknown</database>
  </source>
  <size>
    <width>1920</width>
    <height>1079</height>
    <depth>0</depth>
  </size>
  <segmented>0</segmented>
  <object>
    <name>person_leg</name>
    <pose>Unspecified</pose>
    <truncated>0</truncated>
    <difficult>0</difficult>
    <bndbox>
      <xmin>676.98</xmin>
      <ymin>0.00</ymin>
      <xmax>1309.09</xmax>
      <ymax>721.84</ymax>
    </bndbox>
  </object>
  <object>
    <name>TV_stand</name>
    <pose>Unspecified</pose>
    <truncated>0</truncated>
    <difficult>0</difficult>
    <bndbox>
      <xmin>0.00</xmin>
      <ymin>193.03</ymin>
      <xmax>648.43</xmax>
      <ymax>634.83</ymax>
    </bndbox>
  </object>
  <object>
    <name>slipper</name>
    <pose>Unspecified</pose>
    <truncated>0</truncated>
    <difficult>0</difficult>
    <bndbox>
      <xmin>846.90</xmin>
      <ymin>565.51</ymin>
      <xmax>1306.37</xmax>
      <ymax>715.04</ymax>
    </bndbox>
  </object>
  <object>
    <name>tea_table</name>
    <pose>Unspecified</pose>
    <truncated>0</truncated>
    <difficult>0</difficult>
    <bndbox>
      <xmin>1083.43</xmin>
      <ymin>0.00</ymin>
      <xmax>1919.46</xmax>
      <ymax>690.57</ymax>
    </bndbox>
  </object>
</annotation>