<?xml version="1.0" encoding="UTF-8" ?>
<annotation>
  <folder>RGB200W_010102104221027_116444868960604093.jpg</folder>
  <filename>RGB200W_010102104221027_116444868960604093.jpg</filename>
  <path>http://172.18.39.209:9000/aliimages2021122806/RGB200W_010102104221027_116444868960604093.jpg</path>
  <source>
    <database>Unknown</database>
  </source>
  <size>
    <width>642</width>
    <height>362</height>
    <depth>0</depth>
  </size>
  <segmented>0</segmented>
  <object>
    <name>person_leg</name>
    <pose>Unspecified</pose>
    <truncated>0</truncated>
    <difficult>0</difficult>
    <bndbox>
      <xmin>433.64</xmin>
      <ymin>145.00</ymin>
      <xmax>475.91</xmax>
      <ymax>213.64</ymax>
    </bndbox>
  </object>
  <object>
    <name>slipper</name>
    <pose>Unspecified</pose>
    <truncated>0</truncated>
    <difficult>0</difficult>
    <bndbox>
      <xmin>435.91</xmin>
      <ymin>198.64</ymin>
      <xmax>478.64</xmax>
      <ymax>212.73</ymax>
    </bndbox>
  </object>
  <object>
    <name>tea_table</name>
    <pose>Unspecified</pose>
    <truncated>0</truncated>
    <difficult>0</difficult>
    <bndbox>
      <xmin>453.64</xmin>
      <ymin>136.82</ymin>
      <xmax>603.64</xmax>
      <ymax>212.73</ymax>
    </bndbox>
  </object>
  <object>
    <name>person</name>
    <pose>Unspecified</pose>
    <truncated>0</truncated>
    <difficult>0</difficult>
    <bndbox>
      <xmin>397.73</xmin>
      <ymin>108.18</ymin>
      <xmax>477.27</xmax>
      <ymax>214.55</ymax>
    </bndbox>
  </object>
</annotation>