<?xml version="1.0" encoding="UTF-8" ?>
<annotation>
  <folder>RGB200W_277985943_116445432097101153.jpg</folder>
  <filename>RGB200W_277985943_116445432097101153.jpg</filename>
  <path>http://172.18.39.209:9000/aliimages1999999990/RGB200W_277985943_116445432097101153.jpg</path>
  <source>
    <database>Unknown</database>
  </source>
  <size>
    <width>642</width>
    <height>361</height>
    <depth>0</depth>
  </size>
  <segmented>0</segmented>
  <object>
    <name>blanket</name>
    <pose>Unspecified</pose>
    <truncated>0</truncated>
    <difficult>0</difficult>
    <bndbox>
      <xmin>0.00</xmin>
      <ymin>179.55</ymin>
      <xmax>392.27</xmax>
      <ymax>360.91</ymax>
    </bndbox>
  </object>
  <object>
    <name>wire</name>
    <pose>Unspecified</pose>
    <truncated>0</truncated>
    <difficult>0</difficult>
    <bndbox>
      <xmin>174.55</xmin>
      <ymin>113.18</ymin>
      <xmax>235.00</xmax>
      <ymax>138.18</ymax>
    </bndbox>
  </object>
  <object>
    <name>wire</name>
    <pose>Unspecified</pose>
    <truncated>0</truncated>
    <difficult>0</difficult>
    <bndbox>
      <xmin>115.91</xmin>
      <ymin>0.00</ymin>
      <xmax>182.27</xmax>
      <ymax>189.55</ymax>
    </bndbox>
  </object>
  <object>
    <name>tea_table</name>
    <pose>Unspecified</pose>
    <truncated>0</truncated>
    <difficult>0</difficult>
    <bndbox>
      <xmin>22.27</xmin>
      <ymin>29.55</ymin>
      <xmax>212.27</xmax>
      <ymax>189.55</ymax>
    </bndbox>
  </object>
</annotation>