<?xml version="1.0" encoding="UTF-8" ?>
<annotation>
  <folder>RGB200W_CRL9993I202006069999_1591690603104424.jpg</folder>
  <filename>RGB200W_CRL9993I202006069999_1591690603104424.jpg</filename>
  <path>http://172.18.39.209:9000/aliimages1999999965/RGB200W_CRL9993I202006069999_1591690603104424.jpg</path>
  <source>
    <database>Unknown</database>
  </source>
  <size>
    <width>642</width>
    <height>361</height>
    <depth>0</depth>
  </size>
  <segmented>0</segmented>
  <object>
    <name>slipper</name>
    <pose>Unspecified</pose>
    <truncated>0</truncated>
    <difficult>0</difficult>
    <bndbox>
      <xmin>225.00</xmin>
      <ymin>186.82</ymin>
      <xmax>371.82</xmax>
      <ymax>230.91</ymax>
    </bndbox>
  </object>
  <object>
    <name>unknown</name>
    <pose>Unspecified</pose>
    <truncated>0</truncated>
    <difficult>0</difficult>
    <bndbox>
      <xmin>0.00</xmin>
      <ymin>0.00</ymin>
      <xmax>230.91</xmax>
      <ymax>194.09</ymax>
    </bndbox>
  </object>
  <object>
    <name>tea_table</name>
    <pose>Unspecified</pose>
    <truncated>0</truncated>
    <difficult>0</difficult>
    <bndbox>
      <xmin>331.82</xmin>
      <ymin>0.00</ymin>
      <xmax>641.82</xmax>
      <ymax>238.64</ymax>
    </bndbox>
  </object>
  <object>
    <name>unknown</name>
    <pose>Unspecified</pose>
    <truncated>0</truncated>
    <difficult>0</difficult>
    <bndbox>
      <xmin>226.36</xmin>
      <ymin>0.00</ymin>
      <xmax>307.73</xmax>
      <ymax>183.18</ymax>
    </bndbox>
  </object>
</annotation>