<?xml version="1.0" encoding="UTF-8" ?>
<annotation>
  <folder>RGB200W_010102104221014_116445074853931431.jpg</folder>
  <filename>RGB200W_010102104221014_116445074853931431.jpg</filename>
  <path>http://172.18.39.209:9000/aliimages1999999986/RGB200W_010102104221014_116445074853931431.jpg</path>
  <source>
    <database>Unknown</database>
  </source>
  <size>
    <width>642</width>
    <height>362</height>
    <depth>0</depth>
  </size>
  <segmented>0</segmented>
  <object>
    <name>sofa</name>
    <pose>Unspecified</pose>
    <truncated>0</truncated>
    <difficult>0</difficult>
    <bndbox>
      <xmin>290.00</xmin>
      <ymin>27.73</ymin>
      <xmax>580.00</xmax>
      <ymax>231.82</ymax>
    </bndbox>
  </object>
  <object>
    <name>tea_table</name>
    <pose>Unspecified</pose>
    <truncated>0</truncated>
    <difficult>0</difficult>
    <bndbox>
      <xmin>571.82</xmin>
      <ymin>93.64</ymin>
      <xmax>641.82</xmax>
      <ymax>228.64</ymax>
    </bndbox>
  </object>
  <object>
    <name>washing_machine</name>
    <pose>Unspecified</pose>
    <truncated>0</truncated>
    <difficult>0</difficult>
    <bndbox>
      <xmin>25.00</xmin>
      <ymin>111.82</ymin>
      <xmax>97.73</xmax>
      <ymax>206.82</ymax>
    </bndbox>
  </object>
</annotation>