<?xml version="1.0" encoding="UTF-8" ?>
<annotation>
  <folder>2021061702</folder>
  <filename>RGB200W_010102104221006_116446639190072238_UP20210617.jpg</filename>
  <path>http://172.18.39.209:9000/aliimages/2021061702/RGB200W_010102104221006_116446639190072238_UP20210617.jpg</path>
  <source>
    <database>Unknown</database>
  </source>
  <size>
    <width>642</width>
    <height>362</height>
    <depth>0</depth>
  </size>
  <segmented>0</segmented>
  <object>
    <name>shoe</name>
    <pose>Unspecified</pose>
    <truncated>0</truncated>
    <difficult>0</difficult>
    <bndbox>
      <xmin>40.45</xmin>
      <ymin>187.73</ymin>
      <xmax>142.73</xmax>
      <ymax>251.36</ymax>
    </bndbox>
  </object>
  <object>
    <name>shoe</name>
    <pose>Unspecified</pose>
    <truncated>0</truncated>
    <difficult>0</difficult>
    <bndbox>
      <xmin>213.18</xmin>
      <ymin>201.36</ymin>
      <xmax>244.55</xmax>
      <ymax>218.64</ymax>
    </bndbox>
  </object>
  <object>
    <name>&#xd;
cupboard</name>
    <pose>Unspecified</pose>
    <truncated>0</truncated>
    <difficult>0</difficult>
    <bndbox>
      <xmin>329.09</xmin>
      <ymin>168.18</ymin>
      <xmax>384.09</xmax>
      <ymax>215.45</ymax>
    </bndbox>
  </object>
</annotation>