<?xml version="1.0" encoding="UTF-8" ?>
<annotation>
  <folder>RGB100W_277985923_116444739094187173.jpg</folder>
  <filename>RGB100W_277985923_116444739094187173.jpg</filename>
  <path>http://172.18.39.209:9000/aliimages1999999984/RGB100W_277985923_116444739094187173.jpg</path>
  <source>
    <database>Unknown</database>
  </source>
  <size>
    <width>642</width>
    <height>361</height>
    <depth>0</depth>
  </size>
  <segmented>0</segmented>
  <object>
    <name>wire</name>
    <pose>Unspecified</pose>
    <truncated>0</truncated>
    <difficult>0</difficult>
    <bndbox>
      <xmin>77.73</xmin>
      <ymin>1.82</ymin>
      <xmax>264.55</xmax>
      <ymax>224.09</ymax>
    </bndbox>
  </object>
  <object>
    <name>cabinet</name>
    <pose>Unspecified</pose>
    <truncated>0</truncated>
    <difficult>0</difficult>
    <bndbox>
      <xmin>202.73</xmin>
      <ymin>5.45</ymin>
      <xmax>379.09</xmax>
      <ymax>207.73</ymax>
    </bndbox>
  </object>
  <object>
    <name>bed</name>
    <pose>Unspecified</pose>
    <truncated>0</truncated>
    <difficult>0</difficult>
    <bndbox>
      <xmin>0.45</xmin>
      <ymin>0.45</ymin>
      <xmax>204.09</xmax>
      <ymax>214.55</ymax>
    </bndbox>
  </object>
</annotation>