<?xml version="1.0" encoding="UTF-8" ?>
<annotation>
  <folder>RGB100W_542500001557_116444969501888905.jpg</folder>
  <filename>RGB100W_542500001557_116444969501888905.jpg</filename>
  <path>http://172.18.39.209:9000/aliimages1999999990/RGB100W_542500001557_116444969501888905.jpg</path>
  <source>
    <database>Unknown</database>
  </source>
  <size>
    <width>640</width>
    <height>360</height>
    <depth>0</depth>
  </size>
  <segmented>0</segmented>
  <object>
    <name>cabinet</name>
    <pose>Unspecified</pose>
    <truncated>0</truncated>
    <difficult>0</difficult>
    <bndbox>
      <xmin>362.73</xmin>
      <ymin>35.00</ymin>
      <xmax>536.82</xmax>
      <ymax>185.00</ymax>
    </bndbox>
  </object>
  <object>
    <name>wire</name>
    <pose>Unspecified</pose>
    <truncated>0</truncated>
    <difficult>0</difficult>
    <bndbox>
      <xmin>226.82</xmin>
      <ymin>118.64</ymin>
      <xmax>362.73</xmax>
      <ymax>201.82</ymax>
    </bndbox>
  </object>
  <object>
    <name>wire</name>
    <pose>Unspecified</pose>
    <truncated>0</truncated>
    <difficult>0</difficult>
    <bndbox>
      <xmin>525.91</xmin>
      <ymin>60.00</ymin>
      <xmax>556.82</xmax>
      <ymax>126.82</ymax>
    </bndbox>
  </object>
  <object>
    <name>wire</name>
    <pose>Unspecified</pose>
    <truncated>0</truncated>
    <difficult>0</difficult>
    <bndbox>
      <xmin>521.82</xmin>
      <ymin>173.64</ymin>
      <xmax>581.82</xmax>
      <ymax>185.91</ymax>
    </bndbox>
  </object>
  <object>
    <name>cabinet</name>
    <pose>Unspecified</pose>
    <truncated>0</truncated>
    <difficult>0</difficult>
    <bndbox>
      <xmin>597.73</xmin>
      <ymin>0.91</ymin>
      <xmax>640.00</xmax>
      <ymax>181.82</ymax>
    </bndbox>
  </object>
</annotation>