<?xml version="1.0" encoding="UTF-8" ?>
<annotation>
  <folder>RGB100W_277985938_116445533367125049.jpg</folder>
  <filename>RGB100W_277985938_116445533367125049.jpg</filename>
  <path>http://172.18.39.209:9000/aliimages1999999984/RGB100W_277985938_116445533367125049.jpg</path>
  <source>
    <database>Unknown</database>
  </source>
  <size>
    <width>642</width>
    <height>361</height>
    <depth>0</depth>
  </size>
  <segmented>0</segmented>
  <object>
    <name>cabinet</name>
    <pose>Unspecified</pose>
    <truncated>0</truncated>
    <difficult>0</difficult>
    <bndbox>
      <xmin>332.27</xmin>
      <ymin>61.36</ymin>
      <xmax>422.73</xmax>
      <ymax>166.36</ymax>
    </bndbox>
  </object>
  <object>
    <name>bed</name>
    <pose>Unspecified</pose>
    <truncated>0</truncated>
    <difficult>0</difficult>
    <bndbox>
      <xmin>360.45</xmin>
      <ymin>0.45</ymin>
      <xmax>641.82</xmax>
      <ymax>144.55</ymax>
    </bndbox>
  </object>
  <object>
    <name>sofa</name>
    <pose>Unspecified</pose>
    <truncated>0</truncated>
    <difficult>0</difficult>
    <bndbox>
      <xmin>0.45</xmin>
      <ymin>0.45</ymin>
      <xmax>350.91</xmax>
      <ymax>173.18</ymax>
    </bndbox>
  </object>
</annotation>