<?xml version="1.0" encoding="UTF-8" ?>
<annotation>
  <folder>RGB100W_CRL9993I202006069999_1591606886217384.jpg</folder>
  <filename>RGB100W_CRL9993I202006069999_1591606886217384.jpg</filename>
  <path>http://172.18.39.209:9000/aliimages1999999996/RGB100W_CRL9993I202006069999_1591606886217384.jpg</path>
  <source>
    <database>Unknown</database>
  </source>
  <size>
    <width>642</width>
    <height>361</height>
    <depth>0</depth>
  </size>
  <segmented>0</segmented>
  <object>
    <name>dining_table</name>
    <pose>Unspecified</pose>
    <truncated>0</truncated>
    <difficult>0</difficult>
    <bndbox>
      <xmin>221.36</xmin>
      <ymin>15.45</ymin>
      <xmax>455.00</xmax>
      <ymax>182.73</ymax>
    </bndbox>
  </object>
  <object>
    <name>metal_chair_foot</name>
    <pose>Unspecified</pose>
    <truncated>0</truncated>
    <difficult>0</difficult>
    <bndbox>
      <xmin>244.09</xmin>
      <ymin>171.36</ymin>
      <xmax>336.36</xmax>
      <ymax>185.45</ymax>
    </bndbox>
  </object>
  <object>
    <name>cabinet</name>
    <pose>Unspecified</pose>
    <truncated>0</truncated>
    <difficult>0</difficult>
    <bndbox>
      <xmin>140.00</xmin>
      <ymin>97.27</ymin>
      <xmax>206.82</xmax>
      <ymax>184.55</ymax>
    </bndbox>
  </object>
</annotation>