<?xml version="1.0" encoding="UTF-8" ?>
<annotation>
  <folder>RGB100W_542500001553_116467020833179661.jpg</folder>
  <filename>RGB100W_542500001553_116467020833179661.jpg</filename>
  <path>http://172.18.39.209:9000/aliimages1999999980/RGB100W_542500001553_116467020833179661.jpg</path>
  <source>
    <database>Unknown</database>
  </source>
  <size>
    <width>640</width>
    <height>360</height>
    <depth>0</depth>
  </size>
  <segmented>0</segmented>
  <object>
    <name>cabinet</name>
    <pose>Unspecified</pose>
    <truncated>0</truncated>
    <difficult>0</difficult>
    <bndbox>
      <xmin>530.00</xmin>
      <ymin>0.91</ymin>
      <xmax>640.00</xmax>
      <ymax>188.64</ymax>
    </bndbox>
  </object>
  <object>
    <name>cabinet</name>
    <pose>Unspecified</pose>
    <truncated>0</truncated>
    <difficult>0</difficult>
    <bndbox>
      <xmin>428.64</xmin>
      <ymin>0.91</ymin>
      <xmax>491.82</xmax>
      <ymax>180.91</ymax>
    </bndbox>
  </object>
</annotation>