<?xml version="1.0" encoding="UTF-8" ?>
<annotation>
  <folder>RGB100W_277985925_116444794134131675.jpg</folder>
  <filename>RGB100W_277985925_116444794134131675.jpg</filename>
  <path>http://172.18.39.209:9000/aliimages1999999990/RGB100W_277985925_116444794134131675.jpg</path>
  <source>
    <database>Unknown</database>
  </source>
  <size>
    <width>642</width>
    <height>361</height>
    <depth>0</depth>
  </size>
  <segmented>0</segmented>
  <object>
    <name>cabinet</name>
    <pose>Unspecified</pose>
    <truncated>0</truncated>
    <difficult>0</difficult>
    <bndbox>
      <xmin>42.27</xmin>
      <ymin>33.18</ymin>
      <xmax>225.45</xmax>
      <ymax>193.18</ymax>
    </bndbox>
  </object>
  <object>
    <name>bed1</name>
    <pose>Unspecified</pose>
    <truncated>0</truncated>
    <difficult>0</difficult>
    <bndbox>
      <xmin>196.36</xmin>
      <ymin>0.45</ymin>
      <xmax>641.82</xmax>
      <ymax>236.36</ymax>
    </bndbox>
  </object>
</annotation>