<?xml version="1.0" encoding="UTF-8" ?>
<annotation>
  <folder>RGB100W_542500000135_116456933470974147.jpg</folder>
  <filename>RGB100W_542500000135_116456933470974147.jpg</filename>
  <path>http://172.18.39.209:9000/aliimages1999999980/RGB100W_542500000135_116456933470974147.jpg</path>
  <source>
    <database>Unknown</database>
  </source>
  <size>
    <width>640</width>
    <height>360</height>
    <depth>0</depth>
  </size>
  <segmented>0</segmented>
  <object>
    <name>sofa</name>
    <pose>Unspecified</pose>
    <truncated>0</truncated>
    <difficult>0</difficult>
    <bndbox>
      <xmin>177.73</xmin>
      <ymin>0.91</ymin>
      <xmax>488.64</xmax>
      <ymax>150.00</ymax>
    </bndbox>
  </object>
  <object>
    <name>cabinet</name>
    <pose>Unspecified</pose>
    <truncated>0</truncated>
    <difficult>0</difficult>
    <bndbox>
      <xmin>533.64</xmin>
      <ymin>52.73</ymin>
      <xmax>640.00</xmax>
      <ymax>146.82</ymax>
    </bndbox>
  </object>
  <object>
    <name>cabinet</name>
    <pose>Unspecified</pose>
    <truncated>0</truncated>
    <difficult>0</difficult>
    <bndbox>
      <xmin>496.82</xmin>
      <ymin>37.73</ymin>
      <xmax>602.73</xmax>
      <ymax>143.64</ymax>
    </bndbox>
  </object>
</annotation>