<?xml version="1.0" encoding="UTF-8" ?>
<annotation>
  <folder>RGB100W_277985926_116444946915444576.jpg</folder>
  <filename>RGB100W_277985926_116444946915444576.jpg</filename>
  <path>http://172.18.39.209:9000/aliimages1999999990/RGB100W_277985926_116444946915444576.jpg</path>
  <source>
    <database>Unknown</database>
  </source>
  <size>
    <width>642</width>
    <height>361</height>
    <depth>0</depth>
  </size>
  <segmented>0</segmented>
  <object>
    <name>shoe</name>
    <pose>Unspecified</pose>
    <truncated>0</truncated>
    <difficult>0</difficult>
    <bndbox>
      <xmin>276.82</xmin>
      <ymin>148.18</ymin>
      <xmax>328.64</xmax>
      <ymax>181.82</ymax>
    </bndbox>
  </object>
  <object>
    <name>shoe</name>
    <pose>Unspecified</pose>
    <truncated>0</truncated>
    <difficult>0</difficult>
    <bndbox>
      <xmin>245.45</xmin>
      <ymin>150.45</ymin>
      <xmax>282.73</xmax>
      <ymax>183.18</ymax>
    </bndbox>
  </object>
  <object>
    <name>bed</name>
    <pose>Unspecified</pose>
    <truncated>0</truncated>
    <difficult>0</difficult>
    <bndbox>
      <xmin>60.00</xmin>
      <ymin>64.55</ymin>
      <xmax>178.64</xmax>
      <ymax>178.18</ymax>
    </bndbox>
  </object>
  <object>
    <name>TV_stand</name>
    <pose>Unspecified</pose>
    <truncated>0</truncated>
    <difficult>0</difficult>
    <bndbox>
      <xmin>234.55</xmin>
      <ymin>79.55</ymin>
      <xmax>375.45</xmax>
      <ymax>177.27</ymax>
    </bndbox>
  </object>
  <object>
    <name>wire</name>
    <pose>Unspecified</pose>
    <truncated>0</truncated>
    <difficult>0</difficult>
    <bndbox>
      <xmin>288.18</xmin>
      <ymin>16.82</ymin>
      <xmax>310.91</xmax>
      <ymax>45.00</ymax>
    </bndbox>
  </object>
  <object>
    <name>cabinet</name>
    <pose>Unspecified</pose>
    <truncated>0</truncated>
    <difficult>0</difficult>
    <bndbox>
      <xmin>250.00</xmin>
      <ymin>40.91</ymin>
      <xmax>316.82</xmax>
      <ymax>105.91</ymax>
    </bndbox>
  </object>
</annotation>