<?xml version="1.0" encoding="UTF-8" ?>
<annotation>
  <folder>RGB100W_277985926_116444946712282423.jpg</folder>
  <filename>RGB100W_277985926_116444946712282423.jpg</filename>
  <path>http://172.18.39.209:9000/aliimages1999999990/RGB100W_277985926_116444946712282423.jpg</path>
  <source>
    <database>Unknown</database>
  </source>
  <size>
    <width>642</width>
    <height>361</height>
    <depth>0</depth>
  </size>
  <segmented>0</segmented>
  <object>
    <name>bed</name>
    <pose>Unspecified</pose>
    <truncated>0</truncated>
    <difficult>0</difficult>
    <bndbox>
      <xmin>253.64</xmin>
      <ymin>57.73</ymin>
      <xmax>364.09</xmax>
      <ymax>181.82</ymax>
    </bndbox>
  </object>
  <object>
    <name>shoe</name>
    <pose>Unspecified</pose>
    <truncated>0</truncated>
    <difficult>0</difficult>
    <bndbox>
      <xmin>376.82</xmin>
      <ymin>166.36</ymin>
      <xmax>415.00</xmax>
      <ymax>180.45</ymax>
    </bndbox>
  </object>
  <object>
    <name>TV_stand</name>
    <pose>Unspecified</pose>
    <truncated>0</truncated>
    <difficult>0</difficult>
    <bndbox>
      <xmin>427.27</xmin>
      <ymin>20.45</ymin>
      <xmax>641.82</xmax>
      <ymax>191.36</ymax>
    </bndbox>
  </object>
  <object>
    <name>cabinet</name>
    <pose>Unspecified</pose>
    <truncated>0</truncated>
    <difficult>0</difficult>
    <bndbox>
      <xmin>452.27</xmin>
      <ymin>0.45</ymin>
      <xmax>550.00</xmax>
      <ymax>91.36</ymax>
    </bndbox>
  </object>
</annotation>