<?xml version="1.0" encoding="UTF-8" ?>
<annotation>
  <folder>RGB100W_277985938_116445557481274194.jpg</folder>
  <filename>RGB100W_277985938_116445557481274194.jpg</filename>
  <path>http://172.18.39.209:9000/aliimages1999999984/RGB100W_277985938_116445557481274194.jpg</path>
  <source>
    <database>Unknown</database>
  </source>
  <size>
    <width>642</width>
    <height>361</height>
    <depth>0</depth>
  </size>
  <segmented>0</segmented>
  <object>
    <name>bed</name>
    <pose>Unspecified</pose>
    <truncated>0</truncated>
    <difficult>0</difficult>
    <bndbox>
      <xmin>108.18</xmin>
      <ymin>49.09</ymin>
      <xmax>464.09</xmax>
      <ymax>168.18</ymax>
    </bndbox>
  </object>
  <object>
    <name>cabinet</name>
    <pose>Unspecified</pose>
    <truncated>0</truncated>
    <difficult>0</difficult>
    <bndbox>
      <xmin>479.09</xmin>
      <ymin>73.18</ymin>
      <xmax>590.91</xmax>
      <ymax>157.27</ymax>
    </bndbox>
  </object>
</annotation>