<?xml version="1.0" encoding="UTF-8" ?>
<annotation>
  <folder>RGB100W_277985942_116444739176134526.jpg</folder>
  <filename>RGB100W_277985942_116444739176134526.jpg</filename>
  <path>http://172.18.39.209:9000/aliimages1999999984/RGB100W_277985942_116444739176134526.jpg</path>
  <source>
    <database>Unknown</database>
  </source>
  <size>
    <width>642</width>
    <height>361</height>
    <depth>0</depth>
  </size>
  <segmented>0</segmented>
  <object>
    <name>cabinet</name>
    <pose>Unspecified</pose>
    <truncated>0</truncated>
    <difficult>0</difficult>
    <bndbox>
      <xmin>140.00</xmin>
      <ymin>90.45</ymin>
      <xmax>240.45</xmax>
      <ymax>178.64</ymax>
    </bndbox>
  </object>
  <object>
    <name>bed</name>
    <pose>Unspecified</pose>
    <truncated>0</truncated>
    <difficult>0</difficult>
    <bndbox>
      <xmin>0.45</xmin>
      <ymin>18.18</ymin>
      <xmax>194.55</xmax>
      <ymax>156.36</ymax>
    </bndbox>
  </object>
</annotation>