<?xml version="1.0" encoding="UTF-8" ?>
<annotation>
  <folder>RGB100W_277985924_116444746397516822.jpg</folder>
  <filename>RGB100W_277985924_116444746397516822.jpg</filename>
  <path>http://172.18.39.209:9000/aliimages1999999984/RGB100W_277985924_116444746397516822.jpg</path>
  <source>
    <database>Unknown</database>
  </source>
  <size>
    <width>642</width>
    <height>361</height>
    <depth>0</depth>
  </size>
  <segmented>0</segmented>
  <object>
    <name>cabinet</name>
    <pose>Unspecified</pose>
    <truncated>0</truncated>
    <difficult>0</difficult>
    <bndbox>
      <xmin>271.82</xmin>
      <ymin>107.73</ymin>
      <xmax>352.73</xmax>
      <ymax>194.55</ymax>
    </bndbox>
  </object>
  <object>
    <name>bed</name>
    <pose>Unspecified</pose>
    <truncated>0</truncated>
    <difficult>0</difficult>
    <bndbox>
      <xmin>0.45</xmin>
      <ymin>0.45</ymin>
      <xmax>282.73</xmax>
      <ymax>226.36</ymax>
    </bndbox>
  </object>
</annotation>