<?xml version="1.0" encoding="UTF-8" ?>
<annotation>
  <folder>RGB100W_277985938_116445530126702490.jpg</folder>
  <filename>RGB100W_277985938_116445530126702490.jpg</filename>
  <path>http://172.18.39.209:9000/aliimages2021122805/RGB100W_277985938_116445530126702490.jpg</path>
  <source>
    <database>Unknown</database>
  </source>
  <size>
    <width>1280</width>
    <height>719</height>
    <depth>0</depth>
  </size>
  <segmented>0</segmented>
  <object>
    <name>person_leg</name>
    <pose>Unspecified</pose>
    <truncated>0</truncated>
    <difficult>0</difficult>
    <bndbox>
      <xmin>823.79</xmin>
      <ymin>116.91</ymin>
      <xmax>979.67</xmax>
      <ymax>179.44</ymax>
    </bndbox>
  </object>
  <object>
    <name>cabinet</name>
    <pose>Unspecified</pose>
    <truncated>0</truncated>
    <difficult>0</difficult>
    <bndbox>
      <xmin>578.19</xmin>
      <ymin>163.13</ymin>
      <xmax>708.69</xmax>
      <ymax>322.63</ymax>
    </bndbox>
  </object>
  <object>
    <name>slipper</name>
    <pose>Unspecified</pose>
    <truncated>0</truncated>
    <difficult>0</difficult>
    <bndbox>
      <xmin>697.82</xmin>
      <ymin>289.10</ymin>
      <xmax>801.13</xmax>
      <ymax>326.25</ymax>
    </bndbox>
  </object>
  <object>
    <name>wire</name>
    <pose>Unspecified</pose>
    <truncated>0</truncated>
    <difficult>0</difficult>
    <bndbox>
      <xmin>85.19</xmin>
      <ymin>325.35</ymin>
      <xmax>311.75</xmax>
      <ymax>361.60</ymax>
    </bndbox>
  </object>
  <object>
    <name>sofa</name>
    <pose>Unspecified</pose>
    <truncated>0</truncated>
    <difficult>0</difficult>
    <bndbox>
      <xmin>0.91</xmin>
      <ymin>11.78</ymin>
      <xmax>616.26</xmax>
      <ymax>326.25</ymax>
    </bndbox>
  </object>
  <object>
    <name>bed</name>
    <pose>Unspecified</pose>
    <truncated>0</truncated>
    <difficult>0</difficult>
    <bndbox>
      <xmin>614.44</xmin>
      <ymin>41.69</ymin>
      <xmax>1200.79</xmax>
      <ymax>312.66</ymax>
    </bndbox>
  </object>
  <object>
    <name>person</name>
    <pose>Unspecified</pose>
    <truncated>0</truncated>
    <difficult>0</difficult>
    <bndbox>
      <xmin>687.85</xmin>
      <ymin>0.91</ymin>
      <xmax>993.26</xmax>
      <ymax>190.31</ymax>
    </bndbox>
  </object>
  <object>
    <name>trash_can</name>
    <pose>Unspecified</pose>
    <truncated>0</truncated>
    <difficult>0</difficult>
    <bndbox>
      <xmin>396.94</xmin>
      <ymin>189.41</ymin>
      <xmax>538.32</xmax>
      <ymax>332.60</ymax>
    </bndbox>
  </object>
</annotation>