<?xml version="1.0" encoding="UTF-8" ?>
<annotation>
  <folder>RGB100W_542500001553_116448487448657108.jpg</folder>
  <filename>RGB100W_542500001553_116448487448657108.jpg</filename>
  <path>http://172.18.39.209:9000/aliimages1999999980/RGB100W_542500001553_116448487448657108.jpg</path>
  <source>
    <database>Unknown</database>
  </source>
  <size>
    <width>640</width>
    <height>360</height>
    <depth>0</depth>
  </size>
  <segmented>0</segmented>
  <object>
    <name>door_anno</name>
    <pose>Unspecified</pose>
    <truncated>0</truncated>
    <difficult>0</difficult>
    <bndbox>
      <xmin>285.91</xmin>
      <ymin>0.91</ymin>
      <xmax>393.64</xmax>
      <ymax>200.91</ymax>
    </bndbox>
  </object>
  <object>
    <name>door_anno</name>
    <pose>Unspecified</pose>
    <truncated>0</truncated>
    <difficult>0</difficult>
    <bndbox>
      <xmin>145.91</xmin>
      <ymin>97.73</ymin>
      <xmax>285.00</xmax>
      <ymax>170.91</ymax>
    </bndbox>
  </object>
  <object>
    <name>door_anno</name>
    <pose>Unspecified</pose>
    <truncated>0</truncated>
    <difficult>0</difficult>
    <bndbox>
      <xmin>0.91</xmin>
      <ymin>75.91</ymin>
      <xmax>158.64</xmax>
      <ymax>175.91</ymax>
    </bndbox>
  </object>
  <object>
    <name>cabinet</name>
    <pose>Unspecified</pose>
    <truncated>0</truncated>
    <difficult>0</difficult>
    <bndbox>
      <xmin>570.00</xmin>
      <ymin>107.73</ymin>
      <xmax>638.64</xmax>
      <ymax>175.00</ymax>
    </bndbox>
  </object>
</annotation>