<?xml version="1.0" encoding="UTF-8" ?>
<annotation>
  <folder>RGB100W_542500001228_116454063585343037.jpg</folder>
  <filename>RGB100W_542500001228_116454063585343037.jpg</filename>
  <path>http://172.18.39.209:9000/aliimages1999999990/RGB100W_542500001228_116454063585343037.jpg</path>
  <source>
    <database>Unknown</database>
  </source>
  <size>
    <width>640</width>
    <height>360</height>
    <depth>0</depth>
  </size>
  <segmented>0</segmented>
  <object>
    <name>wire</name>
    <pose>Unspecified</pose>
    <truncated>0</truncated>
    <difficult>0</difficult>
    <bndbox>
      <xmin>400.00</xmin>
      <ymin>45.00</ymin>
      <xmax>468.64</xmax>
      <ymax>190.00</ymax>
    </bndbox>
  </object>
  <object>
    <name>wire</name>
    <pose>Unspecified</pose>
    <truncated>0</truncated>
    <difficult>0</difficult>
    <bndbox>
      <xmin>401.82</xmin>
      <ymin>32.73</ymin>
      <xmax>420.91</xmax>
      <ymax>145.91</ymax>
    </bndbox>
  </object>
  <object>
    <name>wire</name>
    <pose>Unspecified</pose>
    <truncated>0</truncated>
    <difficult>0</difficult>
    <bndbox>
      <xmin>365.91</xmin>
      <ymin>60.91</ymin>
      <xmax>375.00</xmax>
      <ymax>96.82</ymax>
    </bndbox>
  </object>
  <object>
    <name>wire</name>
    <pose>Unspecified</pose>
    <truncated>0</truncated>
    <difficult>0</difficult>
    <bndbox>
      <xmin>240.91</xmin>
      <ymin>62.73</ymin>
      <xmax>355.91</xmax>
      <ymax>100.00</ymax>
    </bndbox>
  </object>
  <object>
    <name>wire</name>
    <pose>Unspecified</pose>
    <truncated>0</truncated>
    <difficult>0</difficult>
    <bndbox>
      <xmin>285.91</xmin>
      <ymin>130.00</ymin>
      <xmax>343.64</xmax>
      <ymax>193.64</ymax>
    </bndbox>
  </object>
  <object>
    <name>cabinet</name>
    <pose>Unspecified</pose>
    <truncated>0</truncated>
    <difficult>0</difficult>
    <bndbox>
      <xmin>445.91</xmin>
      <ymin>12.73</ymin>
      <xmax>576.82</xmax>
      <ymax>192.73</ymax>
    </bndbox>
  </object>
</annotation>