<?xml version="1.0" encoding="UTF-8" ?>
<annotation>
  <folder>RGB100W_542500008913_116444757604128827.jpg</folder>
  <filename>RGB100W_542500008913_116444757604128827.jpg</filename>
  <path>http://172.18.39.209:9000/aliimages1999999990/RGB100W_542500008913_116444757604128827.jpg</path>
  <source>
    <database>Unknown</database>
  </source>
  <size>
    <width>640</width>
    <height>360</height>
    <depth>0</depth>
  </size>
  <segmented>0</segmented>
  <object>
    <name>door_anno</name>
    <pose>Unspecified</pose>
    <truncated>0</truncated>
    <difficult>0</difficult>
    <bndbox>
      <xmin>330.91</xmin>
      <ymin>0.91</ymin>
      <xmax>435.00</xmax>
      <ymax>173.64</ymax>
    </bndbox>
  </object>
  <object>
    <name>cabinet</name>
    <pose>Unspecified</pose>
    <truncated>0</truncated>
    <difficult>0</difficult>
    <bndbox>
      <xmin>250.91</xmin>
      <ymin>26.82</ymin>
      <xmax>320.00</xmax>
      <ymax>175.91</ymax>
    </bndbox>
  </object>
</annotation>