<?xml version="1.0" encoding="UTF-8" ?>
<annotation>
  <folder>RGB100W_542500000789_116450790432789372.jpg</folder>
  <filename>RGB100W_542500000789_116450790432789372.jpg</filename>
  <path>http://172.18.39.209:9000/aliimages1999999980/RGB100W_542500000789_116450790432789372.jpg</path>
  <source>
    <database>Unknown</database>
  </source>
  <size>
    <width>640</width>
    <height>360</height>
    <depth>0</depth>
  </size>
  <segmented>0</segmented>
  <object>
    <name>bed</name>
    <pose>Unspecified</pose>
    <truncated>0</truncated>
    <difficult>0</difficult>
    <bndbox>
      <xmin>0.91</xmin>
      <ymin>0.91</ymin>
      <xmax>526.82</xmax>
      <ymax>175.91</ymax>
    </bndbox>
  </object>
  <object>
    <name>cabinet</name>
    <pose>Unspecified</pose>
    <truncated>0</truncated>
    <difficult>0</difficult>
    <bndbox>
      <xmin>575.91</xmin>
      <ymin>0.91</ymin>
      <xmax>640.00</xmax>
      <ymax>170.91</ymax>
    </bndbox>
  </object>
  <object>
    <name>blanket</name>
    <pose>Unspecified</pose>
    <truncated>0</truncated>
    <difficult>0</difficult>
    <bndbox>
      <xmin>372.73</xmin>
      <ymin>221.82</ymin>
      <xmax>640.00</xmax>
      <ymax>360.00</ymax>
    </bndbox>
  </object>
</annotation>