<?xml version="1.0" encoding="UTF-8" ?>
<annotation>
  <folder>RGB100W_CRL30VDJ7B0030_116444739399674269.jpg</folder>
  <filename>RGB100W_CRL30VDJ7B0030_116444739399674269.jpg</filename>
  <path>http://172.18.39.209:9000/aliimages1999999996/RGB100W_CRL30VDJ7B0030_116444739399674269.jpg</path>
  <source>
    <database>Unknown</database>
  </source>
  <size>
    <width>640</width>
    <height>360</height>
    <depth>0</depth>
  </size>
  <segmented>0</segmented>
  <object>
    <name>cabinet</name>
    <pose>Unspecified</pose>
    <truncated>0</truncated>
    <difficult>0</difficult>
    <bndbox>
      <xmin>390.91</xmin>
      <ymin>3.64</ymin>
      <xmax>515.91</xmax>
      <ymax>195.00</ymax>
    </bndbox>
  </object>
</annotation>