<?xml version="1.0" encoding="UTF-8" ?>
<annotation>
  <folder>RGB100W_542500000133_116449266292163981.jpg</folder>
  <filename>RGB100W_542500000133_116449266292163981.jpg</filename>
  <path>http://172.18.39.209:9000/aliimages1999999980/RGB100W_542500000133_116449266292163981.jpg</path>
  <source>
    <database>Unknown</database>
  </source>
  <size>
    <width>640</width>
    <height>360</height>
    <depth>0</depth>
  </size>
  <segmented>0</segmented>
  <object>
    <name>metal_chair_foot</name>
    <pose>Unspecified</pose>
    <truncated>0</truncated>
    <difficult>0</difficult>
    <bndbox>
      <xmin>228.64</xmin>
      <ymin>136.82</ymin>
      <xmax>295.91</xmax>
      <ymax>151.82</ymax>
    </bndbox>
  </object>
  <object>
    <name>metal_chair_foot</name>
    <pose>Unspecified</pose>
    <truncated>0</truncated>
    <difficult>0</difficult>
    <bndbox>
      <xmin>306.82</xmin>
      <ymin>136.82</ymin>
      <xmax>370.91</xmax>
      <ymax>150.00</ymax>
    </bndbox>
  </object>
  <object>
    <name>shoe</name>
    <pose>Unspecified</pose>
    <truncated>0</truncated>
    <difficult>0</difficult>
    <bndbox>
      <xmin>500.91</xmin>
      <ymin>107.73</ymin>
      <xmax>640.00</xmax>
      <ymax>157.73</ymax>
    </bndbox>
  </object>
  <object>
    <name>cabinet</name>
    <pose>Unspecified</pose>
    <truncated>0</truncated>
    <difficult>0</difficult>
    <bndbox>
      <xmin>0.91</xmin>
      <ymin>0.91</ymin>
      <xmax>235.00</xmax>
      <ymax>157.73</ymax>
    </bndbox>
  </object>
</annotation>