<?xml version="1.0" encoding="UTF-8" ?>
<annotation>
  <folder>RGB100W_542500000118_116444737707443311.jpg</folder>
  <filename>RGB100W_542500000118_116444737707443311.jpg</filename>
  <path>http://172.18.39.209:9000/aliimages1999999996/RGB100W_542500000118_116444737707443311.jpg</path>
  <source>
    <database>Unknown</database>
  </source>
  <size>
    <width>640</width>
    <height>480</height>
    <depth>0</depth>
  </size>
  <segmented>0</segmented>
  <object>
    <name>cabinet</name>
    <pose>Unspecified</pose>
    <truncated>0</truncated>
    <difficult>0</difficult>
    <bndbox>
      <xmin>245.91</xmin>
      <ymin>0.91</ymin>
      <xmax>515.91</xmax>
      <ymax>245.00</ymax>
    </bndbox>
  </object>
</annotation>