<?xml version="1.0" encoding="UTF-8" ?>
<annotation>
  <folder>RGB100W_375468222_116451166711789595.jpg</folder>
  <filename>RGB100W_375468222_116451166711789595.jpg</filename>
  <path>http://172.18.39.209:9000/aliimages1999999980/RGB100W_375468222_116451166711789595.jpg</path>
  <source>
    <database>Unknown</database>
  </source>
  <size>
    <width>640</width>
    <height>360</height>
    <depth>0</depth>
  </size>
  <segmented>0</segmented>
  <object>
    <name>bed</name>
    <pose>Unspecified</pose>
    <truncated>0</truncated>
    <difficult>0</difficult>
    <bndbox>
      <xmin>158.64</xmin>
      <ymin>6.82</ymin>
      <xmax>542.73</xmax>
      <ymax>181.82</ymax>
    </bndbox>
  </object>
  <object>
    <name>cabinet</name>
    <pose>Unspecified</pose>
    <truncated>0</truncated>
    <difficult>0</difficult>
    <bndbox>
      <xmin>582.73</xmin>
      <ymin>86.82</ymin>
      <xmax>640.00</xmax>
      <ymax>155.00</ymax>
    </bndbox>
  </object>
  <object>
    <name>blanket</name>
    <pose>Unspecified</pose>
    <truncated>0</truncated>
    <difficult>0</difficult>
    <bndbox>
      <xmin>530.91</xmin>
      <ymin>153.64</ymin>
      <xmax>640.00</xmax>
      <ymax>163.64</ymax>
    </bndbox>
  </object>
</annotation>