<?xml version="1.0" encoding="UTF-8" ?>
<annotation>
  <folder>RGB100W_542500000064_116445950460601455.jpg</folder>
  <filename>RGB100W_542500000064_116445950460601455.jpg</filename>
  <path>http://172.18.39.209:9000/aliimages1999999980/RGB100W_542500000064_116445950460601455.jpg</path>
  <source>
    <database>Unknown</database>
  </source>
  <size>
    <width>640</width>
    <height>360</height>
    <depth>0</depth>
  </size>
  <segmented>0</segmented>
  <object>
    <name>cabinet</name>
    <pose>Unspecified</pose>
    <truncated>0</truncated>
    <difficult>0</difficult>
    <bndbox>
      <xmin>330.00</xmin>
      <ymin>46.82</ymin>
      <xmax>503.64</xmax>
      <ymax>221.82</ymax>
    </bndbox>
  </object>
  <object>
    <name>door_anno</name>
    <pose>Unspecified</pose>
    <truncated>0</truncated>
    <difficult>0</difficult>
    <bndbox>
      <xmin>170.91</xmin>
      <ymin>45.00</ymin>
      <xmax>253.64</xmax>
      <ymax>215.91</ymax>
    </bndbox>
  </object>
  <object>
    <name>door_anno</name>
    <pose>Unspecified</pose>
    <truncated>0</truncated>
    <difficult>0</difficult>
    <bndbox>
      <xmin>123.64</xmin>
      <ymin>0.91</ymin>
      <xmax>330.91</xmax>
      <ymax>235.00</ymax>
    </bndbox>
  </object>
</annotation>