<?xml version="1.0" encoding="UTF-8" ?>
<annotation>
  <folder>RGB100W_CRL30VDJ208Z2094_116446402868110241.jpg</folder>
  <filename>RGB100W_CRL30VDJ208Z2094_116446402868110241.jpg</filename>
  <path>http://172.18.39.209:9000/aliimages1999999980/RGB100W_CRL30VDJ208Z2094_116446402868110241.jpg</path>
  <source>
    <database>Unknown</database>
  </source>
  <size>
    <width>640</width>
    <height>360</height>
    <depth>0</depth>
  </size>
  <segmented>0</segmented>
  <object>
    <name>cabinet</name>
    <pose>Unspecified</pose>
    <truncated>0</truncated>
    <difficult>0</difficult>
    <bndbox>
      <xmin>307.73</xmin>
      <ymin>47.73</ymin>
      <xmax>465.91</xmax>
      <ymax>177.73</ymax>
    </bndbox>
  </object>
  <object>
    <name>bed</name>
    <pose>Unspecified</pose>
    <truncated>0</truncated>
    <difficult>0</difficult>
    <bndbox>
      <xmin>0.91</xmin>
      <ymin>0.91</ymin>
      <xmax>330.00</xmax>
      <ymax>176.82</ymax>
    </bndbox>
  </object>
  <object>
    <name>wire</name>
    <pose>Unspecified</pose>
    <truncated>0</truncated>
    <difficult>0</difficult>
    <bndbox>
      <xmin>347.73</xmin>
      <ymin>0.91</ymin>
      <xmax>387.73</xmax>
      <ymax>57.73</ymax>
    </bndbox>
  </object>
</annotation>