<?xml version="1.0" encoding="UTF-8" ?>
<annotation>
  <folder>RGB100W_542500001552_116455086044614613.jpg</folder>
  <filename>RGB100W_542500001552_116455086044614613.jpg</filename>
  <path>http://172.18.39.209:9000/aliimages1999999990/RGB100W_542500001552_116455086044614613.jpg</path>
  <source>
    <database>Unknown</database>
  </source>
  <size>
    <width>640</width>
    <height>360</height>
    <depth>0</depth>
  </size>
  <segmented>0</segmented>
  <object>
    <name>cabinet</name>
    <pose>Unspecified</pose>
    <truncated>0</truncated>
    <difficult>0</difficult>
    <bndbox>
      <xmin>198.64</xmin>
      <ymin>82.73</ymin>
      <xmax>283.64</xmax>
      <ymax>186.82</ymax>
    </bndbox>
  </object>
  <object>
    <name>bed1</name>
    <pose>Unspecified</pose>
    <truncated>0</truncated>
    <difficult>0</difficult>
    <bndbox>
      <xmin>272.73</xmin>
      <ymin>0.91</ymin>
      <xmax>640.00</xmax>
      <ymax>190.00</ymax>
    </bndbox>
  </object>
  <object>
    <name>wire</name>
    <pose>Unspecified</pose>
    <truncated>0</truncated>
    <difficult>0</difficult>
    <bndbox>
      <xmin>240.00</xmin>
      <ymin>35.91</ymin>
      <xmax>256.82</xmax>
      <ymax>83.64</ymax>
    </bndbox>
  </object>
</annotation>