<?xml version="1.0" encoding="UTF-8" ?>
<annotation>
  <folder>RGB100W_277985938_116445551657091907.jpg</folder>
  <filename>RGB100W_277985938_116445551657091907.jpg</filename>
  <path>http://172.18.39.209:9000/aliimages2021122805/RGB100W_277985938_116445551657091907.jpg</path>
  <source>
    <database>Unknown</database>
  </source>
  <size>
    <width>1280</width>
    <height>719</height>
    <depth>0</depth>
  </size>
  <segmented>0</segmented>
  <object>
    <name>person_leg</name>
    <pose>Unspecified</pose>
    <truncated>0</truncated>
    <difficult>0</difficult>
    <bndbox>
      <xmin>0.91</xmin>
      <ymin>0.91</ymin>
      <xmax>186.69</xmax>
      <ymax>381.53</ymax>
    </bndbox>
  </object>
  <object>
    <name>sofa</name>
    <pose>Unspecified</pose>
    <truncated>0</truncated>
    <difficult>0</difficult>
    <bndbox>
      <xmin>0.91</xmin>
      <ymin>0.91</ymin>
      <xmax>677.88</xmax>
      <ymax>363.41</ymax>
    </bndbox>
  </object>
  <object>
    <name>slipper</name>
    <pose>Unspecified</pose>
    <truncated>0</truncated>
    <difficult>0</difficult>
    <bndbox>
      <xmin>35.34</xmin>
      <ymin>285.47</ymin>
      <xmax>182.16</xmax>
      <ymax>387.88</ymax>
    </bndbox>
  </object>
  <object>
    <name>cabinet</name>
    <pose>Unspecified</pose>
    <truncated>0</truncated>
    <difficult>0</difficult>
    <bndbox>
      <xmin>669.73</xmin>
      <ymin>51.66</ymin>
      <xmax>991.45</xmax>
      <ymax>352.53</ymax>
    </bndbox>
  </object>
  <object>
    <name>charger</name>
    <pose>Unspecified</pose>
    <truncated>0</truncated>
    <difficult>0</difficult>
    <bndbox>
      <xmin>727.73</xmin>
      <ymin>279.13</ymin>
      <xmax>848.26</xmax>
      <ymax>361.60</ymax>
    </bndbox>
  </object>
  <object>
    <name>bed_1</name>
    <pose>Unspecified</pose>
    <truncated>0</truncated>
    <difficult>0</difficult>
    <bndbox>
      <xmin>875.45</xmin>
      <ymin>0.91</ymin>
      <xmax>1279.64</xmax>
      <ymax>283.66</ymax>
    </bndbox>
  </object>
  <object>
    <name>trash_can</name>
    <pose>Unspecified</pose>
    <truncated>0</truncated>
    <difficult>0</difficult>
    <bndbox>
      <xmin>151.35</xmin>
      <ymin>34.44</ymin>
      <xmax>464.91</xmax>
      <ymax>391.50</ymax>
    </bndbox>
  </object>
</annotation>