<?xml version="1.0" encoding="UTF-8" ?>
<annotation>
  <folder>RGB100W_277985926_116444737469243544.jpg</folder>
  <filename>RGB100W_277985926_116444737469243544.jpg</filename>
  <path>http://172.18.39.209:9000/aliimages2021122805/RGB100W_277985926_116444737469243544.jpg</path>
  <source>
    <database>Unknown</database>
  </source>
  <size>
    <width>1280</width>
    <height>719</height>
    <depth>0</depth>
  </size>
  <segmented>0</segmented>
  <object>
    <name>person_leg</name>
    <pose>Unspecified</pose>
    <truncated>0</truncated>
    <difficult>0</difficult>
    <bndbox>
      <xmin>849.16</xmin>
      <ymin>1.81</ymin>
      <xmax>940.70</xmax>
      <ymax>369.75</ymax>
    </bndbox>
  </object>
  <object>
    <name>person_leg</name>
    <pose>Unspecified</pose>
    <truncated>0</truncated>
    <difficult>0</difficult>
    <bndbox>
      <xmin>946.13</xmin>
      <ymin>15.41</ymin>
      <xmax>1044.92</xmax>
      <ymax>391.50</ymax>
    </bndbox>
  </object>
  <object>
    <name>wire</name>
    <pose>Unspecified</pose>
    <truncated>0</truncated>
    <difficult>0</difficult>
    <bndbox>
      <xmin>268.25</xmin>
      <ymin>357.97</ymin>
      <xmax>418.69</xmax>
      <ymax>434.10</ymax>
    </bndbox>
  </object>
  <object>
    <name>wire</name>
    <pose>Unspecified</pose>
    <truncated>0</truncated>
    <difficult>0</difficult>
    <bndbox>
      <xmin>0.91</xmin>
      <ymin>0.91</ymin>
      <xmax>423.22</xmax>
      <ymax>325.35</ymax>
    </bndbox>
  </object>
  <object>
    <name>cabinet</name>
    <pose>Unspecified</pose>
    <truncated>0</truncated>
    <difficult>0</difficult>
    <bndbox>
      <xmin>344.38</xmin>
      <ymin>185.78</ymin>
      <xmax>528.35</xmax>
      <ymax>368.85</ymax>
    </bndbox>
  </object>
  <object>
    <name>TV_stand</name>
    <pose>Unspecified</pose>
    <truncated>0</truncated>
    <difficult>0</difficult>
    <bndbox>
      <xmin>646.16</xmin>
      <ymin>200.28</ymin>
      <xmax>943.42</xmax>
      <ymax>364.32</ymax>
    </bndbox>
  </object>
  <object>
    <name>slipper</name>
    <pose>Unspecified</pose>
    <truncated>0</truncated>
    <difficult>0</difficult>
    <bndbox>
      <xmin>969.70</xmin>
      <ymin>346.19</ymin>
      <xmax>1042.20</xmax>
      <ymax>387.88</ymax>
    </bndbox>
  </object>
  <object>
    <name>slipper</name>
    <pose>Unspecified</pose>
    <truncated>0</truncated>
    <difficult>0</difficult>
    <bndbox>
      <xmin>850.98</xmin>
      <ymin>291.82</ymin>
      <xmax>937.07</xmax>
      <ymax>371.57</ymax>
    </bndbox>
  </object>
</annotation>