<?xml version="1.0" encoding="UTF-8" ?>
<annotation>
  <folder>RGB100W_375468222_116447439371490799.jpg</folder>
  <filename>RGB100W_375468222_116447439371490799.jpg</filename>
  <path>http://172.18.39.209:9000/aliimages1999999980/RGB100W_375468222_116447439371490799.jpg</path>
  <source>
    <database>Unknown</database>
  </source>
  <size>
    <width>640</width>
    <height>360</height>
    <depth>0</depth>
  </size>
  <segmented>0</segmented>
  <object>
    <name>cabinet</name>
    <pose>Unspecified</pose>
    <truncated>0</truncated>
    <difficult>0</difficult>
    <bndbox>
      <xmin>0.91</xmin>
      <ymin>21.82</ymin>
      <xmax>87.73</xmax>
      <ymax>186.82</ymax>
    </bndbox>
  </object>
  <object>
    <name>TV_stand</name>
    <pose>Unspecified</pose>
    <truncated>0</truncated>
    <difficult>0</difficult>
    <bndbox>
      <xmin>148.64</xmin>
      <ymin>93.64</ymin>
      <xmax>243.64</xmax>
      <ymax>178.64</ymax>
    </bndbox>
  </object>
  <object>
    <name>blanket</name>
    <pose>Unspecified</pose>
    <truncated>0</truncated>
    <difficult>0</difficult>
    <bndbox>
      <xmin>347.73</xmin>
      <ymin>93.64</ymin>
      <xmax>640.00</xmax>
      <ymax>187.73</ymax>
    </bndbox>
  </object>
  <object>
    <name>tea_table</name>
    <pose>Unspecified</pose>
    <truncated>0</truncated>
    <difficult>0</difficult>
    <bndbox>
      <xmin>345.91</xmin>
      <ymin>107.73</ymin>
      <xmax>400.00</xmax>
      <ymax>178.64</ymax>
    </bndbox>
  </object>
</annotation>