<?xml version="1.0" encoding="UTF-8" ?>
<annotation>
  <folder>RGB100W_542500001552_116455116854925800.jpg</folder>
  <filename>RGB100W_542500001552_116455116854925800.jpg</filename>
  <path>http://172.18.39.209:9000/aliimages1999999980/RGB100W_542500001552_116455116854925800.jpg</path>
  <source>
    <database>Unknown</database>
  </source>
  <size>
    <width>640</width>
    <height>360</height>
    <depth>0</depth>
  </size>
  <segmented>0</segmented>
  <object>
    <name>cabinet</name>
    <pose>Unspecified</pose>
    <truncated>0</truncated>
    <difficult>0</difficult>
    <bndbox>
      <xmin>145.00</xmin>
      <ymin>35.00</ymin>
      <xmax>272.73</xmax>
      <ymax>195.00</ymax>
    </bndbox>
  </object>
</annotation>