<?xml version="1.0" encoding="UTF-8" ?>
<annotation>
  <folder>RGB100W_542500000112_116444788228943731.jpg</folder>
  <filename>RGB100W_542500000112_116444788228943731.jpg</filename>
  <path>http://172.18.39.209:9000/aliimages1999999980/RGB100W_542500000112_116444788228943731.jpg</path>
  <source>
    <database>Unknown</database>
  </source>
  <size>
    <width>640</width>
    <height>360</height>
    <depth>0</depth>
  </size>
  <segmented>0</segmented>
  <object>
    <name>cabinet</name>
    <pose>Unspecified</pose>
    <truncated>0</truncated>
    <difficult>0</difficult>
    <bndbox>
      <xmin>351.82</xmin>
      <ymin>7.73</ymin>
      <xmax>445.00</xmax>
      <ymax>157.73</ymax>
    </bndbox>
  </object>
</annotation>