<?xml version="1.0" encoding="UTF-8" ?>
<annotation>
  <folder>RGB100W_277985938_116445658744356897.jpg</folder>
  <filename>RGB100W_277985938_116445658744356897.jpg</filename>
  <path>http://172.18.39.209:9000/aliimages1999999990/RGB100W_277985938_116445658744356897.jpg</path>
  <source>
    <database>Unknown</database>
  </source>
  <size>
    <width>642</width>
    <height>361</height>
    <depth>0</depth>
  </size>
  <segmented>0</segmented>
  <object>
    <name>wire</name>
    <pose>Unspecified</pose>
    <truncated>0</truncated>
    <difficult>0</difficult>
    <bndbox>
      <xmin>341.36</xmin>
      <ymin>0.45</ymin>
      <xmax>371.82</xmax>
      <ymax>154.09</ymax>
    </bndbox>
  </object>
  <object>
    <name>cabinet</name>
    <pose>Unspecified</pose>
    <truncated>0</truncated>
    <difficult>0</difficult>
    <bndbox>
      <xmin>482.73</xmin>
      <ymin>0.45</ymin>
      <xmax>641.82</xmax>
      <ymax>158.18</ymax>
    </bndbox>
  </object>
  <object>
    <name>socks</name>
    <pose>Unspecified</pose>
    <truncated>0</truncated>
    <difficult>0</difficult>
    <bndbox>
      <xmin>138.18</xmin>
      <ymin>119.55</ymin>
      <xmax>323.18</xmax>
      <ymax>241.36</ymax>
    </bndbox>
  </object>
  <object>
    <name>bed1</name>
    <pose>Unspecified</pose>
    <truncated>0</truncated>
    <difficult>0</difficult>
    <bndbox>
      <xmin>0.45</xmin>
      <ymin>0.45</ymin>
      <xmax>341.36</xmax>
      <ymax>163.64</ymax>
    </bndbox>
  </object>
</annotation>