<?xml version="1.0" encoding="UTF-8" ?>
<annotation>
  <folder>RGB100W_277985938_116445659027647681.jpg</folder>
  <filename>RGB100W_277985938_116445659027647681.jpg</filename>
  <path>http://172.18.39.209:9000/aliimages1999999984/RGB100W_277985938_116445659027647681.jpg</path>
  <source>
    <database>Unknown</database>
  </source>
  <size>
    <width>642</width>
    <height>361</height>
    <depth>0</depth>
  </size>
  <segmented>0</segmented>
  <object>
    <name>socks</name>
    <pose>Unspecified</pose>
    <truncated>0</truncated>
    <difficult>0</difficult>
    <bndbox>
      <xmin>77.73</xmin>
      <ymin>128.18</ymin>
      <xmax>221.82</xmax>
      <ymax>226.82</ymax>
    </bndbox>
  </object>
  <object>
    <name>cabinet</name>
    <pose>Unspecified</pose>
    <truncated>0</truncated>
    <difficult>0</difficult>
    <bndbox>
      <xmin>395.91</xmin>
      <ymin>14.09</ymin>
      <xmax>571.36</xmax>
      <ymax>167.73</ymax>
    </bndbox>
  </object>
</annotation>