<?xml version="1.0" encoding="UTF-8" ?>
<annotation>
  <folder>RGB100W_375468222_116449442569935761.jpg</folder>
  <filename>RGB100W_375468222_116449442569935761.jpg</filename>
  <path>http://172.18.39.209:9000/aliimages1999999980/RGB100W_375468222_116449442569935761.jpg</path>
  <source>
    <database>Unknown</database>
  </source>
  <size>
    <width>640</width>
    <height>360</height>
    <depth>0</depth>
  </size>
  <segmented>0</segmented>
  <object>
    <name>TV_stand</name>
    <pose>Unspecified</pose>
    <truncated>0</truncated>
    <difficult>0</difficult>
    <bndbox>
      <xmin>255.91</xmin>
      <ymin>0.91</ymin>
      <xmax>640.00</xmax>
      <ymax>185.00</ymax>
    </bndbox>
  </object>
  <object>
    <name>cabinet</name>
    <pose>Unspecified</pose>
    <truncated>0</truncated>
    <difficult>0</difficult>
    <bndbox>
      <xmin>53.64</xmin>
      <ymin>61.82</ymin>
      <xmax>141.82</xmax>
      <ymax>180.91</ymax>
    </bndbox>
  </object>
</annotation>