<?xml version="1.0" encoding="UTF-8" ?>
<annotation>
  <folder>RGB100W_542500000064_116456439912436722.jpg</folder>
  <filename>RGB100W_542500000064_116456439912436722.jpg</filename>
  <path>http://172.18.39.209:9000/aliimages1999999980/RGB100W_542500000064_116456439912436722.jpg</path>
  <source>
    <database>Unknown</database>
  </source>
  <size>
    <width>640</width>
    <height>360</height>
    <depth>0</depth>
  </size>
  <segmented>0</segmented>
  <object>
    <name>metal_chair_foot</name>
    <pose>Unspecified</pose>
    <truncated>0</truncated>
    <difficult>0</difficult>
    <bndbox>
      <xmin>0.91</xmin>
      <ymin>126.82</ymin>
      <xmax>555.91</xmax>
      <ymax>185.00</ymax>
    </bndbox>
  </object>
  <object>
    <name>door_anno</name>
    <pose>Unspecified</pose>
    <truncated>0</truncated>
    <difficult>0</difficult>
    <bndbox>
      <xmin>232.73</xmin>
      <ymin>0.91</ymin>
      <xmax>310.00</xmax>
      <ymax>125.91</ymax>
    </bndbox>
  </object>
  <object>
    <name>cabinet</name>
    <pose>Unspecified</pose>
    <truncated>0</truncated>
    <difficult>0</difficult>
    <bndbox>
      <xmin>365.91</xmin>
      <ymin>1.82</ymin>
      <xmax>542.73</xmax>
      <ymax>141.82</ymax>
    </bndbox>
  </object>
  <object>
    <name>door_anno</name>
    <pose>Unspecified</pose>
    <truncated>0</truncated>
    <difficult>0</difficult>
    <bndbox>
      <xmin>195.00</xmin>
      <ymin>0.91</ymin>
      <xmax>365.91</xmax>
      <ymax>140.00</ymax>
    </bndbox>
  </object>
</annotation>