<?xml version="1.0" encoding="UTF-8" ?>
<annotation>
  <folder>RGB100W_542500001557_116450703022300089.jpg</folder>
  <filename>RGB100W_542500001557_116450703022300089.jpg</filename>
  <path>http://172.18.39.209:9000/aliimages1999999990/RGB100W_542500001557_116450703022300089.jpg</path>
  <source>
    <database>Unknown</database>
  </source>
  <size>
    <width>640</width>
    <height>360</height>
    <depth>0</depth>
  </size>
  <segmented>0</segmented>
  <object>
    <name>blanket</name>
    <pose>Unspecified</pose>
    <truncated>0</truncated>
    <difficult>0</difficult>
    <bndbox>
      <xmin>345.00</xmin>
      <ymin>167.73</ymin>
      <xmax>603.64</xmax>
      <ymax>193.64</ymax>
    </bndbox>
  </object>
  <object>
    <name>cabinet</name>
    <pose>Unspecified</pose>
    <truncated>0</truncated>
    <difficult>0</difficult>
    <bndbox>
      <xmin>63.64</xmin>
      <ymin>0.91</ymin>
      <xmax>338.64</xmax>
      <ymax>210.00</ymax>
    </bndbox>
  </object>
</annotation>