<?xml version="1.0" encoding="UTF-8" ?>
<annotation>
  <folder>RGB100W_CRL30VDJ208Z2094_116468043086091188.jpg</folder>
  <filename>RGB100W_CRL30VDJ208Z2094_116468043086091188.jpg</filename>
  <path>http://172.18.39.209:9000/aliimages1999999980/RGB100W_CRL30VDJ208Z2094_116468043086091188.jpg</path>
  <source>
    <database>Unknown</database>
  </source>
  <size>
    <width>640</width>
    <height>360</height>
    <depth>0</depth>
  </size>
  <segmented>0</segmented>
  <object>
    <name>cabinet</name>
    <pose>Unspecified</pose>
    <truncated>0</truncated>
    <difficult>0</difficult>
    <bndbox>
      <xmin>160.91</xmin>
      <ymin>60.00</ymin>
      <xmax>247.73</xmax>
      <ymax>170.00</ymax>
    </bndbox>
  </object>
  <object>
    <name>bed</name>
    <pose>Unspecified</pose>
    <truncated>0</truncated>
    <difficult>0</difficult>
    <bndbox>
      <xmin>0.91</xmin>
      <ymin>23.64</ymin>
      <xmax>122.73</xmax>
      <ymax>175.00</ymax>
    </bndbox>
  </object>
</annotation>