<?xml version="1.0" encoding="UTF-8" ?>
<annotation>
  <folder>RGB100W_542500000129_116448036127685345.jpg</folder>
  <filename>RGB100W_542500000129_116448036127685345.jpg</filename>
  <path>http://172.18.39.209:9000/aliimages1999999980/RGB100W_542500000129_116448036127685345.jpg</path>
  <source>
    <database>Unknown</database>
  </source>
  <size>
    <width>640</width>
    <height>360</height>
    <depth>0</depth>
  </size>
  <segmented>0</segmented>
  <object>
    <name>cabinet</name>
    <pose>Unspecified</pose>
    <truncated>0</truncated>
    <difficult>0</difficult>
    <bndbox>
      <xmin>190.91</xmin>
      <ymin>78.64</ymin>
      <xmax>286.82</xmax>
      <ymax>150.00</ymax>
    </bndbox>
  </object>
  <object>
    <name>shoe</name>
    <pose>Unspecified</pose>
    <truncated>0</truncated>
    <difficult>0</difficult>
    <bndbox>
      <xmin>350.00</xmin>
      <ymin>105.91</ymin>
      <xmax>445.91</xmax>
      <ymax>165.00</ymax>
    </bndbox>
  </object>
  <object>
    <name>shoe</name>
    <pose>Unspecified</pose>
    <truncated>0</truncated>
    <difficult>0</difficult>
    <bndbox>
      <xmin>442.73</xmin>
      <ymin>100.00</ymin>
      <xmax>508.64</xmax>
      <ymax>171.82</ymax>
    </bndbox>
  </object>
  <object>
    <name>bed</name>
    <pose>Unspecified</pose>
    <truncated>0</truncated>
    <difficult>0</difficult>
    <bndbox>
      <xmin>265.00</xmin>
      <ymin>0.91</ymin>
      <xmax>455.91</xmax>
      <ymax>153.64</ymax>
    </bndbox>
  </object>
</annotation>