<?xml version="1.0" encoding="UTF-8" ?>
<annotation>
  <folder>RGB100W_375468222_116449438507629477.jpg</folder>
  <filename>RGB100W_375468222_116449438507629477.jpg</filename>
  <path>http://172.18.39.209:9000/aliimages1999999980/RGB100W_375468222_116449438507629477.jpg</path>
  <source>
    <database>Unknown</database>
  </source>
  <size>
    <width>640</width>
    <height>360</height>
    <depth>0</depth>
  </size>
  <segmented>0</segmented>
  <object>
    <name>TV_stand</name>
    <pose>Unspecified</pose>
    <truncated>0</truncated>
    <difficult>0</difficult>
    <bndbox>
      <xmin>345.91</xmin>
      <ymin>73.64</ymin>
      <xmax>462.73</xmax>
      <ymax>178.64</ymax>
    </bndbox>
  </object>
  <object>
    <name>cabinet</name>
    <pose>Unspecified</pose>
    <truncated>0</truncated>
    <difficult>0</difficult>
    <bndbox>
      <xmin>102.73</xmin>
      <ymin>0.91</ymin>
      <xmax>262.73</xmax>
      <ymax>191.82</ymax>
    </bndbox>
  </object>
</annotation>