<?xml version="1.0" encoding="UTF-8" ?>
<annotation>
  <folder>RGB100W_277985938_116445593406468160.jpg</folder>
  <filename>RGB100W_277985938_116445593406468160.jpg</filename>
  <path>http://172.18.39.209:9000/aliimages1999999984/RGB100W_277985938_116445593406468160.jpg</path>
  <source>
    <database>Unknown</database>
  </source>
  <size>
    <width>642</width>
    <height>361</height>
    <depth>0</depth>
  </size>
  <segmented>0</segmented>
  <object>
    <name>cabinet</name>
    <pose>Unspecified</pose>
    <truncated>0</truncated>
    <difficult>0</difficult>
    <bndbox>
      <xmin>584.09</xmin>
      <ymin>32.27</ymin>
      <xmax>641.82</xmax>
      <ymax>150.45</ymax>
    </bndbox>
  </object>
  <object>
    <name>bed</name>
    <pose>Unspecified</pose>
    <truncated>0</truncated>
    <difficult>0</difficult>
    <bndbox>
      <xmin>0.45</xmin>
      <ymin>0.45</ymin>
      <xmax>509.55</xmax>
      <ymax>165.00</ymax>
    </bndbox>
  </object>
  <object>
    <name>socks</name>
    <pose>Unspecified</pose>
    <truncated>0</truncated>
    <difficult>0</difficult>
    <bndbox>
      <xmin>310.45</xmin>
      <ymin>134.55</ymin>
      <xmax>351.82</xmax>
      <ymax>158.18</ymax>
    </bndbox>
  </object>
  <object>
    <name>shoe</name>
    <pose>Unspecified</pose>
    <truncated>0</truncated>
    <difficult>0</difficult>
    <bndbox>
      <xmin>500.45</xmin>
      <ymin>122.73</ymin>
      <xmax>516.36</xmax>
      <ymax>145.91</ymax>
    </bndbox>
  </object>
  <object>
    <name>shoe</name>
    <pose>Unspecified</pose>
    <truncated>0</truncated>
    <difficult>0</difficult>
    <bndbox>
      <xmin>476.82</xmin>
      <ymin>120.45</ymin>
      <xmax>495.91</xmax>
      <ymax>144.09</ymax>
    </bndbox>
  </object>
  <object>
    <name>slipper</name>
    <pose>Unspecified</pose>
    <truncated>0</truncated>
    <difficult>0</difficult>
    <bndbox>
      <xmin>535.00</xmin>
      <ymin>134.09</ymin>
      <xmax>555.91</xmax>
      <ymax>148.64</ymax>
    </bndbox>
  </object>
</annotation>