<?xml version="1.0" encoding="UTF-8" ?>
<annotation>
  <folder>RGB100W_542500000064_116450107431315021.jpg</folder>
  <filename>RGB100W_542500000064_116450107431315021.jpg</filename>
  <path>http://172.18.39.209:9000/aliimages1999999980/RGB100W_542500000064_116450107431315021.jpg</path>
  <source>
    <database>Unknown</database>
  </source>
  <size>
    <width>640</width>
    <height>360</height>
    <depth>0</depth>
  </size>
  <segmented>0</segmented>
  <object>
    <name>cabinet</name>
    <pose>Unspecified</pose>
    <truncated>0</truncated>
    <difficult>0</difficult>
    <bndbox>
      <xmin>283.64</xmin>
      <ymin>43.64</ymin>
      <xmax>380.91</xmax>
      <ymax>180.00</ymax>
    </bndbox>
  </object>
  <object>
    <name>bed</name>
    <pose>Unspecified</pose>
    <truncated>0</truncated>
    <difficult>0</difficult>
    <bndbox>
      <xmin>0.91</xmin>
      <ymin>0.91</ymin>
      <xmax>220.00</xmax>
      <ymax>195.91</ymax>
    </bndbox>
  </object>
</annotation>