<?xml version="1.0" encoding="UTF-8" ?>
<annotation>
  <folder>RGB100W_CRL9993I202006069999_1591699109252838.jpg</folder>
  <filename>RGB100W_CRL9993I202006069999_1591699109252838.jpg</filename>
  <path>http://172.18.39.209:9000/aliimages1999999990/RGB100W_CRL9993I202006069999_1591699109252838.jpg</path>
  <source>
    <database>Unknown</database>
  </source>
  <size>
    <width>642</width>
    <height>361</height>
    <depth>0</depth>
  </size>
  <segmented>0</segmented>
  <object>
    <name>cabinet</name>
    <pose>Unspecified</pose>
    <truncated>0</truncated>
    <difficult>0</difficult>
    <bndbox>
      <xmin>59.55</xmin>
      <ymin>0.45</ymin>
      <xmax>350.91</xmax>
      <ymax>215.91</ymax>
    </bndbox>
  </object>
</annotation>