<?xml version="1.0" encoding="UTF-8" ?>
<annotation>
  <folder>RGB100W_542500000064_116470533124660782.jpg</folder>
  <filename>RGB100W_542500000064_116470533124660782.jpg</filename>
  <path>http://172.18.39.209:9000/aliimages1999999980/RGB100W_542500000064_116470533124660782.jpg</path>
  <source>
    <database>Unknown</database>
  </source>
  <size>
    <width>640</width>
    <height>360</height>
    <depth>0</depth>
  </size>
  <segmented>0</segmented>
  <object>
    <name>cabinet</name>
    <pose>Unspecified</pose>
    <truncated>0</truncated>
    <difficult>0</difficult>
    <bndbox>
      <xmin>235.00</xmin>
      <ymin>55.00</ymin>
      <xmax>325.91</xmax>
      <ymax>182.73</ymax>
    </bndbox>
  </object>
  <object>
    <name>bed</name>
    <pose>Unspecified</pose>
    <truncated>0</truncated>
    <difficult>0</difficult>
    <bndbox>
      <xmin>0.91</xmin>
      <ymin>0.91</ymin>
      <xmax>190.91</xmax>
      <ymax>195.00</ymax>
    </bndbox>
  </object>
  <object>
    <name>wire</name>
    <pose>Unspecified</pose>
    <truncated>0</truncated>
    <difficult>0</difficult>
    <bndbox>
      <xmin>532.73</xmin>
      <ymin>53.64</ymin>
      <xmax>572.73</xmax>
      <ymax>186.82</ymax>
    </bndbox>
  </object>
</annotation>