<?xml version="1.0" encoding="UTF-8" ?>
<annotation>
  <folder>RGB100W_542500001552_116455123829735904.jpg</folder>
  <filename>RGB100W_542500001552_116455123829735904.jpg</filename>
  <path>http://172.18.39.209:9000/aliimages1999999990/RGB100W_542500001552_116455123829735904.jpg</path>
  <source>
    <database>Unknown</database>
  </source>
  <size>
    <width>640</width>
    <height>360</height>
    <depth>0</depth>
  </size>
  <segmented>0</segmented>
  <object>
    <name>cabinet</name>
    <pose>Unspecified</pose>
    <truncated>0</truncated>
    <difficult>0</difficult>
    <bndbox>
      <xmin>100.91</xmin>
      <ymin>92.73</ymin>
      <xmax>175.00</xmax>
      <ymax>185.91</ymax>
    </bndbox>
  </object>
  <object>
    <name>bed1</name>
    <pose>Unspecified</pose>
    <truncated>0</truncated>
    <difficult>0</difficult>
    <bndbox>
      <xmin>175.91</xmin>
      <ymin>20.00</ymin>
      <xmax>565.00</xmax>
      <ymax>190.00</ymax>
    </bndbox>
  </object>
</annotation>