<?xml version="1.0" encoding="UTF-8" ?>
<annotation>
  <folder>RGB100W_542500001552_116455101197926678.jpg</folder>
  <filename>RGB100W_542500001552_116455101197926678.jpg</filename>
  <path>http://172.18.39.209:9000/aliimages1999999990/RGB100W_542500001552_116455101197926678.jpg</path>
  <source>
    <database>Unknown</database>
  </source>
  <size>
    <width>640</width>
    <height>360</height>
    <depth>0</depth>
  </size>
  <segmented>0</segmented>
  <object>
    <name>cabinet</name>
    <pose>Unspecified</pose>
    <truncated>0</truncated>
    <difficult>0</difficult>
    <bndbox>
      <xmin>98.64</xmin>
      <ymin>0.91</ymin>
      <xmax>255.00</xmax>
      <ymax>195.00</ymax>
    </bndbox>
  </object>
  <object>
    <name>wire</name>
    <pose>Unspecified</pose>
    <truncated>0</truncated>
    <difficult>0</difficult>
    <bndbox>
      <xmin>251.82</xmin>
      <ymin>50.00</ymin>
      <xmax>275.00</xmax>
      <ymax>165.91</ymax>
    </bndbox>
  </object>
</annotation>