<?xml version="1.0" encoding="UTF-8" ?>
<annotation>
  <folder>RGB100W_542500001124_116448831957854163.jpg</folder>
  <filename>RGB100W_542500001124_116448831957854163.jpg</filename>
  <path>http://172.18.39.209:9000/aliimages1999999980/RGB100W_542500001124_116448831957854163.jpg</path>
  <source>
    <database>Unknown</database>
  </source>
  <size>
    <width>640</width>
    <height>360</height>
    <depth>0</depth>
  </size>
  <segmented>0</segmented>
  <object>
    <name>wire</name>
    <pose>Unspecified</pose>
    <truncated>0</truncated>
    <difficult>0</difficult>
    <bndbox>
      <xmin>110.00</xmin>
      <ymin>95.00</ymin>
      <xmax>272.73</xmax>
      <ymax>180.91</ymax>
    </bndbox>
  </object>
  <object>
    <name>cabinet</name>
    <pose>Unspecified</pose>
    <truncated>0</truncated>
    <difficult>0</difficult>
    <bndbox>
      <xmin>271.82</xmin>
      <ymin>70.91</ymin>
      <xmax>350.00</xmax>
      <ymax>176.82</ymax>
    </bndbox>
  </object>
</annotation>