<?xml version="1.0" encoding="UTF-8" ?>
<annotation>
  <folder>RGB100W_277985938_116445732003917286.jpg</folder>
  <filename>RGB100W_277985938_116445732003917286.jpg</filename>
  <path>http://172.18.39.209:9000/aliimages1999999996/RGB100W_277985938_116445732003917286.jpg</path>
  <source>
    <database>Unknown</database>
  </source>
  <size>
    <width>642</width>
    <height>361</height>
    <depth>0</depth>
  </size>
  <segmented>0</segmented>
  <object>
    <name>sofa_1</name>
    <pose>Unspecified</pose>
    <truncated>0</truncated>
    <difficult>0</difficult>
    <bndbox>
      <xmin>0.45</xmin>
      <ymin>19.55</ymin>
      <xmax>291.82</xmax>
      <ymax>179.55</ymax>
    </bndbox>
  </object>
  <object>
    <name>bed</name>
    <pose>Unspecified</pose>
    <truncated>0</truncated>
    <difficult>0</difficult>
    <bndbox>
      <xmin>345.91</xmin>
      <ymin>0.45</ymin>
      <xmax>641.82</xmax>
      <ymax>166.36</ymax>
    </bndbox>
  </object>
  <object>
    <name>cabinet</name>
    <pose>Unspecified</pose>
    <truncated>0</truncated>
    <difficult>0</difficult>
    <bndbox>
      <xmin>282.73</xmin>
      <ymin>67.27</ymin>
      <xmax>395.45</xmax>
      <ymax>170.45</ymax>
    </bndbox>
  </object>
</annotation>