<?xml version="1.0" encoding="UTF-8" ?>
<annotation>
  <folder>RGB100W_542500000064_116448775469335220 - 副本.jpg</folder>
  <filename>RGB100W_542500000064_116448775469335220 - 副本.jpg</filename>
  <path>http://172.18.39.209:9000/aliimages1999999980/RGB100W_542500000064_116448775469335220 - 副本.jpg</path>
  <source>
    <database>Unknown</database>
  </source>
  <size>
    <width>640</width>
    <height>360</height>
    <depth>0</depth>
  </size>
  <segmented>0</segmented>
  <object>
    <name>bed</name>
    <pose>Unspecified</pose>
    <truncated>0</truncated>
    <difficult>0</difficult>
    <bndbox>
      <xmin>403.64</xmin>
      <ymin>0.91</ymin>
      <xmax>640.00</xmax>
      <ymax>162.73</ymax>
    </bndbox>
  </object>
  <object>
    <name>cabinet</name>
    <pose>Unspecified</pose>
    <truncated>0</truncated>
    <difficult>0</difficult>
    <bndbox>
      <xmin>320.00</xmin>
      <ymin>66.82</ymin>
      <xmax>421.82</xmax>
      <ymax>177.73</ymax>
    </bndbox>
  </object>
</annotation>