<?xml version="1.0" encoding="UTF-8" ?>
<annotation>
  <folder>RGB100W_542500001496_116444850751331106.jpg</folder>
  <filename>RGB100W_542500001496_116444850751331106.jpg</filename>
  <path>http://172.18.39.209:9000/aliimages1999999980/RGB100W_542500001496_116444850751331106.jpg</path>
  <source>
    <database>Unknown</database>
  </source>
  <size>
    <width>640</width>
    <height>360</height>
    <depth>0</depth>
  </size>
  <segmented>0</segmented>
  <object>
    <name>blanket</name>
    <pose>Unspecified</pose>
    <truncated>0</truncated>
    <difficult>0</difficult>
    <bndbox>
      <xmin>0.91</xmin>
      <ymin>200.91</ymin>
      <xmax>640.00</xmax>
      <ymax>360.00</ymax>
    </bndbox>
  </object>
  <object>
    <name>sofa</name>
    <pose>Unspecified</pose>
    <truncated>0</truncated>
    <difficult>0</difficult>
    <bndbox>
      <xmin>461.82</xmin>
      <ymin>90.00</ymin>
      <xmax>640.00</xmax>
      <ymax>175.91</ymax>
    </bndbox>
  </object>
  <object>
    <name>cabinet</name>
    <pose>Unspecified</pose>
    <truncated>0</truncated>
    <difficult>0</difficult>
    <bndbox>
      <xmin>405.91</xmin>
      <ymin>80.00</ymin>
      <xmax>458.64</xmax>
      <ymax>166.82</ymax>
    </bndbox>
  </object>
</annotation>