<?xml version="1.0" encoding="UTF-8" ?>
<annotation>
  <folder>RGB100W_542500000135_116456939590470230.jpg</folder>
  <filename>RGB100W_542500000135_116456939590470230.jpg</filename>
  <path>http://172.18.39.209:9000/aliimages1999999980/RGB100W_542500000135_116456939590470230.jpg</path>
  <source>
    <database>Unknown</database>
  </source>
  <size>
    <width>640</width>
    <height>360</height>
    <depth>0</depth>
  </size>
  <segmented>0</segmented>
  <object>
    <name>tea_table</name>
    <pose>Unspecified</pose>
    <truncated>0</truncated>
    <difficult>0</difficult>
    <bndbox>
      <xmin>240.00</xmin>
      <ymin>0.91</ymin>
      <xmax>490.91</xmax>
      <ymax>157.73</ymax>
    </bndbox>
  </object>
  <object>
    <name>sofa</name>
    <pose>Unspecified</pose>
    <truncated>0</truncated>
    <difficult>0</difficult>
    <bndbox>
      <xmin>212.73</xmin>
      <ymin>15.91</ymin>
      <xmax>496.82</xmax>
      <ymax>151.82</ymax>
    </bndbox>
  </object>
  <object>
    <name>cabinet</name>
    <pose>Unspecified</pose>
    <truncated>0</truncated>
    <difficult>0</difficult>
    <bndbox>
      <xmin>117.73</xmin>
      <ymin>70.00</ymin>
      <xmax>166.82</xmax>
      <ymax>152.73</ymax>
    </bndbox>
  </object>
  <object>
    <name>cabinet</name>
    <pose>Unspecified</pose>
    <truncated>0</truncated>
    <difficult>0</difficult>
    <bndbox>
      <xmin>0.91</xmin>
      <ymin>0.91</ymin>
      <xmax>123.64</xmax>
      <ymax>157.73</ymax>
    </bndbox>
  </object>
</annotation>