<?xml version="1.0" encoding="UTF-8" ?>
<annotation>
  <folder>RGB100W_277985938_116445661170061765.jpg</folder>
  <filename>RGB100W_277985938_116445661170061765.jpg</filename>
  <path>http://172.18.39.209:9000/aliimages1999999990/RGB100W_277985938_116445661170061765.jpg</path>
  <source>
    <database>Unknown</database>
  </source>
  <size>
    <width>642</width>
    <height>361</height>
    <depth>0</depth>
  </size>
  <segmented>0</segmented>
  <object>
    <name>bed1</name>
    <pose>Unspecified</pose>
    <truncated>0</truncated>
    <difficult>0</difficult>
    <bndbox>
      <xmin>0.45</xmin>
      <ymin>0.45</ymin>
      <xmax>475.91</xmax>
      <ymax>173.18</ymax>
    </bndbox>
  </object>
  <object>
    <name>cabinet</name>
    <pose>Unspecified</pose>
    <truncated>0</truncated>
    <difficult>0</difficult>
    <bndbox>
      <xmin>527.73</xmin>
      <ymin>27.73</ymin>
      <xmax>641.82</xmax>
      <ymax>169.09</ymax>
    </bndbox>
  </object>
  <object>
    <name>socks</name>
    <pose>Unspecified</pose>
    <truncated>0</truncated>
    <difficult>0</difficult>
    <bndbox>
      <xmin>391.82</xmin>
      <ymin>145.00</ymin>
      <xmax>469.09</xmax>
      <ymax>199.09</ymax>
    </bndbox>
  </object>
  <object>
    <name>slipper</name>
    <pose>Unspecified</pose>
    <truncated>0</truncated>
    <difficult>0</difficult>
    <bndbox>
      <xmin>473.18</xmin>
      <ymin>148.64</ymin>
      <xmax>499.55</xmax>
      <ymax>163.64</ymax>
    </bndbox>
  </object>
</annotation>