<?xml version="1.0" encoding="UTF-8" ?>
<annotation>
  <folder>RGB100W_542500004102_116446434014632374.jpg</folder>
  <filename>RGB100W_542500004102_116446434014632374.jpg</filename>
  <path>http://172.18.39.209:9000/aliimages1999999990/RGB100W_542500004102_116446434014632374.jpg</path>
  <source>
    <database>Unknown</database>
  </source>
  <size>
    <width>640</width>
    <height>360</height>
    <depth>0</depth>
  </size>
  <segmented>0</segmented>
  <object>
    <name>TV_stand</name>
    <pose>Unspecified</pose>
    <truncated>0</truncated>
    <difficult>0</difficult>
    <bndbox>
      <xmin>30.91</xmin>
      <ymin>70.00</ymin>
      <xmax>242.73</xmax>
      <ymax>160.91</ymax>
    </bndbox>
  </object>
  <object>
    <name>cabinet</name>
    <pose>Unspecified</pose>
    <truncated>0</truncated>
    <difficult>0</difficult>
    <bndbox>
      <xmin>235.00</xmin>
      <ymin>23.64</ymin>
      <xmax>375.00</xmax>
      <ymax>160.00</ymax>
    </bndbox>
  </object>
</annotation>