<?xml version="1.0" encoding="UTF-8" ?>
<annotation>
  <folder>RGB100W_542500000070_116451779635163002.jpg</folder>
  <filename>RGB100W_542500000070_116451779635163002.jpg</filename>
  <path>http://172.18.39.209:9000/aliimages1999999980/RGB100W_542500000070_116451779635163002.jpg</path>
  <source>
    <database>Unknown</database>
  </source>
  <size>
    <width>640</width>
    <height>360</height>
    <depth>0</depth>
  </size>
  <segmented>0</segmented>
  <object>
    <name>shoe</name>
    <pose>Unspecified</pose>
    <truncated>0</truncated>
    <difficult>0</difficult>
    <bndbox>
      <xmin>286.82</xmin>
      <ymin>118.64</ymin>
      <xmax>353.64</xmax>
      <ymax>152.73</ymax>
    </bndbox>
  </object>
  <object>
    <name>shoe</name>
    <pose>Unspecified</pose>
    <truncated>0</truncated>
    <difficult>0</difficult>
    <bndbox>
      <xmin>338.64</xmin>
      <ymin>117.73</ymin>
      <xmax>398.64</xmax>
      <ymax>152.73</ymax>
    </bndbox>
  </object>
  <object>
    <name>cabinet</name>
    <pose>Unspecified</pose>
    <truncated>0</truncated>
    <difficult>0</difficult>
    <bndbox>
      <xmin>275.00</xmin>
      <ymin>17.73</ymin>
      <xmax>390.91</xmax>
      <ymax>145.00</ymax>
    </bndbox>
  </object>
  <object>
    <name>bed</name>
    <pose>Unspecified</pose>
    <truncated>0</truncated>
    <difficult>0</difficult>
    <bndbox>
      <xmin>380.91</xmin>
      <ymin>0.91</ymin>
      <xmax>640.00</xmax>
      <ymax>150.91</ymax>
    </bndbox>
  </object>
</annotation>