<?xml version="1.0" encoding="UTF-8" ?>
<annotation>
  <folder>RGB100W_542500001228_116451344902657738.jpg</folder>
  <filename>RGB100W_542500001228_116451344902657738.jpg</filename>
  <path>http://172.18.39.209:9000/aliimages1999999990/RGB100W_542500001228_116451344902657738.jpg</path>
  <source>
    <database>Unknown</database>
  </source>
  <size>
    <width>640</width>
    <height>360</height>
    <depth>0</depth>
  </size>
  <segmented>0</segmented>
  <object>
    <name>cabinet</name>
    <pose>Unspecified</pose>
    <truncated>0</truncated>
    <difficult>0</difficult>
    <bndbox>
      <xmin>25.91</xmin>
      <ymin>0.91</ymin>
      <xmax>255.00</xmax>
      <ymax>191.82</ymax>
    </bndbox>
  </object>
  <object>
    <name>cupboard1</name>
    <pose>Unspecified</pose>
    <truncated>0</truncated>
    <difficult>0</difficult>
    <bndbox>
      <xmin>363.64</xmin>
      <ymin>0.91</ymin>
      <xmax>640.00</xmax>
      <ymax>277.73</ymax>
    </bndbox>
  </object>
</annotation>