<?xml version="1.0" encoding="UTF-8" ?>
<annotation>
  <folder>RGB100W_542500000525_116456644311277128.jpg</folder>
  <filename>RGB100W_542500000525_116456644311277128.jpg</filename>
  <path>http://172.18.39.209:9000/aliimages1999999980/RGB100W_542500000525_116456644311277128.jpg</path>
  <source>
    <database>Unknown</database>
  </source>
  <size>
    <width>640</width>
    <height>360</height>
    <depth>0</depth>
  </size>
  <segmented>0</segmented>
  <object>
    <name>door_anno</name>
    <pose>Unspecified</pose>
    <truncated>0</truncated>
    <difficult>0</difficult>
    <bndbox>
      <xmin>470.91</xmin>
      <ymin>0.91</ymin>
      <xmax>515.00</xmax>
      <ymax>185.00</ymax>
    </bndbox>
  </object>
  <object>
    <name>wire</name>
    <pose>Unspecified</pose>
    <truncated>0</truncated>
    <difficult>0</difficult>
    <bndbox>
      <xmin>190.91</xmin>
      <ymin>0.91</ymin>
      <xmax>210.00</xmax>
      <ymax>112.73</ymax>
    </bndbox>
  </object>
  <object>
    <name>cabinet</name>
    <pose>Unspecified</pose>
    <truncated>0</truncated>
    <difficult>0</difficult>
    <bndbox>
      <xmin>532.73</xmin>
      <ymin>0.91</ymin>
      <xmax>640.00</xmax>
      <ymax>187.73</ymax>
    </bndbox>
  </object>
</annotation>