<?xml version="1.0" encoding="UTF-8" ?>
<annotation>
  <folder>RGB100W_CRL30VDJ208Z2094_116451243042226940.jpg</folder>
  <filename>RGB100W_CRL30VDJ208Z2094_116451243042226940.jpg</filename>
  <path>http://172.18.39.209:9000/aliimages1999999980/RGB100W_CRL30VDJ208Z2094_116451243042226940.jpg</path>
  <source>
    <database>Unknown</database>
  </source>
  <size>
    <width>640</width>
    <height>360</height>
    <depth>0</depth>
  </size>
  <segmented>0</segmented>
  <object>
    <name>blanket</name>
    <pose>Unspecified</pose>
    <truncated>0</truncated>
    <difficult>0</difficult>
    <bndbox>
      <xmin>0.91</xmin>
      <ymin>180.00</ymin>
      <xmax>343.64</xmax>
      <ymax>360.00</ymax>
    </bndbox>
  </object>
  <object>
    <name>cabinet</name>
    <pose>Unspecified</pose>
    <truncated>0</truncated>
    <difficult>0</difficult>
    <bndbox>
      <xmin>58.64</xmin>
      <ymin>0.91</ymin>
      <xmax>342.73</xmax>
      <ymax>186.82</ymax>
    </bndbox>
  </object>
</annotation>