<?xml version="1.0" encoding="UTF-8" ?>
<annotation>
  <folder>RGB100W_542500001557_116445682124334226.jpg</folder>
  <filename>RGB100W_542500001557_116445682124334226.jpg</filename>
  <path>http://172.18.39.209:9000/aliimages1999999990/RGB100W_542500001557_116445682124334226.jpg</path>
  <source>
    <database>Unknown</database>
  </source>
  <size>
    <width>640</width>
    <height>360</height>
    <depth>0</depth>
  </size>
  <segmented>0</segmented>
  <object>
    <name>cabinet</name>
    <pose>Unspecified</pose>
    <truncated>0</truncated>
    <difficult>0</difficult>
    <bndbox>
      <xmin>106.82</xmin>
      <ymin>50.91</ymin>
      <xmax>270.00</xmax>
      <ymax>192.73</ymax>
    </bndbox>
  </object>
</annotation>