<?xml version="1.0" encoding="UTF-8" ?>
<annotation>
  <folder>RGB100W_CRL9993I202006069999_1591693671275098.jpg</folder>
  <filename>RGB100W_CRL9993I202006069999_1591693671275098.jpg</filename>
  <path>http://172.18.39.209:9000/aliimages1999999996/RGB100W_CRL9993I202006069999_1591693671275098.jpg</path>
  <source>
    <database>Unknown</database>
  </source>
  <size>
    <width>642</width>
    <height>361</height>
    <depth>0</depth>
  </size>
  <segmented>0</segmented>
  <object>
    <name>chair_base</name>
    <pose>Unspecified</pose>
    <truncated>0</truncated>
    <difficult>0</difficult>
    <bndbox>
      <xmin>335.00</xmin>
      <ymin>175.45</ymin>
      <xmax>456.36</xmax>
      <ymax>206.36</ymax>
    </bndbox>
  </object>
  <object>
    <name>tea_table</name>
    <pose>Unspecified</pose>
    <truncated>0</truncated>
    <difficult>0</difficult>
    <bndbox>
      <xmin>487.73</xmin>
      <ymin>78.18</ymin>
      <xmax>641.82</xmax>
      <ymax>201.36</ymax>
    </bndbox>
  </object>
  <object>
    <name>charger</name>
    <pose>Unspecified</pose>
    <truncated>0</truncated>
    <difficult>0</difficult>
    <bndbox>
      <xmin>198.18</xmin>
      <ymin>165.91</ymin>
      <xmax>265.45</xmax>
      <ymax>211.82</ymax>
    </bndbox>
  </object>
  <object>
    <name>wire</name>
    <pose>Unspecified</pose>
    <truncated>0</truncated>
    <difficult>0</difficult>
    <bndbox>
      <xmin>267.27</xmin>
      <ymin>119.09</ymin>
      <xmax>310.91</xmax>
      <ymax>196.82</ymax>
    </bndbox>
  </object>
  <object>
    <name>cabinet</name>
    <pose>Unspecified</pose>
    <truncated>0</truncated>
    <difficult>0</difficult>
    <bndbox>
      <xmin>119.09</xmin>
      <ymin>0.45</ymin>
      <xmax>277.27</xmax>
      <ymax>211.36</ymax>
    </bndbox>
  </object>
</annotation>