<?xml version="1.0" encoding="UTF-8" ?>
<annotation>
  <folder>RGB100W_375468222_116449448258749999.jpg</folder>
  <filename>RGB100W_375468222_116449448258749999.jpg</filename>
  <path>http://172.18.39.209:9000/aliimages1999999980/RGB100W_375468222_116449448258749999.jpg</path>
  <source>
    <database>Unknown</database>
  </source>
  <size>
    <width>640</width>
    <height>360</height>
    <depth>0</depth>
  </size>
  <segmented>0</segmented>
  <object>
    <name>cupboard</name>
    <pose>Unspecified</pose>
    <truncated>0</truncated>
    <difficult>0</difficult>
    <bndbox>
      <xmin>0.91</xmin>
      <ymin>0.91</ymin>
      <xmax>383.64</xmax>
      <ymax>190.00</ymax>
    </bndbox>
  </object>
  <object>
    <name>cabinet</name>
    <pose>Unspecified</pose>
    <truncated>0</truncated>
    <difficult>0</difficult>
    <bndbox>
      <xmin>495.91</xmin>
      <ymin>112.73</ymin>
      <xmax>555.91</xmax>
      <ymax>173.64</ymax>
    </bndbox>
  </object>
  <object>
    <name>TV_stand</name>
    <pose>Unspecified</pose>
    <truncated>0</truncated>
    <difficult>0</difficult>
    <bndbox>
      <xmin>578.64</xmin>
      <ymin>123.64</ymin>
      <xmax>640.00</xmax>
      <ymax>172.73</ymax>
    </bndbox>
  </object>
</annotation>