<?xml version="1.0" encoding="UTF-8" ?>
<annotation>
  <folder>RGB200W_010102104221029_116446502528193113.jpg</folder>
  <filename>RGB200W_010102104221029_116446502528193113.jpg</filename>
  <path>http://172.18.39.209:9000/aliimages1999999986/RGB200W_010102104221029_116446502528193113.jpg</path>
  <source>
    <database>Unknown</database>
  </source>
  <size>
    <width>642</width>
    <height>362</height>
    <depth>0</depth>
  </size>
  <segmented>0</segmented>
  <object>
    <name>bed1</name>
    <pose>Unspecified</pose>
    <truncated>0</truncated>
    <difficult>0</difficult>
    <bndbox>
      <xmin>25.91</xmin>
      <ymin>90.91</ymin>
      <xmax>432.73</xmax>
      <ymax>222.73</ymax>
    </bndbox>
  </object>
  <object>
    <name>cabinet</name>
    <pose>Unspecified</pose>
    <truncated>0</truncated>
    <difficult>0</difficult>
    <bndbox>
      <xmin>413.64</xmin>
      <ymin>0.91</ymin>
      <xmax>641.82</xmax>
      <ymax>247.73</ymax>
    </bndbox>
  </object>
</annotation>