<?xml version="1.0" encoding="UTF-8" ?>
<annotation>
  <folder>RGB200W_CRL9993I202006069999_1594645690078363.jpg</folder>
  <filename>RGB200W_CRL9993I202006069999_1594645690078363.jpg</filename>
  <path>http://172.18.39.209:9000/aliimages1999999999/RGB200W_CRL9993I202006069999_1594645690078363.jpg</path>
  <source>
    <database>Unknown</database>
  </source>
  <size>
    <width>642</width>
    <height>361</height>
    <depth>0</depth>
  </size>
  <segmented>0</segmented>
  <object>
    <name>bed_1</name>
    <pose>Unspecified</pose>
    <truncated>0</truncated>
    <difficult>0</difficult>
    <bndbox>
      <xmin>269.55</xmin>
      <ymin>90.91</ymin>
      <xmax>560.00</xmax>
      <ymax>182.27</ymax>
    </bndbox>
  </object>
  <object>
    <name>cabinet</name>
    <pose>Unspecified</pose>
    <truncated>0</truncated>
    <difficult>0</difficult>
    <bndbox>
      <xmin>93.18</xmin>
      <ymin>7.73</ymin>
      <xmax>271.82</xmax>
      <ymax>191.36</ymax>
    </bndbox>
  </object>
</annotation>