<?xml version="1.0" encoding="UTF-8" ?>
<annotation>
  <folder>RGB200W_CRL9993I202006069999_1591691644119696.jpg</folder>
  <filename>RGB200W_CRL9993I202006069999_1591691644119696.jpg</filename>
  <path>http://172.18.39.209:9000/aliimages1999999984/RGB200W_CRL9993I202006069999_1591691644119696.jpg</path>
  <source>
    <database>Unknown</database>
  </source>
  <size>
    <width>642</width>
    <height>361</height>
    <depth>0</depth>
  </size>
  <segmented>0</segmented>
  <object>
    <name>door_anno</name>
    <pose>Unspecified</pose>
    <truncated>0</truncated>
    <difficult>0</difficult>
    <bndbox>
      <xmin>224.09</xmin>
      <ymin>0.00</ymin>
      <xmax>342.27</xmax>
      <ymax>208.64</ymax>
    </bndbox>
  </object>
  <object>
    <name>cabinet</name>
    <pose>Unspecified</pose>
    <truncated>0</truncated>
    <difficult>0</difficult>
    <bndbox>
      <xmin>322.27</xmin>
      <ymin>0.00</ymin>
      <xmax>448.64</xmax>
      <ymax>215.00</ymax>
    </bndbox>
  </object>
  <object>
    <name>cabinet</name>
    <pose>Unspecified</pose>
    <truncated>0</truncated>
    <difficult>0</difficult>
    <bndbox>
      <xmin>445.00</xmin>
      <ymin>0.00</ymin>
      <xmax>638.64</xmax>
      <ymax>217.27</ymax>
    </bndbox>
  </object>
</annotation>