<?xml version="1.0" encoding="UTF-8" ?>
<annotation>
  <folder>2022011501</folder>
  <filename>RGB200W_29984CRL30V00061993_1637728239_10440.jpg</filename>
  <path>http://172.18.39.209:9000/aliimages/2022011501/RGB200W_29984CRL30V00061993_1637728239_10440.jpg</path>
  <source>
    <database>Unknown</database>
  </source>
  <size>
    <width>642</width>
    <height>362</height>
    <depth>0</depth>
  </size>
  <segmented>0</segmented>
  <object>
    <name>cabinet</name>
    <pose>Unspecified</pose>
    <truncated>0</truncated>
    <difficult>0</difficult>
    <bndbox>
      <xmin>8.64</xmin>
      <ymin>132.27</ymin>
      <xmax>123.18</xmax>
      <ymax>211.82</ymax>
    </bndbox>
  </object>
  <object>
    <name>washstand</name>
    <pose>Unspecified</pose>
    <truncated>0</truncated>
    <difficult>0</difficult>
    <bndbox>
      <xmin>480.00</xmin>
      <ymin>103.64</ymin>
      <xmax>575.45</xmax>
      <ymax>170.91</ymax>
    </bndbox>
  </object>
</annotation>