<?xml version="1.0" encoding="UTF-8" ?>
<annotation>
  <folder>RGB200W_010102104301121_116446440046122366.jpg</folder>
  <filename>RGB200W_010102104301121_116446440046122366.jpg</filename>
  <path>http://172.18.39.209:9000/aliimages1999999986/RGB200W_010102104301121_116446440046122366.jpg</path>
  <source>
    <database>Unknown</database>
  </source>
  <size>
    <width>642</width>
    <height>362</height>
    <depth>0</depth>
  </size>
  <segmented>0</segmented>
  <object>
    <name>cabinet</name>
    <pose>Unspecified</pose>
    <truncated>0</truncated>
    <difficult>0</difficult>
    <bndbox>
      <xmin>510.91</xmin>
      <ymin>78.64</ymin>
      <xmax>622.73</xmax>
      <ymax>225.00</ymax>
    </bndbox>
  </object>
</annotation>