<?xml version="1.0" encoding="UTF-8" ?>
<annotation>
  <folder>RGB200W_277985927_116444765059161819.jpg</folder>
  <filename>RGB200W_277985927_116444765059161819.jpg</filename>
  <path>http://172.18.39.209:9000/aliimages1999999984/RGB200W_277985927_116444765059161819.jpg</path>
  <source>
    <database>Unknown</database>
  </source>
  <size>
    <width>642</width>
    <height>361</height>
    <depth>0</depth>
  </size>
  <segmented>0</segmented>
  <object>
    <name>door_anno</name>
    <pose>Unspecified</pose>
    <truncated>0</truncated>
    <difficult>0</difficult>
    <bndbox>
      <xmin>296.36</xmin>
      <ymin>95.45</ymin>
      <xmax>337.27</xmax>
      <ymax>193.18</ymax>
    </bndbox>
  </object>
  <object>
    <name>door_anno</name>
    <pose>Unspecified</pose>
    <truncated>0</truncated>
    <difficult>0</difficult>
    <bndbox>
      <xmin>292.73</xmin>
      <ymin>12.27</ymin>
      <xmax>379.55</xmax>
      <ymax>197.27</ymax>
    </bndbox>
  </object>
  <object>
    <name>wire</name>
    <pose>Unspecified</pose>
    <truncated>0</truncated>
    <difficult>0</difficult>
    <bndbox>
      <xmin>396.82</xmin>
      <ymin>0.00</ymin>
      <xmax>486.36</xmax>
      <ymax>144.55</ymax>
    </bndbox>
  </object>
  <object>
    <name>chair_base</name>
    <pose>Unspecified</pose>
    <truncated>0</truncated>
    <difficult>0</difficult>
    <bndbox>
      <xmin>388.64</xmin>
      <ymin>159.09</ymin>
      <xmax>641.82</xmax>
      <ymax>272.27</ymax>
    </bndbox>
  </object>
  <object>
    <name>cabinet</name>
    <pose>Unspecified</pose>
    <truncated>0</truncated>
    <difficult>0</difficult>
    <bndbox>
      <xmin>410.45</xmin>
      <ymin>0.00</ymin>
      <xmax>641.82</xmax>
      <ymax>205.91</ymax>
    </bndbox>
  </object>
  <object>
    <name>bed</name>
    <pose>Unspecified</pose>
    <truncated>0</truncated>
    <difficult>0</difficult>
    <bndbox>
      <xmin>0.00</xmin>
      <ymin>0.00</ymin>
      <xmax>196.36</xmax>
      <ymax>194.09</ymax>
    </bndbox>
  </object>
</annotation>