<?xml version="1.0" encoding="UTF-8" ?>
<annotation>
  <folder>2021061702</folder>
  <filename>RGB200W_010102104301116_116446368833782514_UP20210617.jpg</filename>
  <path>http://172.18.39.209:9000/aliimages/2021061702/RGB200W_010102104301116_116446368833782514_UP20210617.jpg</path>
  <source>
    <database>Unknown</database>
  </source>
  <size>
    <width>642</width>
    <height>362</height>
    <depth>0</depth>
  </size>
  <segmented>0</segmented>
  <object>
    <name>TV_stand1</name>
    <pose>Unspecified</pose>
    <truncated>0</truncated>
    <difficult>0</difficult>
    <bndbox>
      <xmin>250.45</xmin>
      <ymin>154.55</ymin>
      <xmax>325.00</xmax>
      <ymax>202.73</ymax>
    </bndbox>
  </object>
  <object>
    <name>sofa1</name>
    <pose>Unspecified</pose>
    <truncated>0</truncated>
    <difficult>0</difficult>
    <bndbox>
      <xmin>295.45</xmin>
      <ymin>0.00</ymin>
      <xmax>641.82</xmax>
      <ymax>239.55</ymax>
    </bndbox>
  </object>
  <object>
    <name>washing_machine</name>
    <pose>Unspecified</pose>
    <truncated>0</truncated>
    <difficult>0</difficult>
    <bndbox>
      <xmin>95.91</xmin>
      <ymin>75.45</ymin>
      <xmax>173.64</xmax>
      <ymax>200.45</ymax>
    </bndbox>
  </object>
</annotation>