<?xml version="1.0" encoding="UTF-8" ?>
<annotation>
  <folder>RGB200W_29984_99999775_116446201274580891.jpg</folder>
  <filename>RGB200W_29984_99999775_116446201274580891.jpg</filename>
  <path>http://172.18.39.209:9000/aliimages1999999984/RGB200W_29984_99999775_116446201274580891.jpg</path>
  <source>
    <database>Unknown</database>
  </source>
  <size>
    <width>642</width>
    <height>362</height>
    <depth>0</depth>
  </size>
  <segmented>0</segmented>
  <object>
    <name>metal_chair_foot</name>
    <pose>Unspecified</pose>
    <truncated>0</truncated>
    <difficult>0</difficult>
    <bndbox>
      <xmin>0.91</xmin>
      <ymin>210.91</ymin>
      <xmax>188.64</xmax>
      <ymax>235.00</ymax>
    </bndbox>
  </object>
  <object>
    <name>cabinet</name>
    <pose>Unspecified</pose>
    <truncated>0</truncated>
    <difficult>0</difficult>
    <bndbox>
      <xmin>162.73</xmin>
      <ymin>135.91</ymin>
      <xmax>275.91</xmax>
      <ymax>223.64</ymax>
    </bndbox>
  </object>
</annotation>