<?xml version="1.0" encoding="UTF-8" ?>
<annotation>
  <folder>RGB200W_29984_99999332_116445615258770095.jpg</folder>
  <filename>RGB200W_29984_99999332_116445615258770095.jpg</filename>
  <path>http://172.18.39.209:9000/aliimages1999999984/RGB200W_29984_99999332_116445615258770095.jpg</path>
  <source>
    <database>Unknown</database>
  </source>
  <size>
    <width>642</width>
    <height>362</height>
    <depth>0</depth>
  </size>
  <segmented>0</segmented>
  <object>
    <name>wire</name>
    <pose>Unspecified</pose>
    <truncated>0</truncated>
    <difficult>0</difficult>
    <bndbox>
      <xmin>0.91</xmin>
      <ymin>35.00</ymin>
      <xmax>93.64</xmax>
      <ymax>151.82</ymax>
    </bndbox>
  </object>
  <object>
    <name>cabinet</name>
    <pose>Unspecified</pose>
    <truncated>0</truncated>
    <difficult>0</difficult>
    <bndbox>
      <xmin>406.82</xmin>
      <ymin>55.91</ymin>
      <xmax>630.91</xmax>
      <ymax>238.64</ymax>
    </bndbox>
  </object>
</annotation>