<?xml version="1.0" encoding="UTF-8" ?>
<annotation>
  <folder>RGB200W_277985947_116444747283339749.jpg</folder>
  <filename>RGB200W_277985947_116444747283339749.jpg</filename>
  <path>http://172.18.39.209:9000/aliimages1999999990/RGB200W_277985947_116444747283339749.jpg</path>
  <source>
    <database>Unknown</database>
  </source>
  <size>
    <width>642</width>
    <height>361</height>
    <depth>0</depth>
  </size>
  <segmented>0</segmented>
  <object>
    <name>dining_table1</name>
    <pose>Unspecified</pose>
    <truncated>0</truncated>
    <difficult>0</difficult>
    <bndbox>
      <xmin>0.00</xmin>
      <ymin>0.00</ymin>
      <xmax>412.27</xmax>
      <ymax>250.00</ymax>
    </bndbox>
  </object>
  <object>
    <name>cabinet</name>
    <pose>Unspecified</pose>
    <truncated>0</truncated>
    <difficult>0</difficult>
    <bndbox>
      <xmin>496.82</xmin>
      <ymin>0.00</ymin>
      <xmax>641.82</xmax>
      <ymax>227.27</ymax>
    </bndbox>
  </object>
</annotation>