<?xml version="1.0" encoding="UTF-8" ?>
<annotation>
  <folder>RGB200W_202006292027_116444747138529504.jpg</folder>
  <filename>RGB200W_202006292027_116444747138529504.jpg</filename>
  <path>http://172.18.39.209:9000/aliimages2021122805/RGB200W_202006292027_116444747138529504.jpg</path>
  <source>
    <database>Unknown</database>
  </source>
  <size>
    <width>1920</width>
    <height>1079</height>
    <depth>0</depth>
  </size>
  <segmented>0</segmented>
  <object>
    <name>person_leg</name>
    <pose>Unspecified</pose>
    <truncated>0</truncated>
    <difficult>0</difficult>
    <bndbox>
      <xmin>827.87</xmin>
      <ymin>564.15</ymin>
      <xmax>997.79</xmax>
      <ymax>773.49</ymax>
    </bndbox>
  </object>
  <object>
    <name>slipper</name>
    <pose>Unspecified</pose>
    <truncated>0</truncated>
    <difficult>0</difficult>
    <bndbox>
      <xmin>853.70</xmin>
      <ymin>734.07</ymin>
      <xmax>992.35</xmax>
      <ymax>778.93</ymax>
    </bndbox>
  </object>
  <object>
    <name>sofa</name>
    <pose>Unspecified</pose>
    <truncated>0</truncated>
    <difficult>0</difficult>
    <bndbox>
      <xmin>933.90</xmin>
      <ymin>236.53</ymin>
      <xmax>1383.86</xmax>
      <ymax>812.91</ymax>
    </bndbox>
  </object>
  <object>
    <name>refrigerator</name>
    <pose>Unspecified</pose>
    <truncated>0</truncated>
    <difficult>0</difficult>
    <bndbox>
      <xmin>573.66</xmin>
      <ymin>399.66</ymin>
      <xmax>781.65</xmax>
      <ymax>759.90</ymax>
    </bndbox>
  </object>
  <object>
    <name>TV_stand</name>
    <pose>Unspecified</pose>
    <truncated>0</truncated>
    <difficult>0</difficult>
    <bndbox>
      <xmin>0.00</xmin>
      <ymin>524.72</ymin>
      <xmax>549.19</xmax>
      <ymax>812.91</ymax>
    </bndbox>
  </object>
  <object>
    <name>slipper</name>
    <pose>Unspecified</pose>
    <truncated>0</truncated>
    <difficult>0</difficult>
    <bndbox>
      <xmin>717.76</xmin>
      <ymin>723.19</ymin>
      <xmax>777.57</xmax>
      <ymax>759.90</ymax>
    </bndbox>
  </object>
  <object>
    <name>cabinet</name>
    <pose>Unspecified</pose>
    <truncated>0</truncated>
    <difficult>0</difficult>
    <bndbox>
      <xmin>1262.87</xmin>
      <ymin>0.00</ymin>
      <xmax>1919.46</xmax>
      <ymax>920.31</ymax>
    </bndbox>
  </object>
  <object>
    <name>person</name>
    <pose>Unspecified</pose>
    <truncated>0</truncated>
    <difficult>0</difficult>
    <bndbox>
      <xmin>810.20</xmin>
      <ymin>303.14</ymin>
      <xmax>1084.79</xmax>
      <ymax>781.65</ymax>
    </bndbox>
  </object>
  <object>
    <name>plastic_stool</name>
    <pose>Unspecified</pose>
    <truncated>0</truncated>
    <difficult>0</difficult>
    <bndbox>
      <xmin>1.36</xmin>
      <ymin>141.38</ymin>
      <xmax>475.79</xmax>
      <ymax>853.70</ymax>
    </bndbox>
  </object>
</annotation>