<?xml version="1.0" encoding="UTF-8" ?>
<annotation>
  <folder>RGB200W_CRL9993I202006069999_1594646524975556.jpg</folder>
  <filename>RGB200W_CRL9993I202006069999_1594646524975556.jpg</filename>
  <path>http://172.18.39.209:9000/aliimages1999999999/RGB200W_CRL9993I202006069999_1594646524975556.jpg</path>
  <source>
    <database>Unknown</database>
  </source>
  <size>
    <width>642</width>
    <height>361</height>
    <depth>0</depth>
  </size>
  <segmented>0</segmented>
  <object>
    <name>cabinet</name>
    <pose>Unspecified</pose>
    <truncated>0</truncated>
    <difficult>0</difficult>
    <bndbox>
      <xmin>349.55</xmin>
      <ymin>0.00</ymin>
      <xmax>641.82</xmax>
      <ymax>252.27</ymax>
    </bndbox>
  </object>
  <object>
    <name>wire</name>
    <pose>Unspecified</pose>
    <truncated>0</truncated>
    <difficult>0</difficult>
    <bndbox>
      <xmin>200.91</xmin>
      <ymin>31.82</ymin>
      <xmax>361.82</xmax>
      <ymax>215.91</ymax>
    </bndbox>
  </object>
</annotation>