<?xml version="1.0" encoding="UTF-8" ?>
<annotation>
  <folder>RGB200W_29984CRL30V00000172_116444806617809060.jpg</folder>
  <filename>RGB200W_29984CRL30V00000172_116444806617809060.jpg</filename>
  <path>http://172.18.39.209:9000/aliimages1999999990/RGB200W_29984CRL30V00000172_116444806617809060.jpg</path>
  <source>
    <database>Unknown</database>
  </source>
  <size>
    <width>642</width>
    <height>362</height>
    <depth>0</depth>
  </size>
  <segmented>0</segmented>
  <object>
    <name>bed</name>
    <pose>Unspecified</pose>
    <truncated>0</truncated>
    <difficult>0</difficult>
    <bndbox>
      <xmin>120.00</xmin>
      <ymin>110.00</ymin>
      <xmax>388.64</xmax>
      <ymax>211.82</ymax>
    </bndbox>
  </object>
  <object>
    <name>cabinet</name>
    <pose>Unspecified</pose>
    <truncated>0</truncated>
    <difficult>0</difficult>
    <bndbox>
      <xmin>390.91</xmin>
      <ymin>160.91</ymin>
      <xmax>437.73</xmax>
      <ymax>205.91</ymax>
    </bndbox>
  </object>
</annotation>