<?xml version="1.0" encoding="UTF-8" ?>
<annotation>
  <folder>RGB200W_CRL9993I202006069999_1594645615405755.jpg</folder>
  <filename>RGB200W_CRL9993I202006069999_1594645615405755.jpg</filename>
  <path>http://172.18.39.209:9000/aliimages1999999984/RGB200W_CRL9993I202006069999_1594645615405755.jpg</path>
  <source>
    <database>Unknown</database>
  </source>
  <size>
    <width>642</width>
    <height>361</height>
    <depth>0</depth>
  </size>
  <segmented>0</segmented>
  <object>
    <name>cabinet</name>
    <pose>Unspecified</pose>
    <truncated>0</truncated>
    <difficult>0</difficult>
    <bndbox>
      <xmin>327.27</xmin>
      <ymin>0.00</ymin>
      <xmax>465.00</xmax>
      <ymax>193.64</ymax>
    </bndbox>
  </object>
</annotation>