<?xml version="1.0" encoding="UTF-8" ?>
<annotation>
  <folder>RGB200W_CRL9993I202006069999_1594646414202487.jpg</folder>
  <filename>RGB200W_CRL9993I202006069999_1594646414202487.jpg</filename>
  <path>http://172.18.39.209:9000/aliimages1999999990/RGB200W_CRL9993I202006069999_1594646414202487.jpg</path>
  <source>
    <database>Unknown</database>
  </source>
  <size>
    <width>642</width>
    <height>361</height>
    <depth>0</depth>
  </size>
  <segmented>0</segmented>
  <object>
    <name>slipper</name>
    <pose>Unspecified</pose>
    <truncated>0</truncated>
    <difficult>0</difficult>
    <bndbox>
      <xmin>389.55</xmin>
      <ymin>185.45</ymin>
      <xmax>509.55</xmax>
      <ymax>229.55</ymax>
    </bndbox>
  </object>
  <object>
    <name>slipper</name>
    <pose>Unspecified</pose>
    <truncated>0</truncated>
    <difficult>0</difficult>
    <bndbox>
      <xmin>340.00</xmin>
      <ymin>186.82</ymin>
      <xmax>392.27</xmax>
      <ymax>217.73</ymax>
    </bndbox>
  </object>
  <object>
    <name>cabinet</name>
    <pose>Unspecified</pose>
    <truncated>0</truncated>
    <difficult>0</difficult>
    <bndbox>
      <xmin>394.55</xmin>
      <ymin>49.09</ymin>
      <xmax>573.18</xmax>
      <ymax>222.73</ymax>
    </bndbox>
  </object>
</annotation>