<?xml version="1.0" encoding="UTF-8" ?>
<annotation>
  <folder>RGB200W_277985927_116444778325230568.jpg</folder>
  <filename>RGB200W_277985927_116444778325230568.jpg</filename>
  <path>http://172.18.39.209:9000/aliimages1999999996/RGB200W_277985927_116444778325230568.jpg</path>
  <source>
    <database>Unknown</database>
  </source>
  <size>
    <width>642</width>
    <height>361</height>
    <depth>0</depth>
  </size>
  <segmented>0</segmented>
  <object>
    <name>bed_1</name>
    <pose>Unspecified</pose>
    <truncated>0</truncated>
    <difficult>0</difficult>
    <bndbox>
      <xmin>0.00</xmin>
      <ymin>69.55</ymin>
      <xmax>195.00</xmax>
      <ymax>209.09</ymax>
    </bndbox>
  </object>
  <object>
    <name>cabinet</name>
    <pose>Unspecified</pose>
    <truncated>0</truncated>
    <difficult>0</difficult>
    <bndbox>
      <xmin>250.91</xmin>
      <ymin>119.55</ymin>
      <xmax>313.18</xmax>
      <ymax>194.55</ymax>
    </bndbox>
  </object>
</annotation>