<?xml version="1.0" encoding="UTF-8" ?>
<annotation>
  <folder>RGB200W_29984_99999941_116449672650049753-227.179_227.230_327.607_190.117_0.288_0.098_-0.107_0.027.jpg</folder>
  <filename>RGB200W_29984_99999941_116449672650049753-227.179_227.230_327.607_190.117_0.288_0.098_-0.107_0.027.jpg</filename>
  <path>http://172.18.39.209:9000/aliimages1999999990/RGB200W_29984_99999941_116449672650049753-227.179_227.230_327.607_190.117_0.288_0.098_-0.107_0.027.jpg</path>
  <source>
    <database>Unknown</database>
  </source>
  <size>
    <width>642</width>
    <height>362</height>
    <depth>0</depth>
  </size>
  <segmented>0</segmented>
  <object>
    <name>wire</name>
    <pose>Unspecified</pose>
    <truncated>0</truncated>
    <difficult>0</difficult>
    <bndbox>
      <xmin>23.64</xmin>
      <ymin>180.00</ymin>
      <xmax>120.91</xmax>
      <ymax>225.00</ymax>
    </bndbox>
  </object>
  <object>
    <name>cabinet</name>
    <pose>Unspecified</pose>
    <truncated>0</truncated>
    <difficult>0</difficult>
    <bndbox>
      <xmin>273.64</xmin>
      <ymin>161.82</ymin>
      <xmax>323.64</xmax>
      <ymax>218.64</ymax>
    </bndbox>
  </object>
  <object>
    <name>wire</name>
    <pose>Unspecified</pose>
    <truncated>0</truncated>
    <difficult>0</difficult>
    <bndbox>
      <xmin>330.00</xmin>
      <ymin>167.73</ymin>
      <xmax>347.73</xmax>
      <ymax>211.82</ymax>
    </bndbox>
  </object>
  <object>
    <name>tea_table</name>
    <pose>Unspecified</pose>
    <truncated>0</truncated>
    <difficult>0</difficult>
    <bndbox>
      <xmin>480.91</xmin>
      <ymin>133.64</ymin>
      <xmax>606.82</xmax>
      <ymax>226.82</ymax>
    </bndbox>
  </object>
  <object>
    <name>wire</name>
    <pose>Unspecified</pose>
    <truncated>0</truncated>
    <difficult>0</difficult>
    <bndbox>
      <xmin>225.91</xmin>
      <ymin>170.91</ymin>
      <xmax>266.82</xmax>
      <ymax>188.64</ymax>
    </bndbox>
  </object>
</annotation>