<?xml version="1.0" encoding="UTF-8" ?>
<annotation>
  <folder>RGB200W_29984_99999962_116444808460203891-230.136_230.113_322.971_199.640_0.296_0.109_-0.139_0.049.jpg</folder>
  <filename>RGB200W_29984_99999962_116444808460203891-230.136_230.113_322.971_199.640_0.296_0.109_-0.139_0.049.jpg</filename>
  <path>http://172.18.39.209:9000/aliimages1999999998/RGB200W_29984_99999962_116444808460203891-230.136_230.113_322.971_199.640_0.296_0.109_-0.139_0.049.jpg</path>
  <source>
    <database>Unknown</database>
  </source>
  <size>
    <width>642</width>
    <height>362</height>
    <depth>0</depth>
  </size>
  <segmented>0</segmented>
  <object>
    <name>bed</name>
    <pose>Unspecified</pose>
    <truncated>0</truncated>
    <difficult>0</difficult>
    <bndbox>
      <xmin>146.82</xmin>
      <ymin>0.91</ymin>
      <xmax>641.82</xmax>
      <ymax>256.82</ymax>
    </bndbox>
  </object>
  <object>
    <name>cabinet</name>
    <pose>Unspecified</pose>
    <truncated>0</truncated>
    <difficult>0</difficult>
    <bndbox>
      <xmin>0.91</xmin>
      <ymin>56.82</ymin>
      <xmax>146.82</xmax>
      <ymax>235.00</ymax>
    </bndbox>
  </object>
</annotation>