<?xml version="1.0" encoding="UTF-8" ?>
<annotation>
  <folder>RGB200W_202006292031_116444844151894236.jpg</folder>
  <filename>RGB200W_202006292031_116444844151894236.jpg</filename>
  <path>http://172.18.39.209:9000/aliimages1999999999/RGB200W_202006292031_116444844151894236.jpg</path>
  <source>
    <database>Unknown</database>
  </source>
  <size>
    <width>642</width>
    <height>361</height>
    <depth>0</depth>
  </size>
  <segmented>0</segmented>
  <object>
    <name>bed</name>
    <pose>Unspecified</pose>
    <truncated>0</truncated>
    <difficult>0</difficult>
    <bndbox>
      <xmin>0.00</xmin>
      <ymin>0.00</ymin>
      <xmax>233.18</xmax>
      <ymax>198.18</ymax>
    </bndbox>
  </object>
  <object>
    <name>cabinet</name>
    <pose>Unspecified</pose>
    <truncated>0</truncated>
    <difficult>0</difficult>
    <bndbox>
      <xmin>231.36</xmin>
      <ymin>80.91</ymin>
      <xmax>320.91</xmax>
      <ymax>188.18</ymax>
    </bndbox>
  </object>
  <object>
    <name>wire</name>
    <pose>Unspecified</pose>
    <truncated>0</truncated>
    <difficult>0</difficult>
    <bndbox>
      <xmin>270.00</xmin>
      <ymin>110.00</ymin>
      <xmax>333.64</xmax>
      <ymax>185.91</ymax>
    </bndbox>
  </object>
</annotation>