<?xml version="1.0" encoding="UTF-8" ?>
<annotation>
  <folder>RGB200W_277985947_116444754838852692.jpg</folder>
  <filename>RGB200W_277985947_116444754838852692.jpg</filename>
  <path>http://172.18.39.209:9000/aliimages1999999990/RGB200W_277985947_116444754838852692.jpg</path>
  <source>
    <database>Unknown</database>
  </source>
  <size>
    <width>642</width>
    <height>361</height>
    <depth>0</depth>
  </size>
  <segmented>0</segmented>
  <object>
    <name>bed</name>
    <pose>Unspecified</pose>
    <truncated>0</truncated>
    <difficult>0</difficult>
    <bndbox>
      <xmin>358.64</xmin>
      <ymin>172.27</ymin>
      <xmax>425.91</xmax>
      <ymax>210.45</ymax>
    </bndbox>
  </object>
  <object>
    <name>door_anno</name>
    <pose>Unspecified</pose>
    <truncated>0</truncated>
    <difficult>0</difficult>
    <bndbox>
      <xmin>186.36</xmin>
      <ymin>0.00</ymin>
      <xmax>308.18</xmax>
      <ymax>214.09</ymax>
    </bndbox>
  </object>
  <object>
    <name>cabinet</name>
    <pose>Unspecified</pose>
    <truncated>0</truncated>
    <difficult>0</difficult>
    <bndbox>
      <xmin>553.64</xmin>
      <ymin>180.00</ymin>
      <xmax>575.91</xmax>
      <ymax>215.91</ymax>
    </bndbox>
  </object>
</annotation>