<?xml version="1.0" encoding="UTF-8" ?>
<annotation>
  <folder>RGB200W_010102104221030_116445393642247249.jpg</folder>
  <filename>RGB200W_010102104221030_116445393642247249.jpg</filename>
  <path>http://172.18.39.209:9000/aliimages1999999986/RGB200W_010102104221030_116445393642247249.jpg</path>
  <source>
    <database>Unknown</database>
  </source>
  <size>
    <width>642</width>
    <height>362</height>
    <depth>0</depth>
  </size>
  <segmented>0</segmented>
  <object>
    <name>weight_scale</name>
    <pose>Unspecified</pose>
    <truncated>0</truncated>
    <difficult>0</difficult>
    <bndbox>
      <xmin>490.91</xmin>
      <ymin>220.91</ymin>
      <xmax>641.82</xmax>
      <ymax>245.00</ymax>
    </bndbox>
  </object>
  <object>
    <name>door_anno</name>
    <pose>Unspecified</pose>
    <truncated>0</truncated>
    <difficult>0</difficult>
    <bndbox>
      <xmin>231.82</xmin>
      <ymin>5.00</ymin>
      <xmax>317.73</xmax>
      <ymax>225.00</ymax>
    </bndbox>
  </object>
  <object>
    <name>cabinet</name>
    <pose>Unspecified</pose>
    <truncated>0</truncated>
    <difficult>0</difficult>
    <bndbox>
      <xmin>30.00</xmin>
      <ymin>46.82</ymin>
      <xmax>130.91</xmax>
      <ymax>223.64</ymax>
    </bndbox>
  </object>
</annotation>