<?xml version="1.0" encoding="UTF-8" ?>
<annotation>
  <folder>RGB200W_CRL9993I202006069999_1594646622540321.jpg</folder>
  <filename>RGB200W_CRL9993I202006069999_1594646622540321.jpg</filename>
  <path>http://172.18.39.209:9000/aliimages1999999983/RGB200W_CRL9993I202006069999_1594646622540321.jpg</path>
  <source>
    <database>Unknown</database>
  </source>
  <size>
    <width>642</width>
    <height>361</height>
    <depth>0</depth>
  </size>
  <segmented>0</segmented>
  <object>
    <name>cabinet</name>
    <pose>Unspecified</pose>
    <truncated>0</truncated>
    <difficult>0</difficult>
    <bndbox>
      <xmin>355.00</xmin>
      <ymin>133.64</ymin>
      <xmax>442.27</xmax>
      <ymax>229.09</ymax>
    </bndbox>
  </object>
  <object>
    <name>refrigerator</name>
    <pose>Unspecified</pose>
    <truncated>0</truncated>
    <difficult>0</difficult>
    <bndbox>
      <xmin>425.91</xmin>
      <ymin>0.00</ymin>
      <xmax>606.82</xmax>
      <ymax>232.27</ymax>
    </bndbox>
  </object>
  <object>
    <name>door_anno</name>
    <pose>Unspecified</pose>
    <truncated>0</truncated>
    <difficult>0</difficult>
    <bndbox>
      <xmin>540.45</xmin>
      <ymin>0.00</ymin>
      <xmax>641.82</xmax>
      <ymax>209.55</ymax>
    </bndbox>
  </object>
</annotation>