<?xml version="1.0" encoding="UTF-8" ?>
<annotation>
  <folder>RGB200W_CRL9993I202006069999_1591691474281288.jpg</folder>
  <filename>RGB200W_CRL9993I202006069999_1591691474281288.jpg</filename>
  <path>http://172.18.39.209:9000/aliimages1999999990/RGB200W_CRL9993I202006069999_1591691474281288.jpg</path>
  <source>
    <database>Unknown</database>
  </source>
  <size>
    <width>642</width>
    <height>361</height>
    <depth>0</depth>
  </size>
  <segmented>0</segmented>
  <object>
    <name>door_anno</name>
    <pose>Unspecified</pose>
    <truncated>0</truncated>
    <difficult>0</difficult>
    <bndbox>
      <xmin>150.45</xmin>
      <ymin>0.00</ymin>
      <xmax>214.09</xmax>
      <ymax>187.73</ymax>
    </bndbox>
  </object>
  <object>
    <name>wire</name>
    <pose>Unspecified</pose>
    <truncated>0</truncated>
    <difficult>0</difficult>
    <bndbox>
      <xmin>279.55</xmin>
      <ymin>123.64</ymin>
      <xmax>292.73</xmax>
      <ymax>142.73</ymax>
    </bndbox>
  </object>
  <object>
    <name>cabinet</name>
    <pose>Unspecified</pose>
    <truncated>0</truncated>
    <difficult>0</difficult>
    <bndbox>
      <xmin>289.55</xmin>
      <ymin>110.00</ymin>
      <xmax>366.36</xmax>
      <ymax>187.27</ymax>
    </bndbox>
  </object>
  <object>
    <name>wire</name>
    <pose>Unspecified</pose>
    <truncated>0</truncated>
    <difficult>0</difficult>
    <bndbox>
      <xmin>159.55</xmin>
      <ymin>131.36</ymin>
      <xmax>174.55</xmax>
      <ymax>141.36</ymax>
    </bndbox>
  </object>
  <object>
    <name>wire</name>
    <pose>Unspecified</pose>
    <truncated>0</truncated>
    <difficult>0</difficult>
    <bndbox>
      <xmin>114.55</xmin>
      <ymin>181.36</ymin>
      <xmax>142.27</xmax>
      <ymax>190.00</ymax>
    </bndbox>
  </object>
</annotation>