<?xml version="1.0" encoding="UTF-8" ?>
<annotation>
  <folder>RGB200W_277985947_116444755620934234.jpg</folder>
  <filename>RGB200W_277985947_116444755620934234.jpg</filename>
  <path>http://172.18.39.209:9000/aliimages1999999999/RGB200W_277985947_116444755620934234.jpg</path>
  <source>
    <database>Unknown</database>
  </source>
  <size>
    <width>642</width>
    <height>361</height>
    <depth>0</depth>
  </size>
  <segmented>0</segmented>
  <object>
    <name>TV_stand</name>
    <pose>Unspecified</pose>
    <truncated>0</truncated>
    <difficult>0</difficult>
    <bndbox>
      <xmin>265.00</xmin>
      <ymin>144.09</ymin>
      <xmax>428.64</xmax>
      <ymax>210.00</ymax>
    </bndbox>
  </object>
  <object>
    <name>cabinet</name>
    <pose>Unspecified</pose>
    <truncated>0</truncated>
    <difficult>0</difficult>
    <bndbox>
      <xmin>104.55</xmin>
      <ymin>44.09</ymin>
      <xmax>254.55</xmax>
      <ymax>214.55</ymax>
    </bndbox>
  </object>
  <object>
    <name>wire</name>
    <pose>Unspecified</pose>
    <truncated>0</truncated>
    <difficult>0</difficult>
    <bndbox>
      <xmin>325.00</xmin>
      <ymin>142.73</ymin>
      <xmax>329.09</xmax>
      <ymax>155.45</ymax>
    </bndbox>
  </object>
  <object>
    <name>wire</name>
    <pose>Unspecified</pose>
    <truncated>0</truncated>
    <difficult>0</difficult>
    <bndbox>
      <xmin>330.45</xmin>
      <ymin>143.64</ymin>
      <xmax>333.64</xmax>
      <ymax>157.27</ymax>
    </bndbox>
  </object>
</annotation>