<?xml version="1.0" encoding="UTF-8" ?>
<annotation>
  <folder>RGB200W_277985927_116445225086516222.jpg</folder>
  <filename>RGB200W_277985927_116445225086516222.jpg</filename>
  <path>http://172.18.39.209:9000/aliimages1999999990/RGB200W_277985927_116445225086516222.jpg</path>
  <source>
    <database>Unknown</database>
  </source>
  <size>
    <width>642</width>
    <height>361</height>
    <depth>0</depth>
  </size>
  <segmented>0</segmented>
  <object>
    <name>slipper</name>
    <pose>Unspecified</pose>
    <truncated>0</truncated>
    <difficult>0</difficult>
    <bndbox>
      <xmin>285.45</xmin>
      <ymin>172.73</ymin>
      <xmax>375.91</xmax>
      <ymax>234.09</ymax>
    </bndbox>
  </object>
  <object>
    <name>cabinet</name>
    <pose>Unspecified</pose>
    <truncated>0</truncated>
    <difficult>0</difficult>
    <bndbox>
      <xmin>101.36</xmin>
      <ymin>64.55</ymin>
      <xmax>257.73</xmax>
      <ymax>200.45</ymax>
    </bndbox>
  </object>
  <object>
    <name>bed1</name>
    <pose>Unspecified</pose>
    <truncated>0</truncated>
    <difficult>0</difficult>
    <bndbox>
      <xmin>0.45</xmin>
      <ymin>0.00</ymin>
      <xmax>162.73</xmax>
      <ymax>197.27</ymax>
    </bndbox>
  </object>
</annotation>