<?xml version="1.0" encoding="UTF-8" ?>
<annotation>
  <folder>RGB200W_29984_99999858_116445621379926560.jpg</folder>
  <filename>RGB200W_29984_99999858_116445621379926560.jpg</filename>
  <path>http://172.18.39.209:9000/aliimages1999999996/RGB200W_29984_99999858_116445621379926560.jpg</path>
  <source>
    <database>Unknown</database>
  </source>
  <size>
    <width>642</width>
    <height>362</height>
    <depth>0</depth>
  </size>
  <segmented>0</segmented>
  <object>
    <name>sofa_1</name>
    <pose>Unspecified</pose>
    <truncated>0</truncated>
    <difficult>0</difficult>
    <bndbox>
      <xmin>255.00</xmin>
      <ymin>90.00</ymin>
      <xmax>510.91</xmax>
      <ymax>235.91</ymax>
    </bndbox>
  </object>
  <object>
    <name>cabinet</name>
    <pose>Unspecified</pose>
    <truncated>0</truncated>
    <difficult>0</difficult>
    <bndbox>
      <xmin>158.64</xmin>
      <ymin>50.00</ymin>
      <xmax>270.00</xmax>
      <ymax>235.91</ymax>
    </bndbox>
  </object>
</annotation>