<?xml version="1.0" encoding="UTF-8" ?>
<annotation>
  <folder>RGB200W_CRL9993I202006069999_1594645400643582.jpg</folder>
  <filename>RGB200W_CRL9993I202006069999_1594645400643582.jpg</filename>
  <path>http://172.18.39.209:9000/aliimages1999999990/RGB200W_CRL9993I202006069999_1594645400643582.jpg</path>
  <source>
    <database>Unknown</database>
  </source>
  <size>
    <width>642</width>
    <height>361</height>
    <depth>0</depth>
  </size>
  <segmented>0</segmented>
  <object>
    <name>refrigerator</name>
    <pose>Unspecified</pose>
    <truncated>0</truncated>
    <difficult>0</difficult>
    <bndbox>
      <xmin>193.64</xmin>
      <ymin>0.00</ymin>
      <xmax>287.27</xmax>
      <ymax>225.91</ymax>
    </bndbox>
  </object>
  <object>
    <name>cabinet</name>
    <pose>Unspecified</pose>
    <truncated>0</truncated>
    <difficult>0</difficult>
    <bndbox>
      <xmin>100.00</xmin>
      <ymin>137.73</ymin>
      <xmax>188.18</xmax>
      <ymax>220.00</ymax>
    </bndbox>
  </object>
</annotation>