<?xml version="1.0" encoding="UTF-8" ?>
<annotation>
  <folder>RGB200W_202006292202_116444795480984852.jpg</folder>
  <filename>RGB200W_202006292202_116444795480984852.jpg</filename>
  <path>http://172.18.39.209:9000/aliimages1999999999/RGB200W_202006292202_116444795480984852.jpg</path>
  <source>
    <database>Unknown</database>
  </source>
  <size>
    <width>642</width>
    <height>361</height>
    <depth>0</depth>
  </size>
  <segmented>0</segmented>
  <object>
    <name>bed_1</name>
    <pose>Unspecified</pose>
    <truncated>0</truncated>
    <difficult>0</difficult>
    <bndbox>
      <xmin>23.18</xmin>
      <ymin>0.45</ymin>
      <xmax>529.09</xmax>
      <ymax>196.82</ymax>
    </bndbox>
  </object>
  <object>
    <name>cabinet</name>
    <pose>Unspecified</pose>
    <truncated>0</truncated>
    <difficult>0</difficult>
    <bndbox>
      <xmin>524.09</xmin>
      <ymin>0.45</ymin>
      <xmax>641.82</xmax>
      <ymax>184.09</ymax>
    </bndbox>
  </object>
</annotation>