<?xml version="1.0" encoding="UTF-8" ?>
<annotation>
  <folder>RGB200W_010102104221020_116446072864985182.jpg</folder>
  <filename>RGB200W_010102104221020_116446072864985182.jpg</filename>
  <path>http://172.18.39.209:9000/aliimages1999999986/RGB200W_010102104221020_116446072864985182.jpg</path>
  <source>
    <database>Unknown</database>
  </source>
  <size>
    <width>642</width>
    <height>362</height>
    <depth>0</depth>
  </size>
  <segmented>0</segmented>
  <object>
    <name>cabinet</name>
    <pose>Unspecified</pose>
    <truncated>0</truncated>
    <difficult>0</difficult>
    <bndbox>
      <xmin>472.73</xmin>
      <ymin>120.91</ymin>
      <xmax>561.82</xmax>
      <ymax>198.64</ymax>
    </bndbox>
  </object>
  <object>
    <name>bed</name>
    <pose>Unspecified</pose>
    <truncated>0</truncated>
    <difficult>0</difficult>
    <bndbox>
      <xmin>543.64</xmin>
      <ymin>0.91</ymin>
      <xmax>641.82</xmax>
      <ymax>197.73</ymax>
    </bndbox>
  </object>
</annotation>