<?xml version="1.0" encoding="UTF-8" ?>
<annotation>
  <folder>RGB200W_277985947_116444768337093371.jpg</folder>
  <filename>RGB200W_277985947_116444768337093371.jpg</filename>
  <path>http://172.18.39.209:9000/aliimages1999999990/RGB200W_277985947_116444768337093371.jpg</path>
  <source>
    <database>Unknown</database>
  </source>
  <size>
    <width>642</width>
    <height>361</height>
    <depth>0</depth>
  </size>
  <segmented>0</segmented>
  <object>
    <name>sofa1</name>
    <pose>Unspecified</pose>
    <truncated>0</truncated>
    <difficult>0</difficult>
    <bndbox>
      <xmin>401.82</xmin>
      <ymin>0.00</ymin>
      <xmax>641.82</xmax>
      <ymax>223.18</ymax>
    </bndbox>
  </object>
  <object>
    <name>cabinet</name>
    <pose>Unspecified</pose>
    <truncated>0</truncated>
    <difficult>0</difficult>
    <bndbox>
      <xmin>0.00</xmin>
      <ymin>115.00</ymin>
      <xmax>152.27</xmax>
      <ymax>214.09</ymax>
    </bndbox>
  </object>
</annotation>