<?xml version="1.0" encoding="UTF-8" ?>
<annotation>
  <folder>RGB200W_010102104221004_116446340231014146.jpg</folder>
  <filename>RGB200W_010102104221004_116446340231014146.jpg</filename>
  <path>http://172.18.39.209:9000/aliimages1999999986/RGB200W_010102104221004_116446340231014146.jpg</path>
  <source>
    <database>Unknown</database>
  </source>
  <size>
    <width>642</width>
    <height>362</height>
    <depth>0</depth>
  </size>
  <segmented>0</segmented>
  <object>
    <name>cabinet</name>
    <pose>Unspecified</pose>
    <truncated>0</truncated>
    <difficult>0</difficult>
    <bndbox>
      <xmin>282.73</xmin>
      <ymin>152.73</ymin>
      <xmax>340.91</xmax>
      <ymax>208.64</ymax>
    </bndbox>
  </object>
  <object>
    <name>bed</name>
    <pose>Unspecified</pose>
    <truncated>0</truncated>
    <difficult>0</difficult>
    <bndbox>
      <xmin>336.82</xmin>
      <ymin>5.91</ymin>
      <xmax>641.82</xmax>
      <ymax>223.64</ymax>
    </bndbox>
  </object>
</annotation>