<?xml version="1.0" encoding="UTF-8" ?>
<annotation>
  <folder>RGB200W_277985927_116444788021991546.jpg</folder>
  <filename>RGB200W_277985927_116444788021991546.jpg</filename>
  <path>http://172.18.39.209:9000/aliimages1999999996/RGB200W_277985927_116444788021991546.jpg</path>
  <source>
    <database>Unknown</database>
  </source>
  <size>
    <width>642</width>
    <height>361</height>
    <depth>0</depth>
  </size>
  <segmented>0</segmented>
  <object>
    <name>bed</name>
    <pose>Unspecified</pose>
    <truncated>0</truncated>
    <difficult>0</difficult>
    <bndbox>
      <xmin>0.00</xmin>
      <ymin>38.18</ymin>
      <xmax>140.00</xmax>
      <ymax>206.36</ymax>
    </bndbox>
  </object>
  <object>
    <name>door_anno</name>
    <pose>Unspecified</pose>
    <truncated>0</truncated>
    <difficult>0</difficult>
    <bndbox>
      <xmin>220.91</xmin>
      <ymin>74.09</ymin>
      <xmax>235.91</xmax>
      <ymax>195.00</ymax>
    </bndbox>
  </object>
  <object>
    <name>door_anno</name>
    <pose>Unspecified</pose>
    <truncated>0</truncated>
    <difficult>0</difficult>
    <bndbox>
      <xmin>189.09</xmin>
      <ymin>112.73</ymin>
      <xmax>215.45</xmax>
      <ymax>193.64</ymax>
    </bndbox>
  </object>
  <object>
    <name>chair_base</name>
    <pose>Unspecified</pose>
    <truncated>0</truncated>
    <difficult>0</difficult>
    <bndbox>
      <xmin>235.91</xmin>
      <ymin>185.00</ymin>
      <xmax>283.18</xmax>
      <ymax>197.73</ymax>
    </bndbox>
  </object>
  <object>
    <name>cabinet</name>
    <pose>Unspecified</pose>
    <truncated>0</truncated>
    <difficult>0</difficult>
    <bndbox>
      <xmin>250.91</xmin>
      <ymin>110.91</ymin>
      <xmax>324.55</xmax>
      <ymax>197.73</ymax>
    </bndbox>
  </object>
  <object>
    <name>wire</name>
    <pose>Unspecified</pose>
    <truncated>0</truncated>
    <difficult>0</difficult>
    <bndbox>
      <xmin>260.91</xmin>
      <ymin>107.27</ymin>
      <xmax>285.91</xmax>
      <ymax>181.36</ymax>
    </bndbox>
  </object>
</annotation>