<?xml version="1.0" encoding="UTF-8" ?>
<annotation>
  <folder>RGB200W_010102104301108_116449833231429246.jpg</folder>
  <filename>RGB200W_010102104301108_116449833231429246.jpg</filename>
  <path>http://172.18.39.209:9000/aliimages1999999986/RGB200W_010102104301108_116449833231429246.jpg</path>
  <source>
    <database>Unknown</database>
  </source>
  <size>
    <width>642</width>
    <height>362</height>
    <depth>0</depth>
  </size>
  <segmented>0</segmented>
  <object>
    <name>bed</name>
    <pose>Unspecified</pose>
    <truncated>0</truncated>
    <difficult>0</difficult>
    <bndbox>
      <xmin>165.91</xmin>
      <ymin>122.73</ymin>
      <xmax>376.82</xmax>
      <ymax>207.73</ymax>
    </bndbox>
  </object>
  <object>
    <name>cabinet</name>
    <pose>Unspecified</pose>
    <truncated>0</truncated>
    <difficult>0</difficult>
    <bndbox>
      <xmin>361.82</xmin>
      <ymin>158.64</ymin>
      <xmax>412.73</xmax>
      <ymax>206.82</ymax>
    </bndbox>
  </object>
</annotation>