<?xml version="1.0" encoding="UTF-8" ?>
<annotation>
  <folder>2021061702</folder>
  <filename>RGB200W_010102104221028_116448554310502458_UP20210617.jpg</filename>
  <path>http://172.18.39.209:9000/aliimages/2021061702/RGB200W_010102104221028_116448554310502458_UP20210617.jpg</path>
  <source>
    <database>Unknown</database>
  </source>
  <size>
    <width>642</width>
    <height>362</height>
    <depth>0</depth>
  </size>
  <segmented>0</segmented>
  <object>
    <name>blanket</name>
    <pose>Unspecified</pose>
    <truncated>0</truncated>
    <difficult>0</difficult>
    <bndbox>
      <xmin>9.09</xmin>
      <ymin>202.73</ymin>
      <xmax>200.00</xmax>
      <ymax>221.36</ymax>
    </bndbox>
  </object>
  <object>
    <name>door_anno</name>
    <pose>Unspecified</pose>
    <truncated>0</truncated>
    <difficult>0</difficult>
    <bndbox>
      <xmin>98.18</xmin>
      <ymin>0.00</ymin>
      <xmax>225.91</xmax>
      <ymax>216.82</ymax>
    </bndbox>
  </object>
  <object>
    <name>sofa</name>
    <pose>Unspecified</pose>
    <truncated>0</truncated>
    <difficult>0</difficult>
    <bndbox>
      <xmin>310.00</xmin>
      <ymin>121.36</ymin>
      <xmax>483.18</xmax>
      <ymax>217.73</ymax>
    </bndbox>
  </object>
  <object>
    <name>tea_table</name>
    <pose>Unspecified</pose>
    <truncated>0</truncated>
    <difficult>0</difficult>
    <bndbox>
      <xmin>453.18</xmin>
      <ymin>151.82</ymin>
      <xmax>600.91</xmax>
      <ymax>218.64</ymax>
    </bndbox>
  </object>
</annotation>