<?xml version="1.0" encoding="UTF-8" ?>
<annotation>
  <folder>RGB200W_CRL9993I202006069999_1594646329693600.jpg</folder>
  <filename>RGB200W_CRL9993I202006069999_1594646329693600.jpg</filename>
  <path>http://172.18.39.209:9000/aliimages1999999990/RGB200W_CRL9993I202006069999_1594646329693600.jpg</path>
  <source>
    <database>Unknown</database>
  </source>
  <size>
    <width>642</width>
    <height>361</height>
    <depth>0</depth>
  </size>
  <segmented>0</segmented>
  <object>
    <name>slipper</name>
    <pose>Unspecified</pose>
    <truncated>0</truncated>
    <difficult>0</difficult>
    <bndbox>
      <xmin>440.45</xmin>
      <ymin>154.55</ymin>
      <xmax>641.82</xmax>
      <ymax>239.09</ymax>
    </bndbox>
  </object>
  <object>
    <name>chair_base</name>
    <pose>Unspecified</pose>
    <truncated>0</truncated>
    <difficult>0</difficult>
    <bndbox>
      <xmin>325.45</xmin>
      <ymin>183.64</ymin>
      <xmax>424.09</xmax>
      <ymax>211.82</ymax>
    </bndbox>
  </object>
  <object>
    <name>cabinet</name>
    <pose>Unspecified</pose>
    <truncated>0</truncated>
    <difficult>0</difficult>
    <bndbox>
      <xmin>381.36</xmin>
      <ymin>26.36</ymin>
      <xmax>566.36</xmax>
      <ymax>213.64</ymax>
    </bndbox>
  </object>
</annotation>