<?xml version="1.0" encoding="UTF-8" ?>
<annotation>
  <folder>RGB200W_277985927_116444742652263173.jpg</folder>
  <filename>RGB200W_277985927_116444742652263173.jpg</filename>
  <path>http://172.18.39.209:9000/aliimages1999999996/RGB200W_277985927_116444742652263173.jpg</path>
  <source>
    <database>Unknown</database>
  </source>
  <size>
    <width>642</width>
    <height>361</height>
    <depth>0</depth>
  </size>
  <segmented>0</segmented>
  <object>
    <name>wire</name>
    <pose>Unspecified</pose>
    <truncated>0</truncated>
    <difficult>0</difficult>
    <bndbox>
      <xmin>229.09</xmin>
      <ymin>33.64</ymin>
      <xmax>305.91</xmax>
      <ymax>222.27</ymax>
    </bndbox>
  </object>
  <object>
    <name>wire</name>
    <pose>Unspecified</pose>
    <truncated>0</truncated>
    <difficult>0</difficult>
    <bndbox>
      <xmin>488.18</xmin>
      <ymin>0.00</ymin>
      <xmax>641.82</xmax>
      <ymax>160.45</ymax>
    </bndbox>
  </object>
  <object>
    <name>door_anno</name>
    <pose>Unspecified</pose>
    <truncated>0</truncated>
    <difficult>0</difficult>
    <bndbox>
      <xmin>149.09</xmin>
      <ymin>80.91</ymin>
      <xmax>212.27</xmax>
      <ymax>198.64</ymax>
    </bndbox>
  </object>
  <object>
    <name>cabinet</name>
    <pose>Unspecified</pose>
    <truncated>0</truncated>
    <difficult>0</difficult>
    <bndbox>
      <xmin>277.73</xmin>
      <ymin>0.00</ymin>
      <xmax>641.82</xmax>
      <ymax>279.09</ymax>
    </bndbox>
  </object>
</annotation>