<?xml version="1.0" encoding="UTF-8" ?>
<annotation>
  <folder>RGB200W_202006292027_116444745984215943.jpg</folder>
  <filename>RGB200W_202006292027_116444745984215943.jpg</filename>
  <path>http://172.18.39.209:9000/aliimages1999999996/RGB200W_202006292027_116444745984215943.jpg</path>
  <source>
    <database>Unknown</database>
  </source>
  <size>
    <width>642</width>
    <height>361</height>
    <depth>0</depth>
  </size>
  <segmented>0</segmented>
  <object>
    <name>TV_stand</name>
    <pose>Unspecified</pose>
    <truncated>0</truncated>
    <difficult>0</difficult>
    <bndbox>
      <xmin>332.27</xmin>
      <ymin>0.00</ymin>
      <xmax>641.82</xmax>
      <ymax>249.09</ymax>
    </bndbox>
  </object>
  <object>
    <name>plastic_toy</name>
    <pose>Unspecified</pose>
    <truncated>0</truncated>
    <difficult>0</difficult>
    <bndbox>
      <xmin>100.00</xmin>
      <ymin>165.91</ymin>
      <xmax>200.00</xmax>
      <ymax>211.36</ymax>
    </bndbox>
  </object>
  <object>
    <name>door_anno</name>
    <pose>Unspecified</pose>
    <truncated>0</truncated>
    <difficult>0</difficult>
    <bndbox>
      <xmin>173.18</xmin>
      <ymin>0.00</ymin>
      <xmax>234.09</xmax>
      <ymax>206.36</ymax>
    </bndbox>
  </object>
  <object>
    <name>slipper</name>
    <pose>Unspecified</pose>
    <truncated>0</truncated>
    <difficult>0</difficult>
    <bndbox>
      <xmin>232.27</xmin>
      <ymin>187.27</ymin>
      <xmax>262.73</xmax>
      <ymax>199.09</ymax>
    </bndbox>
  </object>
  <object>
    <name>cabinet</name>
    <pose>Unspecified</pose>
    <truncated>0</truncated>
    <difficult>0</difficult>
    <bndbox>
      <xmin>302.27</xmin>
      <ymin>0.00</ymin>
      <xmax>366.36</xmax>
      <ymax>205.91</ymax>
    </bndbox>
  </object>
  <object>
    <name>bed_1</name>
    <pose>Unspecified</pose>
    <truncated>0</truncated>
    <difficult>0</difficult>
    <bndbox>
      <xmin>231.36</xmin>
      <ymin>150.45</ymin>
      <xmax>308.18</xmax>
      <ymax>198.18</ymax>
    </bndbox>
  </object>
</annotation>