<?xml version="1.0" encoding="UTF-8" ?>
<annotation>
  <folder>2022011501</folder>
  <filename>RGB200W_29984CRL30V00061993_1637728598_12144.jpg</filename>
  <path>http://172.18.39.209:9000/aliimages/2022011501/RGB200W_29984CRL30V00061993_1637728598_12144.jpg</path>
  <source>
    <database>Unknown</database>
  </source>
  <size>
    <width>642</width>
    <height>362</height>
    <depth>0</depth>
  </size>
  <segmented>0</segmented>
  <object>
    <name>cabinet</name>
    <pose>Unspecified</pose>
    <truncated>0</truncated>
    <difficult>0</difficult>
    <bndbox>
      <xmin>35.91</xmin>
      <ymin>136.82</ymin>
      <xmax>145.91</xmax>
      <ymax>212.73</ymax>
    </bndbox>
  </object>
  <object>
    <name>bed</name>
    <pose>Unspecified</pose>
    <truncated>0</truncated>
    <difficult>0</difficult>
    <bndbox>
      <xmin>103.64</xmin>
      <ymin>92.73</ymin>
      <xmax>339.09</xmax>
      <ymax>210.45</ymax>
    </bndbox>
  </object>
</annotation>