<?xml version="1.0" encoding="UTF-8" ?>
<annotation>
  <folder>RGB200W_010102104221004_116446664279953066.jpg</folder>
  <filename>RGB200W_010102104221004_116446664279953066.jpg</filename>
  <path>http://172.18.39.209:9000/aliimages1999999986/RGB200W_010102104221004_116446664279953066.jpg</path>
  <source>
    <database>Unknown</database>
  </source>
  <size>
    <width>642</width>
    <height>362</height>
    <depth>0</depth>
  </size>
  <segmented>0</segmented>
  <object>
    <name>cabinet</name>
    <pose>Unspecified</pose>
    <truncated>0</truncated>
    <difficult>0</difficult>
    <bndbox>
      <xmin>380.91</xmin>
      <ymin>0.91</ymin>
      <xmax>641.82</xmax>
      <ymax>265.00</ymax>
    </bndbox>
  </object>
  <object>
    <name>dog</name>
    <pose>Unspecified</pose>
    <truncated>0</truncated>
    <difficult>0</difficult>
    <bndbox>
      <xmin>42.73</xmin>
      <ymin>175.91</ymin>
      <xmax>216.82</xmax>
      <ymax>215.00</ymax>
    </bndbox>
  </object>
</annotation>