<?xml version="1.0" encoding="UTF-8" ?>
<annotation>
  <folder>RGB200W_29984_99999215_116445005459920690.jpg</folder>
  <filename>RGB200W_29984_99999215_116445005459920690.jpg</filename>
  <path>http://172.18.39.209:9000/aliimages1999999996/RGB200W_29984_99999215_116445005459920690.jpg</path>
  <source>
    <database>Unknown</database>
  </source>
  <size>
    <width>642</width>
    <height>362</height>
    <depth>0</depth>
  </size>
  <segmented>0</segmented>
  <object>
    <name>wire</name>
    <pose>Unspecified</pose>
    <truncated>0</truncated>
    <difficult>0</difficult>
    <bndbox>
      <xmin>117.73</xmin>
      <ymin>165.91</ymin>
      <xmax>210.91</xmax>
      <ymax>210.00</ymax>
    </bndbox>
  </object>
  <object>
    <name>cabinet</name>
    <pose>Unspecified</pose>
    <truncated>0</truncated>
    <difficult>0</difficult>
    <bndbox>
      <xmin>183.64</xmin>
      <ymin>155.91</ymin>
      <xmax>253.64</xmax>
      <ymax>221.82</ymax>
    </bndbox>
  </object>
  <object>
    <name>cabinet</name>
    <pose>Unspecified</pose>
    <truncated>0</truncated>
    <difficult>0</difficult>
    <bndbox>
      <xmin>393.64</xmin>
      <ymin>171.82</ymin>
      <xmax>467.73</xmax>
      <ymax>221.82</ymax>
    </bndbox>
  </object>
  <object>
    <name>wire</name>
    <pose>Unspecified</pose>
    <truncated>0</truncated>
    <difficult>0</difficult>
    <bndbox>
      <xmin>463.64</xmin>
      <ymin>155.91</ymin>
      <xmax>515.00</xmax>
      <ymax>191.82</ymax>
    </bndbox>
  </object>
  <object>
    <name>chair_base</name>
    <pose>Unspecified</pose>
    <truncated>0</truncated>
    <difficult>0</difficult>
    <bndbox>
      <xmin>510.00</xmin>
      <ymin>206.82</ymin>
      <xmax>611.82</xmax>
      <ymax>228.64</ymax>
    </bndbox>
  </object>
  <object>
    <name>chair_base</name>
    <pose>Unspecified</pose>
    <truncated>0</truncated>
    <difficult>0</difficult>
    <bndbox>
      <xmin>147.73</xmin>
      <ymin>208.64</ymin>
      <xmax>187.73</xmax>
      <ymax>220.91</ymax>
    </bndbox>
  </object>
</annotation>