<?xml version="1.0" encoding="UTF-8" ?>
<annotation>
  <folder>RGB200W_010102104221013_116445455415278205.jpg</folder>
  <filename>RGB200W_010102104221013_116445455415278205.jpg</filename>
  <path>http://172.18.39.209:9000/aliimages1999999986/RGB200W_010102104221013_116445455415278205.jpg</path>
  <source>
    <database>Unknown</database>
  </source>
  <size>
    <width>642</width>
    <height>362</height>
    <depth>0</depth>
  </size>
  <segmented>0</segmented>
  <object>
    <name>bed1</name>
    <pose>Unspecified</pose>
    <truncated>0</truncated>
    <difficult>0</difficult>
    <bndbox>
      <xmin>0.91</xmin>
      <ymin>35.00</ymin>
      <xmax>238.64</xmax>
      <ymax>226.82</ymax>
    </bndbox>
  </object>
  <object>
    <name>cabinet</name>
    <pose>Unspecified</pose>
    <truncated>0</truncated>
    <difficult>0</difficult>
    <bndbox>
      <xmin>290.91</xmin>
      <ymin>155.00</ymin>
      <xmax>340.91</xmax>
      <ymax>192.73</ymax>
    </bndbox>
  </object>
</annotation>