<?xml version="1.0" encoding="UTF-8" ?>
<annotation>
  <folder>RGB200W_277985927_116444914328824522.jpg</folder>
  <filename>RGB200W_277985927_116444914328824522.jpg</filename>
  <path>http://172.18.39.209:9000/aliimages1999999990/RGB200W_277985927_116444914328824522.jpg</path>
  <source>
    <database>Unknown</database>
  </source>
  <size>
    <width>642</width>
    <height>361</height>
    <depth>0</depth>
  </size>
  <segmented>0</segmented>
  <object>
    <name>chair_base</name>
    <pose>Unspecified</pose>
    <truncated>0</truncated>
    <difficult>0</difficult>
    <bndbox>
      <xmin>281.82</xmin>
      <ymin>181.82</ymin>
      <xmax>428.18</xmax>
      <ymax>220.45</ymax>
    </bndbox>
  </object>
  <object>
    <name>wire</name>
    <pose>Unspecified</pose>
    <truncated>0</truncated>
    <difficult>0</difficult>
    <bndbox>
      <xmin>291.82</xmin>
      <ymin>0.45</ymin>
      <xmax>346.36</xmax>
      <ymax>115.91</ymax>
    </bndbox>
  </object>
  <object>
    <name>wire</name>
    <pose>Unspecified</pose>
    <truncated>0</truncated>
    <difficult>0</difficult>
    <bndbox>
      <xmin>306.36</xmin>
      <ymin>157.73</ymin>
      <xmax>325.91</xmax>
      <ymax>197.27</ymax>
    </bndbox>
  </object>
  <object>
    <name>cabinet</name>
    <pose>Unspecified</pose>
    <truncated>0</truncated>
    <difficult>0</difficult>
    <bndbox>
      <xmin>322.73</xmin>
      <ymin>0.00</ymin>
      <xmax>550.00</xmax>
      <ymax>215.00</ymax>
    </bndbox>
  </object>
  <object>
    <name>bed1</name>
    <pose>Unspecified</pose>
    <truncated>0</truncated>
    <difficult>0</difficult>
    <bndbox>
      <xmin>0.00</xmin>
      <ymin>13.64</ymin>
      <xmax>163.18</xmax>
      <ymax>196.36</ymax>
    </bndbox>
  </object>
  <object>
    <name>slipper</name>
    <pose>Unspecified</pose>
    <truncated>0</truncated>
    <difficult>0</difficult>
    <bndbox>
      <xmin>170.91</xmin>
      <ymin>182.73</ymin>
      <xmax>209.09</xmax>
      <ymax>195.91</ymax>
    </bndbox>
  </object>
  <object>
    <name>door_anno</name>
    <pose>Unspecified</pose>
    <truncated>0</truncated>
    <difficult>0</difficult>
    <bndbox>
      <xmin>255.45</xmin>
      <ymin>99.55</ymin>
      <xmax>301.82</xmax>
      <ymax>193.64</ymax>
    </bndbox>
  </object>
</annotation>