<?xml version="1.0" encoding="UTF-8" ?>
<annotation>
  <folder>RGB200W_277985948_116444775479090916.jpg</folder>
  <filename>RGB200W_277985948_116444775479090916.jpg</filename>
  <path>http://172.18.39.209:9000/aliimages1999999990/RGB200W_277985948_116444775479090916.jpg</path>
  <source>
    <database>Unknown</database>
  </source>
  <size>
    <width>642</width>
    <height>361</height>
    <depth>0</depth>
  </size>
  <segmented>0</segmented>
  <object>
    <name>bed</name>
    <pose>Unspecified</pose>
    <truncated>0</truncated>
    <difficult>0</difficult>
    <bndbox>
      <xmin>0.00</xmin>
      <ymin>100.00</ymin>
      <xmax>231.36</xmax>
      <ymax>206.82</ymax>
    </bndbox>
  </object>
  <object>
    <name>cabinet</name>
    <pose>Unspecified</pose>
    <truncated>0</truncated>
    <difficult>0</difficult>
    <bndbox>
      <xmin>260.00</xmin>
      <ymin>147.27</ymin>
      <xmax>310.00</xmax>
      <ymax>203.64</ymax>
    </bndbox>
  </object>
</annotation>