<?xml version="1.0" encoding="UTF-8" ?>
<annotation>
  <folder>2021122503</folder>
  <filename>RGB200W_29984CRL30V00066363_1637386543_4898.jpg</filename>
  <path>http://172.18.39.209:9000/aliimages/2021122503/RGB200W_29984CRL30V00066363_1637386543_4898.jpg</path>
  <source>
    <database>Unknown</database>
  </source>
  <size>
    <width>642</width>
    <height>362</height>
    <depth>0</depth>
  </size>
  <segmented>0</segmented>
  <object>
    <name>cabinet</name>
    <pose>Unspecified</pose>
    <truncated>0</truncated>
    <difficult>0</difficult>
    <bndbox>
      <xmin>147.27</xmin>
      <ymin>61.36</ymin>
      <xmax>283.64</xmax>
      <ymax>215.45</ymax>
    </bndbox>
  </object>
  <object>
    <name>bed1</name>
    <pose>Unspecified</pose>
    <truncated>0</truncated>
    <difficult>0</difficult>
    <bndbox>
      <xmin>226.36</xmin>
      <ymin>1.36</ymin>
      <xmax>640.91</xmax>
      <ymax>205.91</ymax>
    </bndbox>
  </object>
</annotation>