<?xml version="1.0" encoding="UTF-8" ?>
<annotation>
  <folder>RGB200W_202006292025_116444770724935265.jpg</folder>
  <filename>RGB200W_202006292025_116444770724935265.jpg</filename>
  <path>http://172.18.39.209:9000/aliimages1999999990/RGB200W_202006292025_116444770724935265.jpg</path>
  <source>
    <database>Unknown</database>
  </source>
  <size>
    <width>642</width>
    <height>361</height>
    <depth>0</depth>
  </size>
  <segmented>0</segmented>
  <object>
    <name>refrigerator</name>
    <pose>Unspecified</pose>
    <truncated>0</truncated>
    <difficult>0</difficult>
    <bndbox>
      <xmin>250.45</xmin>
      <ymin>0.00</ymin>
      <xmax>328.64</xmax>
      <ymax>186.82</ymax>
    </bndbox>
  </object>
  <object>
    <name>cabinet</name>
    <pose>Unspecified</pose>
    <truncated>0</truncated>
    <difficult>0</difficult>
    <bndbox>
      <xmin>76.36</xmin>
      <ymin>60.45</ymin>
      <xmax>130.00</xmax>
      <ymax>175.00</ymax>
    </bndbox>
  </object>
</annotation>