<?xml version="1.0" encoding="UTF-8" ?>
<annotation>
  <folder>2021061702</folder>
  <filename>RGB200W_010102104221028_116446585231564104_UP20210617.jpg</filename>
  <path>http://172.18.39.209:9000/aliimages/2021061702/RGB200W_010102104221028_116446585231564104_UP20210617.jpg</path>
  <source>
    <database>Unknown</database>
  </source>
  <size>
    <width>642</width>
    <height>362</height>
    <depth>0</depth>
  </size>
  <segmented>0</segmented>
  <object>
    <name>blanket</name>
    <pose>Unspecified</pose>
    <truncated>0</truncated>
    <difficult>0</difficult>
    <bndbox>
      <xmin>351.82</xmin>
      <ymin>212.73</ymin>
      <xmax>641.82</xmax>
      <ymax>300.91</ymax>
    </bndbox>
  </object>
  <object>
    <name>toilet</name>
    <pose>Unspecified</pose>
    <truncated>0</truncated>
    <difficult>0</difficult>
    <bndbox>
      <xmin>416.82</xmin>
      <ymin>122.73</ymin>
      <xmax>486.82</xmax>
      <ymax>214.55</ymax>
    </bndbox>
  </object>
</annotation>