<?xml version="1.0" encoding="UTF-8" ?>
<annotation>
  <folder>2022011501</folder>
  <filename>RGB200W_29984CRL30V00061993_1637728745_12833.jpg</filename>
  <path>http://172.18.39.209:9000/aliimages/2022011501/RGB200W_29984CRL30V00061993_1637728745_12833.jpg</path>
  <source>
    <database>Unknown</database>
  </source>
  <size>
    <width>642</width>
    <height>362</height>
    <depth>0</depth>
  </size>
  <segmented>0</segmented>
  <object>
    <name>cabinet</name>
    <pose>Unspecified</pose>
    <truncated>0</truncated>
    <difficult>0</difficult>
    <bndbox>
      <xmin>-0.45</xmin>
      <ymin>114.55</ymin>
      <xmax>107.73</xmax>
      <ymax>210.91</ymax>
    </bndbox>
  </object>
  <object>
    <name>bed</name>
    <pose>Unspecified</pose>
    <truncated>0</truncated>
    <difficult>0</difficult>
    <bndbox>
      <xmin>58.64</xmin>
      <ymin>65.45</ymin>
      <xmax>386.82</xmax>
      <ymax>208.18</ymax>
    </bndbox>
  </object>
</annotation>