<?xml version="1.0" encoding="UTF-8" ?>
<annotation>
  <folder>RGB200W_CRL9993I202006069999_1591690572415285.jpg</folder>
  <filename>RGB200W_CRL9993I202006069999_1591690572415285.jpg</filename>
  <path>http://172.18.39.209:9000/aliimages1999999990/RGB200W_CRL9993I202006069999_1591690572415285.jpg</path>
  <source>
    <database>Unknown</database>
  </source>
  <size>
    <width>642</width>
    <height>361</height>
    <depth>0</depth>
  </size>
  <segmented>0</segmented>
  <object>
    <name>wire</name>
    <pose>Unspecified</pose>
    <truncated>0</truncated>
    <difficult>0</difficult>
    <bndbox>
      <xmin>334.09</xmin>
      <ymin>157.27</ymin>
      <xmax>370.91</xmax>
      <ymax>211.36</ymax>
    </bndbox>
  </object>
  <object>
    <name>cabinet</name>
    <pose>Unspecified</pose>
    <truncated>0</truncated>
    <difficult>0</difficult>
    <bndbox>
      <xmin>308.64</xmin>
      <ymin>158.64</ymin>
      <xmax>365.00</xmax>
      <ymax>212.73</ymax>
    </bndbox>
  </object>
  <object>
    <name>bed</name>
    <pose>Unspecified</pose>
    <truncated>0</truncated>
    <difficult>0</difficult>
    <bndbox>
      <xmin>355.45</xmin>
      <ymin>0.00</ymin>
      <xmax>641.82</xmax>
      <ymax>228.18</ymax>
    </bndbox>
  </object>
  <object>
    <name>metal_chair_foot</name>
    <pose>Unspecified</pose>
    <truncated>0</truncated>
    <difficult>0</difficult>
    <bndbox>
      <xmin>212.27</xmin>
      <ymin>205.91</ymin>
      <xmax>278.18</xmax>
      <ymax>222.73</ymax>
    </bndbox>
  </object>
</annotation>