<?xml version="1.0" encoding="UTF-8" ?>
<annotation>
  <folder>RGB200W_277985927_116444747870184245.jpg</folder>
  <filename>RGB200W_277985927_116444747870184245.jpg</filename>
  <path>http://172.18.39.209:9000/aliimages1999999999/RGB200W_277985927_116444747870184245.jpg</path>
  <source>
    <database>Unknown</database>
  </source>
  <size>
    <width>642</width>
    <height>361</height>
    <depth>0</depth>
  </size>
  <segmented>0</segmented>
  <object>
    <name>cabinet</name>
    <pose>Unspecified</pose>
    <truncated>0</truncated>
    <difficult>0</difficult>
    <bndbox>
      <xmin>0.45</xmin>
      <ymin>0.00</ymin>
      <xmax>252.73</xmax>
      <ymax>203.18</ymax>
    </bndbox>
  </object>
  <object>
    <name>bed</name>
    <pose>Unspecified</pose>
    <truncated>0</truncated>
    <difficult>0</difficult>
    <bndbox>
      <xmin>236.36</xmin>
      <ymin>12.73</ymin>
      <xmax>640.91</xmax>
      <ymax>208.64</ymax>
    </bndbox>
  </object>
</annotation>