<?xml version="1.0" encoding="UTF-8" ?>
<annotation>
  <folder>RGB200W_010102104221002_116445980567987700.jpg</folder>
  <filename>RGB200W_010102104221002_116445980567987700.jpg</filename>
  <path>http://172.18.39.209:9000/aliimages1999999986/RGB200W_010102104221002_116445980567987700.jpg</path>
  <source>
    <database>Unknown</database>
  </source>
  <size>
    <width>642</width>
    <height>362</height>
    <depth>0</depth>
  </size>
  <segmented>0</segmented>
  <object>
    <name>bed</name>
    <pose>Unspecified</pose>
    <truncated>0</truncated>
    <difficult>0</difficult>
    <bndbox>
      <xmin>0.91</xmin>
      <ymin>8.64</ymin>
      <xmax>222.73</xmax>
      <ymax>210.91</ymax>
    </bndbox>
  </object>
  <object>
    <name>cabinet</name>
    <pose>Unspecified</pose>
    <truncated>0</truncated>
    <difficult>0</difficult>
    <bndbox>
      <xmin>197.73</xmin>
      <ymin>147.73</ymin>
      <xmax>275.00</xmax>
      <ymax>211.82</ymax>
    </bndbox>
  </object>
</annotation>