<?xml version="1.0" encoding="UTF-8" ?>
<annotation>
  <folder>RGB200W_202006292033_116444784489682441.jpg</folder>
  <filename>RGB200W_202006292033_116444784489682441.jpg</filename>
  <path>http://172.18.39.209:9000/aliimages1999999990/RGB200W_202006292033_116444784489682441.jpg</path>
  <source>
    <database>Unknown</database>
  </source>
  <size>
    <width>642</width>
    <height>361</height>
    <depth>0</depth>
  </size>
  <segmented>0</segmented>
  <object>
    <name>cabinet</name>
    <pose>Unspecified</pose>
    <truncated>0</truncated>
    <difficult>0</difficult>
    <bndbox>
      <xmin>366.82</xmin>
      <ymin>85.91</ymin>
      <xmax>495.45</xmax>
      <ymax>222.27</ymax>
    </bndbox>
  </object>
  <object>
    <name>refrigerator1</name>
    <pose>Unspecified</pose>
    <truncated>0</truncated>
    <difficult>0</difficult>
    <bndbox>
      <xmin>504.55</xmin>
      <ymin>0.00</ymin>
      <xmax>641.82</xmax>
      <ymax>231.82</ymax>
    </bndbox>
  </object>
</annotation>