<?xml version="1.0" encoding="UTF-8" ?>
<annotation>
  <folder>RGB200W_29984CRL30V00000007_116444742930489258.jpg</folder>
  <filename>RGB200W_29984CRL30V00000007_116444742930489258.jpg</filename>
  <path>http://172.18.39.209:9000/aliimages1999999990/RGB200W_29984CRL30V00000007_116444742930489258.jpg</path>
  <source>
    <database>Unknown</database>
  </source>
  <size>
    <width>642</width>
    <height>362</height>
    <depth>0</depth>
  </size>
  <segmented>0</segmented>
  <object>
    <name>cabinet</name>
    <pose>Unspecified</pose>
    <truncated>0</truncated>
    <difficult>0</difficult>
    <bndbox>
      <xmin>488.64</xmin>
      <ymin>101.82</ymin>
      <xmax>635.91</xmax>
      <ymax>215.00</ymax>
    </bndbox>
  </object>
</annotation>