<?xml version="1.0" encoding="UTF-8" ?>
<annotation>
  <folder>RGB200W_277985947_116444749682725577.jpg</folder>
  <filename>RGB200W_277985947_116444749682725577.jpg</filename>
  <path>http://172.18.39.209:9000/aliimages1999999983/RGB200W_277985947_116444749682725577.jpg</path>
  <source>
    <database>Unknown</database>
  </source>
  <size>
    <width>642</width>
    <height>361</height>
    <depth>0</depth>
  </size>
  <segmented>0</segmented>
  <object>
    <name>TV_stand</name>
    <pose>Unspecified</pose>
    <truncated>0</truncated>
    <difficult>0</difficult>
    <bndbox>
      <xmin>338.18</xmin>
      <ymin>131.82</ymin>
      <xmax>489.55</xmax>
      <ymax>209.55</ymax>
    </bndbox>
  </object>
  <object>
    <name>cabinet</name>
    <pose>Unspecified</pose>
    <truncated>0</truncated>
    <difficult>0</difficult>
    <bndbox>
      <xmin>487.27</xmin>
      <ymin>165.00</ymin>
      <xmax>528.64</xmax>
      <ymax>209.55</ymax>
    </bndbox>
  </object>
  <object>
    <name>cabinet</name>
    <pose>Unspecified</pose>
    <truncated>0</truncated>
    <difficult>0</difficult>
    <bndbox>
      <xmin>180.91</xmin>
      <ymin>12.27</ymin>
      <xmax>326.82</xmax>
      <ymax>211.36</ymax>
    </bndbox>
  </object>
</annotation>