<?xml version="1.0" encoding="UTF-8" ?>
<annotation>
  <folder>RGB200W_29984CRL30V00000172_116457024996516308.jpg</folder>
  <filename>RGB200W_29984CRL30V00000172_116457024996516308.jpg</filename>
  <path>http://172.18.39.209:9000/aliimages1999999984/RGB200W_29984CRL30V00000172_116457024996516308.jpg</path>
  <source>
    <database>Unknown</database>
  </source>
  <size>
    <width>642</width>
    <height>362</height>
    <depth>0</depth>
  </size>
  <segmented>0</segmented>
  <object>
    <name>cabinet</name>
    <pose>Unspecified</pose>
    <truncated>0</truncated>
    <difficult>0</difficult>
    <bndbox>
      <xmin>225.91</xmin>
      <ymin>121.82</ymin>
      <xmax>311.82</xmax>
      <ymax>208.64</ymax>
    </bndbox>
  </object>
  <object>
    <name>bed</name>
    <pose>Unspecified</pose>
    <truncated>0</truncated>
    <difficult>0</difficult>
    <bndbox>
      <xmin>0.91</xmin>
      <ymin>0.91</ymin>
      <xmax>232.73</xmax>
      <ymax>208.64</ymax>
    </bndbox>
  </object>
</annotation>