<?xml version="1.0" encoding="UTF-8" ?>
<annotation>
  <folder>RGB200W_29984_99999941_116451401619770062-227.179_227.230_327.607_190.117_0.288_0.098_-0.107_0.027.jpg</folder>
  <filename>RGB200W_29984_99999941_116451401619770062-227.179_227.230_327.607_190.117_0.288_0.098_-0.107_0.027.jpg</filename>
  <path>http://172.18.39.209:9000/aliimages1999999982/RGB200W_29984_99999941_116451401619770062-227.179_227.230_327.607_190.117_0.288_0.098_-0.107_0.027.jpg</path>
  <source>
    <database>Unknown</database>
  </source>
  <size>
    <width>642</width>
    <height>362</height>
    <depth>0</depth>
  </size>
  <segmented>0</segmented>
  <object>
    <name>wire</name>
    <pose>Unspecified</pose>
    <truncated>0</truncated>
    <difficult>0</difficult>
    <bndbox>
      <xmin>266.82</xmin>
      <ymin>83.64</ymin>
      <xmax>370.00</xmax>
      <ymax>222.73</ymax>
    </bndbox>
  </object>
  <object>
    <name>chair_base</name>
    <pose>Unspecified</pose>
    <truncated>0</truncated>
    <difficult>0</difficult>
    <bndbox>
      <xmin>227.73</xmin>
      <ymin>200.91</ymin>
      <xmax>297.73</xmax>
      <ymax>221.82</ymax>
    </bndbox>
  </object>
  <object>
    <name>cabinet</name>
    <pose>Unspecified</pose>
    <truncated>0</truncated>
    <difficult>0</difficult>
    <bndbox>
      <xmin>33.64</xmin>
      <ymin>125.00</ymin>
      <xmax>172.73</xmax>
      <ymax>222.73</ymax>
    </bndbox>
  </object>
</annotation>