<?xml version="1.0" encoding="UTF-8" ?>
<annotation>
  <folder>2021122503</folder>
  <filename>RGB200W_29984CRL30V00066363_1637385897_1879.jpg</filename>
  <path>http://172.18.39.209:9000/aliimages/2021122503/RGB200W_29984CRL30V00066363_1637385897_1879.jpg</path>
  <source>
    <database>Unknown</database>
  </source>
  <size>
    <width>642</width>
    <height>362</height>
    <depth>0</depth>
  </size>
  <segmented>0</segmented>
  <object>
    <name>cabinet</name>
    <pose>Unspecified</pose>
    <truncated>0</truncated>
    <difficult>0</difficult>
    <bndbox>
      <xmin>357.27</xmin>
      <ymin>133.64</ymin>
      <xmax>424.09</xmax>
      <ymax>216.36</ymax>
    </bndbox>
  </object>
  <object>
    <name>bed</name>
    <pose>Unspecified</pose>
    <truncated>0</truncated>
    <difficult>0</difficult>
    <bndbox>
      <xmin>1.36</xmin>
      <ymin>-0.45</ymin>
      <xmax>372.73</xmax>
      <ymax>243.18</ymax>
    </bndbox>
  </object>
</annotation>