<?xml version="1.0" encoding="UTF-8" ?>
<annotation>
  <folder>2021122503</folder>
  <filename>RGB200W_29984CRL30V00066363_1637387481_202.jpg</filename>
  <path>http://172.18.39.209:9000/aliimages/2021122503/RGB200W_29984CRL30V00066363_1637387481_202.jpg</path>
  <source>
    <database>Unknown</database>
  </source>
  <size>
    <width>642</width>
    <height>362</height>
    <depth>0</depth>
  </size>
  <segmented>0</segmented>
  <object>
    <name>bed</name>
    <pose>Unspecified</pose>
    <truncated>0</truncated>
    <difficult>0</difficult>
    <bndbox>
      <xmin>240.91</xmin>
      <ymin>42.73</ymin>
      <xmax>578.64</xmax>
      <ymax>215.45</ymax>
    </bndbox>
  </object>
  <object>
    <name>cabinet</name>
    <pose>Unspecified</pose>
    <truncated>0</truncated>
    <difficult>0</difficult>
    <bndbox>
      <xmin>9.09</xmin>
      <ymin>0.91</ymin>
      <xmax>249.09</xmax>
      <ymax>232.73</ymax>
    </bndbox>
  </object>
</annotation>