<?xml version="1.0" encoding="UTF-8" ?>
<annotation>
  <folder>RGB200W_202006292027_116444739893711631.jpg</folder>
  <filename>RGB200W_202006292027_116444739893711631.jpg</filename>
  <path>http://172.18.39.209:9000/aliimages2021122805/RGB200W_202006292027_116444739893711631.jpg</path>
  <source>
    <database>Unknown</database>
  </source>
  <size>
    <width>1920</width>
    <height>1079</height>
    <depth>0</depth>
  </size>
  <segmented>0</segmented>
  <object>
    <name>person_leg</name>
    <pose>Unspecified</pose>
    <truncated>0</truncated>
    <difficult>0</difficult>
    <bndbox>
      <xmin>598.13</xmin>
      <ymin>0.00</ymin>
      <xmax>884.96</xmax>
      <ymax>687.85</ymax>
    </bndbox>
  </object>
  <object>
    <name>person_leg</name>
    <pose>Unspecified</pose>
    <truncated>0</truncated>
    <difficult>0</difficult>
    <bndbox>
      <xmin>369.75</xmin>
      <ymin>0.00</ymin>
      <xmax>638.91</xmax>
      <ymax>690.57</ymax>
    </bndbox>
  </object>
  <object>
    <name>shoe</name>
    <pose>Unspecified</pose>
    <truncated>0</truncated>
    <difficult>0</difficult>
    <bndbox>
      <xmin>587.26</xmin>
      <ymin>543.76</ymin>
      <xmax>861.85</xmax>
      <ymax>687.85</ymax>
    </bndbox>
  </object>
  <object>
    <name>shoe</name>
    <pose>Unspecified</pose>
    <truncated>0</truncated>
    <difficult>0</difficult>
    <bndbox>
      <xmin>343.93</xmin>
      <ymin>538.32</ymin>
      <xmax>648.43</xmax>
      <ymax>687.85</ymax>
    </bndbox>
  </object>
  <object>
    <name>cabinet</name>
    <pose>Unspecified</pose>
    <truncated>0</truncated>
    <difficult>0</difficult>
    <bndbox>
      <xmin>923.02</xmin>
      <ymin>0.00</ymin>
      <xmax>1329.48</xmax>
      <ymax>584.54</ymax>
    </bndbox>
  </object>
</annotation>