<?xml version="1.0" encoding="UTF-8" ?>
<annotation>
  <folder>RGB200W_CRL9993I202006069999_1594646324971422.jpg</folder>
  <filename>RGB200W_CRL9993I202006069999_1594646324971422.jpg</filename>
  <path>http://172.18.39.209:9000/aliimages1999999996/RGB200W_CRL9993I202006069999_1594646324971422.jpg</path>
  <source>
    <database>Unknown</database>
  </source>
  <size>
    <width>642</width>
    <height>361</height>
    <depth>0</depth>
  </size>
  <segmented>0</segmented>
  <object>
    <name>bed</name>
    <pose>Unspecified</pose>
    <truncated>0</truncated>
    <difficult>0</difficult>
    <bndbox>
      <xmin>465.45</xmin>
      <ymin>0.00</ymin>
      <xmax>641.82</xmax>
      <ymax>202.27</ymax>
    </bndbox>
  </object>
  <object>
    <name>cabinet</name>
    <pose>Unspecified</pose>
    <truncated>0</truncated>
    <difficult>0</difficult>
    <bndbox>
      <xmin>406.36</xmin>
      <ymin>119.09</ymin>
      <xmax>482.73</xmax>
      <ymax>190.91</ymax>
    </bndbox>
  </object>
</annotation>