<?xml version="1.0" encoding="UTF-8" ?>
<annotation>
  <folder>RGB200W_CRL9993I202006069999_1594646642291880.jpg</folder>
  <filename>RGB200W_CRL9993I202006069999_1594646642291880.jpg</filename>
  <path>http://172.18.39.209:9000/aliimages1999999990/RGB200W_CRL9993I202006069999_1594646642291880.jpg</path>
  <source>
    <database>Unknown</database>
  </source>
  <size>
    <width>642</width>
    <height>361</height>
    <depth>0</depth>
  </size>
  <segmented>0</segmented>
  <object>
    <name>bed</name>
    <pose>Unspecified</pose>
    <truncated>0</truncated>
    <difficult>0</difficult>
    <bndbox>
      <xmin>0.91</xmin>
      <ymin>0.00</ymin>
      <xmax>437.27</xmax>
      <ymax>189.09</ymax>
    </bndbox>
  </object>
  <object>
    <name>cabinet</name>
    <pose>Unspecified</pose>
    <truncated>0</truncated>
    <difficult>0</difficult>
    <bndbox>
      <xmin>433.64</xmin>
      <ymin>0.00</ymin>
      <xmax>641.82</xmax>
      <ymax>228.64</ymax>
    </bndbox>
  </object>
</annotation>