<?xml version="1.0" encoding="UTF-8" ?>
<annotation>
  <folder>RGB200W_CRL9993I202006069999_1594644436322434.jpg</folder>
  <filename>RGB200W_CRL9993I202006069999_1594644436322434.jpg</filename>
  <path>http://172.18.39.209:9000/aliimages1999999990/RGB200W_CRL9993I202006069999_1594644436322434.jpg</path>
  <source>
    <database>Unknown</database>
  </source>
  <size>
    <width>642</width>
    <height>361</height>
    <depth>0</depth>
  </size>
  <segmented>0</segmented>
  <object>
    <name>cabinet</name>
    <pose>Unspecified</pose>
    <truncated>0</truncated>
    <difficult>0</difficult>
    <bndbox>
      <xmin>530.45</xmin>
      <ymin>48.64</ymin>
      <xmax>641.82</xmax>
      <ymax>231.36</ymax>
    </bndbox>
  </object>
  <object>
    <name>wire</name>
    <pose>Unspecified</pose>
    <truncated>0</truncated>
    <difficult>0</difficult>
    <bndbox>
      <xmin>410.91</xmin>
      <ymin>93.64</ymin>
      <xmax>528.64</xmax>
      <ymax>207.27</ymax>
    </bndbox>
  </object>
</annotation>