<?xml version="1.0" encoding="UTF-8" ?>
<annotation>
  <folder>RGB200W_CRL9993I202006069999_1591691494163820.jpg</folder>
  <filename>RGB200W_CRL9993I202006069999_1591691494163820.jpg</filename>
  <path>http://172.18.39.209:9000/aliimages1999999984/RGB200W_CRL9993I202006069999_1591691494163820.jpg</path>
  <source>
    <database>Unknown</database>
  </source>
  <size>
    <width>642</width>
    <height>361</height>
    <depth>0</depth>
  </size>
  <segmented>0</segmented>
  <object>
    <name>cabinet</name>
    <pose>Unspecified</pose>
    <truncated>0</truncated>
    <difficult>0</difficult>
    <bndbox>
      <xmin>259.09</xmin>
      <ymin>84.55</ymin>
      <xmax>311.36</xmax>
      <ymax>209.09</ymax>
    </bndbox>
  </object>
  <object>
    <name>cabinet</name>
    <pose>Unspecified</pose>
    <truncated>0</truncated>
    <difficult>0</difficult>
    <bndbox>
      <xmin>187.73</xmin>
      <ymin>51.82</ymin>
      <xmax>262.73</xmax>
      <ymax>209.55</ymax>
    </bndbox>
  </object>
  <object>
    <name>cabinet</name>
    <pose>Unspecified</pose>
    <truncated>0</truncated>
    <difficult>0</difficult>
    <bndbox>
      <xmin>79.55</xmin>
      <ymin>37.27</ymin>
      <xmax>191.82</xmax>
      <ymax>209.55</ymax>
    </bndbox>
  </object>
  <object>
    <name>shoe</name>
    <pose>Unspecified</pose>
    <truncated>0</truncated>
    <difficult>0</difficult>
    <bndbox>
      <xmin>313.64</xmin>
      <ymin>196.82</ymin>
      <xmax>341.82</xmax>
      <ymax>209.55</ymax>
    </bndbox>
  </object>
  <object>
    <name>dog</name>
    <pose>Unspecified</pose>
    <truncated>0</truncated>
    <difficult>0</difficult>
    <bndbox>
      <xmin>0.00</xmin>
      <ymin>0.00</ymin>
      <xmax>238.64</xmax>
      <ymax>236.36</ymax>
    </bndbox>
  </object>
</annotation>