<?xml version="1.0" encoding="UTF-8" ?>
<annotation>
  <folder>RGB200W_277985947_116444764587291324.jpg</folder>
  <filename>RGB200W_277985947_116444764587291324.jpg</filename>
  <path>http://172.18.39.209:9000/aliimages2021122805/RGB200W_277985947_116444764587291324.jpg</path>
  <source>
    <database>Unknown</database>
  </source>
  <size>
    <width>1920</width>
    <height>1079</height>
    <depth>0</depth>
  </size>
  <segmented>0</segmented>
  <object>
    <name>person_leg</name>
    <pose>Unspecified</pose>
    <truncated>0</truncated>
    <difficult>0</difficult>
    <bndbox>
      <xmin>895.84</xmin>
      <ymin>396.94</ymin>
      <xmax>1044.01</xmax>
      <ymax>633.47</ymax>
    </bndbox>
  </object>
  <object>
    <name>person_leg</name>
    <pose>Unspecified</pose>
    <truncated>0</truncated>
    <difficult>0</difficult>
    <bndbox>
      <xmin>1039.93</xmin>
      <ymin>388.79</ymin>
      <xmax>1117.42</xmax>
      <ymax>633.47</ymax>
    </bndbox>
  </object>
  <object>
    <name>slipper</name>
    <pose>Unspecified</pose>
    <truncated>0</truncated>
    <difficult>0</difficult>
    <bndbox>
      <xmin>891.76</xmin>
      <ymin>600.85</ymin>
      <xmax>974.68</xmax>
      <ymax>634.83</ymax>
    </bndbox>
  </object>
  <object>
    <name>slipper</name>
    <pose>Unspecified</pose>
    <truncated>0</truncated>
    <difficult>0</difficult>
    <bndbox>
      <xmin>1035.85</xmin>
      <ymin>603.57</ymin>
      <xmax>1092.95</xmax>
      <ymax>634.83</ymax>
    </bndbox>
  </object>
  <object>
    <name>TV_stand</name>
    <pose>Unspecified</pose>
    <truncated>0</truncated>
    <difficult>0</difficult>
    <bndbox>
      <xmin>572.30</xmin>
      <ymin>368.39</ymin>
      <xmax>834.66</xmax>
      <ymax>634.83</ymax>
    </bndbox>
  </object>
  <object>
    <name>TV_stand</name>
    <pose>Unspecified</pose>
    <truncated>0</truncated>
    <difficult>0</difficult>
    <bndbox>
      <xmin>846.90</xmin>
      <ymin>441.80</ymin>
      <xmax>1616.31</xmax>
      <ymax>634.83</ymax>
    </bndbox>
  </object>
  <object>
    <name>cabinet</name>
    <pose>Unspecified</pose>
    <truncated>0</truncated>
    <difficult>0</difficult>
    <bndbox>
      <xmin>1598.64</xmin>
      <ymin>425.49</ymin>
      <xmax>1757.69</xmax>
      <ymax>640.27</ymax>
    </bndbox>
  </object>
  <object>
    <name>wire</name>
    <pose>Unspecified</pose>
    <truncated>0</truncated>
    <difficult>0</difficult>
    <bndbox>
      <xmin>1107.90</xmin>
      <ymin>401.02</ymin>
      <xmax>1137.81</xmax>
      <ymax>433.64</ymax>
    </bndbox>
  </object>
  <object>
    <name>person</name>
    <pose>Unspecified</pose>
    <truncated>0</truncated>
    <difficult>0</difficult>
    <bndbox>
      <xmin>887.68</xmin>
      <ymin>82.92</ymin>
      <xmax>1143.25</xmax>
      <ymax>640.27</ymax>
    </bndbox>
  </object>
</annotation>