<?xml version="1.0" encoding="UTF-8" ?>
<annotation>
  <folder>RGB200W_010102104221020_116444805389751469.jpg</folder>
  <filename>RGB200W_010102104221020_116444805389751469.jpg</filename>
  <path>http://172.18.39.209:9000/aliimages1999999986/RGB200W_010102104221020_116444805389751469.jpg</path>
  <source>
    <database>Unknown</database>
  </source>
  <size>
    <width>642</width>
    <height>362</height>
    <depth>0</depth>
  </size>
  <segmented>0</segmented>
  <object>
    <name>bed</name>
    <pose>Unspecified</pose>
    <truncated>0</truncated>
    <difficult>0</difficult>
    <bndbox>
      <xmin>322.73</xmin>
      <ymin>0.91</ymin>
      <xmax>641.82</xmax>
      <ymax>210.00</ymax>
    </bndbox>
  </object>
  <object>
    <name>cabinet</name>
    <pose>Unspecified</pose>
    <truncated>0</truncated>
    <difficult>0</difficult>
    <bndbox>
      <xmin>145.00</xmin>
      <ymin>20.00</ymin>
      <xmax>340.00</xmax>
      <ymax>221.82</ymax>
    </bndbox>
  </object>
</annotation>