<?xml version="1.0" encoding="UTF-8" ?>
<annotation>
  <folder>RGB200W_CRL9993I202006069999_1594646411920875.jpg</folder>
  <filename>RGB200W_CRL9993I202006069999_1594646411920875.jpg</filename>
  <path>http://172.18.39.209:9000/aliimages1999999999/RGB200W_CRL9993I202006069999_1594646411920875.jpg</path>
  <source>
    <database>Unknown</database>
  </source>
  <size>
    <width>642</width>
    <height>361</height>
    <depth>0</depth>
  </size>
  <segmented>0</segmented>
  <object>
    <name>cabinet</name>
    <pose>Unspecified</pose>
    <truncated>0</truncated>
    <difficult>0</difficult>
    <bndbox>
      <xmin>174.09</xmin>
      <ymin>45.00</ymin>
      <xmax>348.64</xmax>
      <ymax>210.91</ymax>
    </bndbox>
  </object>
  <object>
    <name>sofa</name>
    <pose>Unspecified</pose>
    <truncated>0</truncated>
    <difficult>0</difficult>
    <bndbox>
      <xmin>325.00</xmin>
      <ymin>0.00</ymin>
      <xmax>641.82</xmax>
      <ymax>272.73</ymax>
    </bndbox>
  </object>
</annotation>