<?xml version="1.0" encoding="UTF-8" ?>
<annotation>
  <folder>RGB200W_CRL9993I202006069999_1591691476045228.jpg</folder>
  <filename>RGB200W_CRL9993I202006069999_1591691476045228.jpg</filename>
  <path>http://172.18.39.209:9000/aliimages1999999990/RGB200W_CRL9993I202006069999_1591691476045228.jpg</path>
  <source>
    <database>Unknown</database>
  </source>
  <size>
    <width>642</width>
    <height>361</height>
    <depth>0</depth>
  </size>
  <segmented>0</segmented>
  <object>
    <name>cabinet</name>
    <pose>Unspecified</pose>
    <truncated>0</truncated>
    <difficult>0</difficult>
    <bndbox>
      <xmin>272.73</xmin>
      <ymin>113.64</ymin>
      <xmax>317.27</xmax>
      <ymax>206.36</ymax>
    </bndbox>
  </object>
  <object>
    <name>door_anno</name>
    <pose>Unspecified</pose>
    <truncated>0</truncated>
    <difficult>0</difficult>
    <bndbox>
      <xmin>56.82</xmin>
      <ymin>0.00</ymin>
      <xmax>151.36</xmax>
      <ymax>211.36</ymax>
    </bndbox>
  </object>
</annotation>