<?xml version="1.0" encoding="UTF-8" ?>
<annotation>
  <folder>RGB200W_202006292033_116444765352892136.jpg</folder>
  <filename>RGB200W_202006292033_116444765352892136.jpg</filename>
  <path>http://172.18.39.209:9000/aliimages1999999990/RGB200W_202006292033_116444765352892136.jpg</path>
  <source>
    <database>Unknown</database>
  </source>
  <size>
    <width>642</width>
    <height>361</height>
    <depth>0</depth>
  </size>
  <segmented>0</segmented>
  <object>
    <name>cabinet</name>
    <pose>Unspecified</pose>
    <truncated>0</truncated>
    <difficult>0</difficult>
    <bndbox>
      <xmin>86.82</xmin>
      <ymin>38.18</ymin>
      <xmax>228.18</xmax>
      <ymax>234.55</ymax>
    </bndbox>
  </object>
  <object>
    <name>wire</name>
    <pose>Unspecified</pose>
    <truncated>0</truncated>
    <difficult>0</difficult>
    <bndbox>
      <xmin>184.55</xmin>
      <ymin>146.36</ymin>
      <xmax>237.73</xmax>
      <ymax>196.36</ymax>
    </bndbox>
  </object>
  <object>
    <name>bed1</name>
    <pose>Unspecified</pose>
    <truncated>0</truncated>
    <difficult>0</difficult>
    <bndbox>
      <xmin>397.73</xmin>
      <ymin>0.00</ymin>
      <xmax>641.82</xmax>
      <ymax>243.18</ymax>
    </bndbox>
  </object>
</annotation>