<?xml version="1.0" encoding="UTF-8" ?>
<annotation>
  <folder>RGB200W_CRL9993I202006069999_1591690645617748.jpg</folder>
  <filename>RGB200W_CRL9993I202006069999_1591690645617748.jpg</filename>
  <path>http://172.18.39.209:9000/aliimages1999999983/RGB200W_CRL9993I202006069999_1591690645617748.jpg</path>
  <source>
    <database>Unknown</database>
  </source>
  <size>
    <width>642</width>
    <height>361</height>
    <depth>0</depth>
  </size>
  <segmented>0</segmented>
  <object>
    <name>cabinet</name>
    <pose>Unspecified</pose>
    <truncated>0</truncated>
    <difficult>0</difficult>
    <bndbox>
      <xmin>317.27</xmin>
      <ymin>75.91</ymin>
      <xmax>396.36</xmax>
      <ymax>188.64</ymax>
    </bndbox>
  </object>
  <object>
    <name>door_anno</name>
    <pose>Unspecified</pose>
    <truncated>0</truncated>
    <difficult>0</difficult>
    <bndbox>
      <xmin>165.91</xmin>
      <ymin>0.00</ymin>
      <xmax>285.91</xmax>
      <ymax>189.09</ymax>
    </bndbox>
  </object>
  <object>
    <name>shoe</name>
    <pose>Unspecified</pose>
    <truncated>0</truncated>
    <difficult>0</difficult>
    <bndbox>
      <xmin>45.91</xmin>
      <ymin>155.91</ymin>
      <xmax>78.18</xmax>
      <ymax>190.00</ymax>
    </bndbox>
  </object>
  <object>
    <name>shoe</name>
    <pose>Unspecified</pose>
    <truncated>0</truncated>
    <difficult>0</difficult>
    <bndbox>
      <xmin>75.45</xmin>
      <ymin>159.55</ymin>
      <xmax>105.45</xmax>
      <ymax>186.82</ymax>
    </bndbox>
  </object>
  <object>
    <name>shoe</name>
    <pose>Unspecified</pose>
    <truncated>0</truncated>
    <difficult>0</difficult>
    <bndbox>
      <xmin>110.91</xmin>
      <ymin>128.64</ymin>
      <xmax>130.91</xmax>
      <ymax>150.00</ymax>
    </bndbox>
  </object>
  <object>
    <name>shoe</name>
    <pose>Unspecified</pose>
    <truncated>0</truncated>
    <difficult>0</difficult>
    <bndbox>
      <xmin>125.45</xmin>
      <ymin>133.64</ymin>
      <xmax>152.27</xmax>
      <ymax>153.64</ymax>
    </bndbox>
  </object>
  <object>
    <name>shoe</name>
    <pose>Unspecified</pose>
    <truncated>0</truncated>
    <difficult>0</difficult>
    <bndbox>
      <xmin>24.55</xmin>
      <ymin>77.27</ymin>
      <xmax>51.36</xmax>
      <ymax>103.64</ymax>
    </bndbox>
  </object>
  <object>
    <name>shoe</name>
    <pose>Unspecified</pose>
    <truncated>0</truncated>
    <difficult>0</difficult>
    <bndbox>
      <xmin>0.91</xmin>
      <ymin>69.09</ymin>
      <xmax>29.09</xmax>
      <ymax>98.18</ymax>
    </bndbox>
  </object>
</annotation>