<?xml version="1.0" encoding="UTF-8" ?>
<annotation>
  <folder>RGB200W_CRL9993I202006069999_1594644222767891.jpg</folder>
  <filename>RGB200W_CRL9993I202006069999_1594644222767891.jpg</filename>
  <path>http://172.18.39.209:9000/aliimages1999999984/RGB200W_CRL9993I202006069999_1594644222767891.jpg</path>
  <source>
    <database>Unknown</database>
  </source>
  <size>
    <width>642</width>
    <height>361</height>
    <depth>0</depth>
  </size>
  <segmented>0</segmented>
  <object>
    <name>bed</name>
    <pose>Unspecified</pose>
    <truncated>0</truncated>
    <difficult>0</difficult>
    <bndbox>
      <xmin>0.00</xmin>
      <ymin>0.45</ymin>
      <xmax>281.36</xmax>
      <ymax>201.82</ymax>
    </bndbox>
  </object>
  <object>
    <name>cabinet</name>
    <pose>Unspecified</pose>
    <truncated>0</truncated>
    <difficult>0</difficult>
    <bndbox>
      <xmin>270.45</xmin>
      <ymin>95.91</ymin>
      <xmax>336.36</xmax>
      <ymax>167.73</ymax>
    </bndbox>
  </object>
</annotation>