<?xml version="1.0" encoding="UTF-8" ?>
<annotation>
  <folder>RGB200W_CRL9993I202006069999_1594646010549824.jpg</folder>
  <filename>RGB200W_CRL9993I202006069999_1594646010549824.jpg</filename>
  <path>http://172.18.39.209:9000/aliimages1999999990/RGB200W_CRL9993I202006069999_1594646010549824.jpg</path>
  <source>
    <database>Unknown</database>
  </source>
  <size>
    <width>642</width>
    <height>361</height>
    <depth>0</depth>
  </size>
  <segmented>0</segmented>
  <object>
    <name>bed</name>
    <pose>Unspecified</pose>
    <truncated>0</truncated>
    <difficult>0</difficult>
    <bndbox>
      <xmin>208.64</xmin>
      <ymin>16.36</ymin>
      <xmax>530.00</xmax>
      <ymax>170.00</ymax>
    </bndbox>
  </object>
  <object>
    <name>cabinet</name>
    <pose>Unspecified</pose>
    <truncated>0</truncated>
    <difficult>0</difficult>
    <bndbox>
      <xmin>166.82</xmin>
      <ymin>98.18</ymin>
      <xmax>220.00</xmax>
      <ymax>165.45</ymax>
    </bndbox>
  </object>
</annotation>