<?xml version="1.0" encoding="UTF-8" ?>
<annotation>
  <folder>RGB200W_202006292025_116444782344785703.jpg</folder>
  <filename>RGB200W_202006292025_116444782344785703.jpg</filename>
  <path>http://172.18.39.209:9000/aliimages1999999990/RGB200W_202006292025_116444782344785703.jpg</path>
  <source>
    <database>Unknown</database>
  </source>
  <size>
    <width>642</width>
    <height>361</height>
    <depth>0</depth>
  </size>
  <segmented>0</segmented>
  <object>
    <name>refrigerator</name>
    <pose>Unspecified</pose>
    <truncated>0</truncated>
    <difficult>0</difficult>
    <bndbox>
      <xmin>275.00</xmin>
      <ymin>0.00</ymin>
      <xmax>393.18</xmax>
      <ymax>190.00</ymax>
    </bndbox>
  </object>
  <object>
    <name>cabinet</name>
    <pose>Unspecified</pose>
    <truncated>0</truncated>
    <difficult>0</difficult>
    <bndbox>
      <xmin>6.36</xmin>
      <ymin>16.36</ymin>
      <xmax>87.73</xmax>
      <ymax>154.55</ymax>
    </bndbox>
  </object>
</annotation>