<?xml version="1.0" encoding="UTF-8" ?>
<annotation>
  <folder>RGB200W_010102104301116_116445671446801126.jpg</folder>
  <filename>RGB200W_010102104301116_116445671446801126.jpg</filename>
  <path>http://172.18.39.209:9000/aliimages1999999986/RGB200W_010102104301116_116445671446801126.jpg</path>
  <source>
    <database>Unknown</database>
  </source>
  <size>
    <width>642</width>
    <height>362</height>
    <depth>0</depth>
  </size>
  <segmented>0</segmented>
  <object>
    <name>bed</name>
    <pose>Unspecified</pose>
    <truncated>0</truncated>
    <difficult>0</difficult>
    <bndbox>
      <xmin>0.91</xmin>
      <ymin>0.91</ymin>
      <xmax>197.73</xmax>
      <ymax>201.82</ymax>
    </bndbox>
  </object>
  <object>
    <name>cabinet</name>
    <pose>Unspecified</pose>
    <truncated>0</truncated>
    <difficult>0</difficult>
    <bndbox>
      <xmin>178.64</xmin>
      <ymin>127.73</ymin>
      <xmax>253.64</xmax>
      <ymax>202.73</ymax>
    </bndbox>
  </object>
  <object>
    <name>wire</name>
    <pose>Unspecified</pose>
    <truncated>0</truncated>
    <difficult>0</difficult>
    <bndbox>
      <xmin>253.64</xmin>
      <ymin>161.82</ymin>
      <xmax>272.73</xmax>
      <ymax>186.82</ymax>
    </bndbox>
  </object>
  <object>
    <name>wire</name>
    <pose>Unspecified</pose>
    <truncated>0</truncated>
    <difficult>0</difficult>
    <bndbox>
      <xmin>287.73</xmin>
      <ymin>0.91</ymin>
      <xmax>327.73</xmax>
      <ymax>45.00</ymax>
    </bndbox>
  </object>
  <object>
    <name>chair_base</name>
    <pose>Unspecified</pose>
    <truncated>0</truncated>
    <difficult>0</difficult>
    <bndbox>
      <xmin>301.82</xmin>
      <ymin>187.73</ymin>
      <xmax>353.64</xmax>
      <ymax>202.73</ymax>
    </bndbox>
  </object>
</annotation>