<?xml version="1.0" encoding="UTF-8" ?>
<annotation>
  <folder>RGB200W_29984_99999995_116448202547556473.jpg</folder>
  <filename>RGB200W_29984_99999995_116448202547556473.jpg</filename>
  <path>http://172.18.39.209:9000/aliimages1999999990/RGB200W_29984_99999995_116448202547556473.jpg</path>
  <source>
    <database>Unknown</database>
  </source>
  <size>
    <width>642</width>
    <height>362</height>
    <depth>0</depth>
  </size>
  <segmented>0</segmented>
  <object>
    <name>cabinet</name>
    <pose>Unspecified</pose>
    <truncated>0</truncated>
    <difficult>0</difficult>
    <bndbox>
      <xmin>265.91</xmin>
      <ymin>1.82</ymin>
      <xmax>426.82</xmax>
      <ymax>231.82</ymax>
    </bndbox>
  </object>
</annotation>