<?xml version="1.0" encoding="UTF-8" ?>
<annotation>
  <folder>RGB200W_010102104301114_116447872664220522.jpg</folder>
  <filename>RGB200W_010102104301114_116447872664220522.jpg</filename>
  <path>http://172.18.39.209:9000/aliimages1999999986/RGB200W_010102104301114_116447872664220522.jpg</path>
  <source>
    <database>Unknown</database>
  </source>
  <size>
    <width>642</width>
    <height>362</height>
    <depth>0</depth>
  </size>
  <segmented>0</segmented>
  <object>
    <name>wire</name>
    <pose>Unspecified</pose>
    <truncated>0</truncated>
    <difficult>0</difficult>
    <bndbox>
      <xmin>186.82</xmin>
      <ymin>71.82</ymin>
      <xmax>218.64</xmax>
      <ymax>170.91</ymax>
    </bndbox>
  </object>
  <object>
    <name>cabinet</name>
    <pose>Unspecified</pose>
    <truncated>0</truncated>
    <difficult>0</difficult>
    <bndbox>
      <xmin>126.82</xmin>
      <ymin>58.64</ymin>
      <xmax>258.64</xmax>
      <ymax>222.73</ymax>
    </bndbox>
  </object>
</annotation>