<?xml version="1.0" encoding="UTF-8" ?>
<annotation>
  <folder>RGB200W_29984_99999969_116445171340209388-227.501_227.683_328.620_185.808_0.295_0.100_-0.121_0.039.jpg</folder>
  <filename>RGB200W_29984_99999969_116445171340209388-227.501_227.683_328.620_185.808_0.295_0.100_-0.121_0.039.jpg</filename>
  <path>http://172.18.39.209:9000/aliimages1999999990/RGB200W_29984_99999969_116445171340209388-227.501_227.683_328.620_185.808_0.295_0.100_-0.121_0.039.jpg</path>
  <source>
    <database>Unknown</database>
  </source>
  <size>
    <width>642</width>
    <height>362</height>
    <depth>0</depth>
  </size>
  <segmented>0</segmented>
  <object>
    <name>wire</name>
    <pose>Unspecified</pose>
    <truncated>0</truncated>
    <difficult>0</difficult>
    <bndbox>
      <xmin>201.82</xmin>
      <ymin>162.73</ymin>
      <xmax>235.91</xmax>
      <ymax>217.73</ymax>
    </bndbox>
  </object>
  <object>
    <name>cabinet</name>
    <pose>Unspecified</pose>
    <truncated>0</truncated>
    <difficult>0</difficult>
    <bndbox>
      <xmin>170.91</xmin>
      <ymin>162.73</ymin>
      <xmax>210.00</xmax>
      <ymax>217.73</ymax>
    </bndbox>
  </object>
  <object>
    <name>cabinet</name>
    <pose>Unspecified</pose>
    <truncated>0</truncated>
    <difficult>0</difficult>
    <bndbox>
      <xmin>65.91</xmin>
      <ymin>0.91</ymin>
      <xmax>178.64</xmax>
      <ymax>223.64</ymax>
    </bndbox>
  </object>
  <object>
    <name>sofa1</name>
    <pose>Unspecified</pose>
    <truncated>0</truncated>
    <difficult>0</difficult>
    <bndbox>
      <xmin>432.73</xmin>
      <ymin>0.91</ymin>
      <xmax>641.82</xmax>
      <ymax>258.64</ymax>
    </bndbox>
  </object>
  <object>
    <name>wire</name>
    <pose>Unspecified</pose>
    <truncated>0</truncated>
    <difficult>0</difficult>
    <bndbox>
      <xmin>395.91</xmin>
      <ymin>153.64</ymin>
      <xmax>413.64</xmax>
      <ymax>192.73</ymax>
    </bndbox>
  </object>
</annotation>