<?xml version="1.0" encoding="UTF-8" ?>
<annotation>
  <folder>RGB200W_277985927_116444758735771834.jpg</folder>
  <filename>RGB200W_277985927_116444758735771834.jpg</filename>
  <path>http://172.18.39.209:9000/aliimages1999999990/RGB200W_277985927_116444758735771834.jpg</path>
  <source>
    <database>Unknown</database>
  </source>
  <size>
    <width>642</width>
    <height>361</height>
    <depth>0</depth>
  </size>
  <segmented>0</segmented>
  <object>
    <name>chair_base</name>
    <pose>Unspecified</pose>
    <truncated>0</truncated>
    <difficult>0</difficult>
    <bndbox>
      <xmin>36.36</xmin>
      <ymin>171.82</ymin>
      <xmax>102.27</xmax>
      <ymax>194.55</ymax>
    </bndbox>
  </object>
  <object>
    <name>cabinet</name>
    <pose>Unspecified</pose>
    <truncated>0</truncated>
    <difficult>0</difficult>
    <bndbox>
      <xmin>47.73</xmin>
      <ymin>92.73</ymin>
      <xmax>185.91</xmax>
      <ymax>195.00</ymax>
    </bndbox>
  </object>
</annotation>