<?xml version="1.0" encoding="UTF-8" ?>
<annotation>
  <folder>RGB200W_277985927_116444771035446976.jpg</folder>
  <filename>RGB200W_277985927_116444771035446976.jpg</filename>
  <path>http://172.18.39.209:9000/aliimages1999999984/RGB200W_277985927_116444771035446976.jpg</path>
  <source>
    <database>Unknown</database>
  </source>
  <size>
    <width>642</width>
    <height>361</height>
    <depth>0</depth>
  </size>
  <segmented>0</segmented>
  <object>
    <name>wire</name>
    <pose>Unspecified</pose>
    <truncated>0</truncated>
    <difficult>0</difficult>
    <bndbox>
      <xmin>18.64</xmin>
      <ymin>200.91</ymin>
      <xmax>178.18</xmax>
      <ymax>221.36</ymax>
    </bndbox>
  </object>
  <object>
    <name>cabinet</name>
    <pose>Unspecified</pose>
    <truncated>0</truncated>
    <difficult>0</difficult>
    <bndbox>
      <xmin>22.73</xmin>
      <ymin>33.18</ymin>
      <xmax>238.64</xmax>
      <ymax>205.91</ymax>
    </bndbox>
  </object>
  <object>
    <name>bed</name>
    <pose>Unspecified</pose>
    <truncated>0</truncated>
    <difficult>0</difficult>
    <bndbox>
      <xmin>195.91</xmin>
      <ymin>0.00</ymin>
      <xmax>641.82</xmax>
      <ymax>199.09</ymax>
    </bndbox>
  </object>
</annotation>