<?xml version="1.0" encoding="UTF-8" ?>
<annotation>
  <folder>RGB200W_CRL9993I202006069999_1594646650881890.jpg</folder>
  <filename>RGB200W_CRL9993I202006069999_1594646650881890.jpg</filename>
  <path>http://172.18.39.209:9000/aliimages1999999984/RGB200W_CRL9993I202006069999_1594646650881890.jpg</path>
  <source>
    <database>Unknown</database>
  </source>
  <size>
    <width>642</width>
    <height>361</height>
    <depth>0</depth>
  </size>
  <segmented>0</segmented>
  <object>
    <name>cabinet</name>
    <pose>Unspecified</pose>
    <truncated>0</truncated>
    <difficult>0</difficult>
    <bndbox>
      <xmin>157.27</xmin>
      <ymin>113.64</ymin>
      <xmax>228.64</xmax>
      <ymax>203.18</ymax>
    </bndbox>
  </object>
  <object>
    <name>cabinet</name>
    <pose>Unspecified</pose>
    <truncated>0</truncated>
    <difficult>0</difficult>
    <bndbox>
      <xmin>6.82</xmin>
      <ymin>123.64</ymin>
      <xmax>160.91</xmax>
      <ymax>206.82</ymax>
    </bndbox>
  </object>
</annotation>