<?xml version="1.0" encoding="UTF-8" ?>
<annotation>
  <folder>RGB200W_29984_99999867_116445570382375869-228.963_229.045_326.654_190.137_0.268_0.177_-0.232_0.099.jpg</folder>
  <filename>RGB200W_29984_99999867_116445570382375869-228.963_229.045_326.654_190.137_0.268_0.177_-0.232_0.099.jpg</filename>
  <path>http://172.18.39.209:9000/aliimages1999999982/RGB200W_29984_99999867_116445570382375869-228.963_229.045_326.654_190.137_0.268_0.177_-0.232_0.099.jpg</path>
  <source>
    <database>Unknown</database>
  </source>
  <size>
    <width>642</width>
    <height>362</height>
    <depth>0</depth>
  </size>
  <segmented>0</segmented>
  <object>
    <name>TV_stand</name>
    <pose>Unspecified</pose>
    <truncated>0</truncated>
    <difficult>0</difficult>
    <bndbox>
      <xmin>530.00</xmin>
      <ymin>102.73</ymin>
      <xmax>641.82</xmax>
      <ymax>230.00</ymax>
    </bndbox>
  </object>
  <object>
    <name>cabinet</name>
    <pose>Unspecified</pose>
    <truncated>0</truncated>
    <difficult>0</difficult>
    <bndbox>
      <xmin>358.64</xmin>
      <ymin>31.82</ymin>
      <xmax>536.82</xmax>
      <ymax>230.91</ymax>
    </bndbox>
  </object>
</annotation>