<?xml version="1.0" encoding="UTF-8" ?>
<annotation>
  <folder>RGB200W_277985947_116444851842191128.jpg</folder>
  <filename>RGB200W_277985947_116444851842191128.jpg</filename>
  <path>http://172.18.39.209:9000/aliimages2021122805/RGB200W_277985947_116444851842191128.jpg</path>
  <source>
    <database>Unknown</database>
  </source>
  <size>
    <width>1920</width>
    <height>1079</height>
    <depth>0</depth>
  </size>
  <segmented>0</segmented>
  <object>
    <name>person_leg</name>
    <pose>Unspecified</pose>
    <truncated>0</truncated>
    <difficult>0</difficult>
    <bndbox>
      <xmin>1239.76</xmin>
      <ymin>479.86</ymin>
      <xmax>1285.98</xmax>
      <ymax>598.13</ymax>
    </bndbox>
  </object>
  <object>
    <name>dining_table</name>
    <pose>Unspecified</pose>
    <truncated>0</truncated>
    <difficult>0</difficult>
    <bndbox>
      <xmin>747.66</xmin>
      <ymin>197.11</ymin>
      <xmax>1213.93</xmax>
      <ymax>644.35</ymax>
    </bndbox>
  </object>
  <object>
    <name>cabinet</name>
    <pose>Unspecified</pose>
    <truncated>0</truncated>
    <difficult>0</difficult>
    <bndbox>
      <xmin>1500.76</xmin>
      <ymin>66.61</ymin>
      <xmax>1919.46</xmax>
      <ymax>648.43</ymax>
    </bndbox>
  </object>
  <object>
    <name>person</name>
    <pose>Unspecified</pose>
    <truncated>0</truncated>
    <difficult>0</difficult>
    <bndbox>
      <xmin>1203.06</xmin>
      <ymin>252.85</ymin>
      <xmax>1329.48</xmax>
      <ymax>610.37</ymax>
    </bndbox>
  </object>
</annotation>