<?xml version="1.0" encoding="UTF-8" ?>
<annotation>
  <folder>RGB200W_CRL9993I202006069999_1594645270821340.jpg</folder>
  <filename>RGB200W_CRL9993I202006069999_1594645270821340.jpg</filename>
  <path>http://172.18.39.209:9000/aliimages1999999990/RGB200W_CRL9993I202006069999_1594645270821340.jpg</path>
  <source>
    <database>Unknown</database>
  </source>
  <size>
    <width>642</width>
    <height>361</height>
    <depth>0</depth>
  </size>
  <segmented>0</segmented>
  <object>
    <name>bed</name>
    <pose>Unspecified</pose>
    <truncated>0</truncated>
    <difficult>0</difficult>
    <bndbox>
      <xmin>290.45</xmin>
      <ymin>57.27</ymin>
      <xmax>480.00</xmax>
      <ymax>204.55</ymax>
    </bndbox>
  </object>
  <object>
    <name>cabinet</name>
    <pose>Unspecified</pose>
    <truncated>0</truncated>
    <difficult>0</difficult>
    <bndbox>
      <xmin>475.91</xmin>
      <ymin>103.64</ymin>
      <xmax>555.00</xmax>
      <ymax>202.27</ymax>
    </bndbox>
  </object>
</annotation>