<?xml version="1.0" encoding="UTF-8" ?>
<annotation>
  <folder>20210921</folder>
  <filename>RGB200W_29984CRL30V00005304_1632180865_3330.jpg</filename>
  <path>http://172.18.39.209:9000/aliimages/20210921/RGB200W_29984CRL30V00005304_1632180865_3330.jpg</path>
  <source>
    <database>Unknown</database>
  </source>
  <size>
    <width>642</width>
    <height>362</height>
    <depth>0</depth>
  </size>
  <segmented>0</segmented>
  <object>
    <name>cabinet</name>
    <pose>Unspecified</pose>
    <truncated>0</truncated>
    <difficult>0</difficult>
    <bndbox>
      <xmin>445.45</xmin>
      <ymin>0.00</ymin>
      <xmax>641.36</xmax>
      <ymax>239.09</ymax>
    </bndbox>
  </object>
</annotation>