<?xml version="1.0" encoding="UTF-8" ?>
<annotation>
  <folder>RGB200W_202006292202_116444796294552596.jpg</folder>
  <filename>RGB200W_202006292202_116444796294552596.jpg</filename>
  <path>http://172.18.39.209:9000/aliimages1999999996/RGB200W_202006292202_116444796294552596.jpg</path>
  <source>
    <database>Unknown</database>
  </source>
  <size>
    <width>642</width>
    <height>361</height>
    <depth>0</depth>
  </size>
  <segmented>0</segmented>
  <object>
    <name>cabinet</name>
    <pose>Unspecified</pose>
    <truncated>0</truncated>
    <difficult>0</difficult>
    <bndbox>
      <xmin>139.09</xmin>
      <ymin>10.91</ymin>
      <xmax>313.64</xmax>
      <ymax>186.36</ymax>
    </bndbox>
  </object>
  <object>
    <name>bed_1</name>
    <pose>Unspecified</pose>
    <truncated>0</truncated>
    <difficult>0</difficult>
    <bndbox>
      <xmin>0.00</xmin>
      <ymin>0.00</ymin>
      <xmax>147.73</xmax>
      <ymax>179.09</ymax>
    </bndbox>
  </object>
</annotation>