<?xml version="1.0" encoding="UTF-8" ?>
<annotation>
  <folder>RGB200W_29984_99999438_116444748513339737.jpg</folder>
  <filename>RGB200W_29984_99999438_116444748513339737.jpg</filename>
  <path>http://172.18.39.209:9000/aliimages1999999996/RGB200W_29984_99999438_116444748513339737.jpg</path>
  <source>
    <database>Unknown</database>
  </source>
  <size>
    <width>642</width>
    <height>362</height>
    <depth>0</depth>
  </size>
  <segmented>0</segmented>
  <object>
    <name>cabinet</name>
    <pose>Unspecified</pose>
    <truncated>0</truncated>
    <difficult>0</difficult>
    <bndbox>
      <xmin>116.82</xmin>
      <ymin>0.91</ymin>
      <xmax>355.00</xmax>
      <ymax>263.64</ymax>
    </bndbox>
  </object>
  <object>
    <name>bed_1</name>
    <pose>Unspecified</pose>
    <truncated>0</truncated>
    <difficult>0</difficult>
    <bndbox>
      <xmin>351.82</xmin>
      <ymin>0.91</ymin>
      <xmax>641.82</xmax>
      <ymax>226.82</ymax>
    </bndbox>
  </object>
</annotation>