<?xml version="1.0" encoding="UTF-8" ?>
<annotation>
  <folder>2021061702</folder>
  <filename>RGB200W_010102104221020_116446329370822081_UP20210617.jpg</filename>
  <path>http://172.18.39.209:9000/aliimages/2021061702/RGB200W_010102104221020_116446329370822081_UP20210617.jpg</path>
  <source>
    <database>Unknown</database>
  </source>
  <size>
    <width>642</width>
    <height>362</height>
    <depth>0</depth>
  </size>
  <segmented>0</segmented>
  <object>
    <name>sofa</name>
    <pose>Unspecified</pose>
    <truncated>0</truncated>
    <difficult>0</difficult>
    <bndbox>
      <xmin>427.27</xmin>
      <ymin>42.27</ymin>
      <xmax>641.82</xmax>
      <ymax>201.36</ymax>
    </bndbox>
  </object>
  <object>
    <name>tea_table</name>
    <pose>Unspecified</pose>
    <truncated>0</truncated>
    <difficult>0</difficult>
    <bndbox>
      <xmin>324.55</xmin>
      <ymin>105.91</ymin>
      <xmax>508.64</xmax>
      <ymax>209.55</ymax>
    </bndbox>
  </object>
  <object>
    <name>TV_stand</name>
    <pose>Unspecified</pose>
    <truncated>0</truncated>
    <difficult>0</difficult>
    <bndbox>
      <xmin>72.27</xmin>
      <ymin>114.09</ymin>
      <xmax>249.09</xmax>
      <ymax>205.45</ymax>
    </bndbox>
  </object>
</annotation>