<?xml version="1.0" encoding="UTF-8" ?>
<annotation>
  <folder>RGB200W_277985947_116444800002029025.jpg</folder>
  <filename>RGB200W_277985947_116444800002029025.jpg</filename>
  <path>http://172.18.39.209:9000/aliimages1999999990/RGB200W_277985947_116444800002029025.jpg</path>
  <source>
    <database>Unknown</database>
  </source>
  <size>
    <width>642</width>
    <height>361</height>
    <depth>0</depth>
  </size>
  <segmented>0</segmented>
  <object>
    <name>wire</name>
    <pose>Unspecified</pose>
    <truncated>0</truncated>
    <difficult>0</difficult>
    <bndbox>
      <xmin>197.73</xmin>
      <ymin>10.00</ymin>
      <xmax>238.18</xmax>
      <ymax>59.55</ymax>
    </bndbox>
  </object>
  <object>
    <name>cabinet</name>
    <pose>Unspecified</pose>
    <truncated>0</truncated>
    <difficult>0</difficult>
    <bndbox>
      <xmin>223.18</xmin>
      <ymin>81.36</ymin>
      <xmax>324.55</xmax>
      <ymax>217.27</ymax>
    </bndbox>
  </object>
</annotation>