<?xml version="1.0" encoding="UTF-8" ?>
<annotation>
  <folder>RGB200W_202006292027_116444742658006931.jpg</folder>
  <filename>RGB200W_202006292027_116444742658006931.jpg</filename>
  <path>http://172.18.39.209:9000/aliimages2021122805/RGB200W_202006292027_116444742658006931.jpg</path>
  <source>
    <database>Unknown</database>
  </source>
  <size>
    <width>1920</width>
    <height>1079</height>
    <depth>0</depth>
  </size>
  <segmented>0</segmented>
  <object>
    <name>person_leg</name>
    <pose>Unspecified</pose>
    <truncated>0</truncated>
    <difficult>0</difficult>
    <bndbox>
      <xmin>977.40</xmin>
      <ymin>186.24</ymin>
      <xmax>1235.68</xmax>
      <ymax>475.79</ymax>
    </bndbox>
  </object>
  <object>
    <name>person_leg</name>
    <pose>Unspecified</pose>
    <truncated>0</truncated>
    <difficult>0</difficult>
    <bndbox>
      <xmin>371.11</xmin>
      <ymin>118.27</ymin>
      <xmax>713.68</xmax>
      <ymax>271.88</ymax>
    </bndbox>
  </object>
  <object>
    <name>sofa</name>
    <pose>Unspecified</pose>
    <truncated>0</truncated>
    <difficult>0</difficult>
    <bndbox>
      <xmin>0.00</xmin>
      <ymin>0.00</ymin>
      <xmax>1455.90</xmax>
      <ymax>655.23</ymax>
    </bndbox>
  </object>
  <object>
    <name>blanket</name>
    <pose>Unspecified</pose>
    <truncated>0</truncated>
    <difficult>0</difficult>
    <bndbox>
      <xmin>0.00</xmin>
      <ymin>619.88</ymin>
      <xmax>433.64</xmax>
      <ymax>687.85</ymax>
    </bndbox>
  </object>
  <object>
    <name>cabinet</name>
    <pose>Unspecified</pose>
    <truncated>0</truncated>
    <difficult>0</difficult>
    <bndbox>
      <xmin>1129.65</xmin>
      <ymin>0.00</ymin>
      <xmax>1616.31</xmax>
      <ymax>615.80</ymax>
    </bndbox>
  </object>
  <object>
    <name>plastic_stool</name>
    <pose>Unspecified</pose>
    <truncated>0</truncated>
    <difficult>0</difficult>
    <bndbox>
      <xmin>1404.25</xmin>
      <ymin>244.69</ymin>
      <xmax>1831.10</xmax>
      <ymax>632.12</ymax>
    </bndbox>
  </object>
  <object>
    <name>person</name>
    <pose>Unspecified</pose>
    <truncated>0</truncated>
    <difficult>0</difficult>
    <bndbox>
      <xmin>372.47</xmin>
      <ymin>1.36</ymin>
      <xmax>1451.83</xmax>
      <ymax>619.88</ymax>
    </bndbox>
  </object>
</annotation>