<?xml version="1.0" encoding="UTF-8" ?>
<annotation>
  <folder>RGB200W_CRL9993I202006069999_1591690758819837.jpg</folder>
  <filename>RGB200W_CRL9993I202006069999_1591690758819837.jpg</filename>
  <path>http://172.18.39.209:9000/aliimages1999999999/RGB200W_CRL9993I202006069999_1591690758819837.jpg</path>
  <source>
    <database>Unknown</database>
  </source>
  <size>
    <width>642</width>
    <height>361</height>
    <depth>0</depth>
  </size>
  <segmented>0</segmented>
  <object>
    <name>door_anno</name>
    <pose>Unspecified</pose>
    <truncated>0</truncated>
    <difficult>0</difficult>
    <bndbox>
      <xmin>95.45</xmin>
      <ymin>0.00</ymin>
      <xmax>244.09</xmax>
      <ymax>193.64</ymax>
    </bndbox>
  </object>
  <object>
    <name>cabinet</name>
    <pose>Unspecified</pose>
    <truncated>0</truncated>
    <difficult>0</difficult>
    <bndbox>
      <xmin>268.64</xmin>
      <ymin>51.36</ymin>
      <xmax>362.73</xmax>
      <ymax>195.91</ymax>
    </bndbox>
  </object>
</annotation>