<?xml version="1.0" encoding="UTF-8" ?>
<annotation>
  <folder>RGB200W_29984_99999467_116445323971489263.jpg</folder>
  <filename>RGB200W_29984_99999467_116445323971489263.jpg</filename>
  <path>http://172.18.39.209:9000/aliimages1999999982/RGB200W_29984_99999467_116445323971489263.jpg</path>
  <source>
    <database>Unknown</database>
  </source>
  <size>
    <width>642</width>
    <height>362</height>
    <depth>0</depth>
  </size>
  <segmented>0</segmented>
  <object>
    <name>cabinet</name>
    <pose>Unspecified</pose>
    <truncated>0</truncated>
    <difficult>0</difficult>
    <bndbox>
      <xmin>525.00</xmin>
      <ymin>115.00</ymin>
      <xmax>641.82</xmax>
      <ymax>220.91</ymax>
    </bndbox>
  </object>
</annotation>