<?xml version="1.0" encoding="UTF-8" ?>
<annotation>
  <folder>RGB200W_CRL9993I202006069999_1594645478823113.jpg</folder>
  <filename>RGB200W_CRL9993I202006069999_1594645478823113.jpg</filename>
  <path>http://172.18.39.209:9000/aliimages1999999999/RGB200W_CRL9993I202006069999_1594645478823113.jpg</path>
  <source>
    <database>Unknown</database>
  </source>
  <size>
    <width>642</width>
    <height>361</height>
    <depth>0</depth>
  </size>
  <segmented>0</segmented>
  <object>
    <name>cabinet</name>
    <pose>Unspecified</pose>
    <truncated>0</truncated>
    <difficult>0</difficult>
    <bndbox>
      <xmin>21.82</xmin>
      <ymin>80.91</ymin>
      <xmax>182.73</xmax>
      <ymax>203.64</ymax>
    </bndbox>
  </object>
  <object>
    <name>bed</name>
    <pose>Unspecified</pose>
    <truncated>0</truncated>
    <difficult>0</difficult>
    <bndbox>
      <xmin>151.36</xmin>
      <ymin>0.00</ymin>
      <xmax>641.82</xmax>
      <ymax>216.82</ymax>
    </bndbox>
  </object>
</annotation>