<?xml version="1.0" encoding="UTF-8" ?>
<annotation>
  <folder>RGB200W_29984_99999865_116448097679382582.jpg</folder>
  <filename>RGB200W_29984_99999865_116448097679382582.jpg</filename>
  <path>http://172.18.39.209:9000/aliimages1999999984/RGB200W_29984_99999865_116448097679382582.jpg</path>
  <source>
    <database>Unknown</database>
  </source>
  <size>
    <width>642</width>
    <height>362</height>
    <depth>0</depth>
  </size>
  <segmented>0</segmented>
  <object>
    <name>cabinet</name>
    <pose>Unspecified</pose>
    <truncated>0</truncated>
    <difficult>0</difficult>
    <bndbox>
      <xmin>35.91</xmin>
      <ymin>47.73</ymin>
      <xmax>177.73</xmax>
      <ymax>250.00</ymax>
    </bndbox>
  </object>
</annotation>