<?xml version="1.0" encoding="UTF-8" ?>
<annotation>
  <folder>RGB200W_277985927_116444747877311104.jpg</folder>
  <filename>RGB200W_277985927_116444747877311104.jpg</filename>
  <path>http://172.18.39.209:9000/aliimages2021122805/RGB200W_277985927_116444747877311104.jpg</path>
  <source>
    <database>Unknown</database>
  </source>
  <size>
    <width>1920</width>
    <height>1079</height>
    <depth>0</depth>
  </size>
  <segmented>0</segmented>
  <object>
    <name>person_leg</name>
    <pose>Unspecified</pose>
    <truncated>0</truncated>
    <difficult>0</difficult>
    <bndbox>
      <xmin>1546.98</xmin>
      <ymin>328.97</ymin>
      <xmax>1638.06</xmax>
      <ymax>553.27</ymax>
    </bndbox>
  </object>
  <object>
    <name>cabinet</name>
    <pose>Unspecified</pose>
    <truncated>0</truncated>
    <difficult>0</difficult>
    <bndbox>
      <xmin>1360.75</xmin>
      <ymin>399.66</ymin>
      <xmax>1557.86</xmax>
      <ymax>585.90</ymax>
    </bndbox>
  </object>
  <object>
    <name>bed</name>
    <pose>Unspecified</pose>
    <truncated>0</truncated>
    <difficult>0</difficult>
    <bndbox>
      <xmin>1484.45</xmin>
      <ymin>188.95</ymin>
      <xmax>1919.46</xmax>
      <ymax>592.69</ymax>
    </bndbox>
  </object>
  <object>
    <name>slipper</name>
    <pose>Unspecified</pose>
    <truncated>0</truncated>
    <difficult>0</difficult>
    <bndbox>
      <xmin>1481.73</xmin>
      <ymin>553.27</ymin>
      <xmax>1640.78</xmax>
      <ymax>589.97</ymax>
    </bndbox>
  </object>
  <object>
    <name>person</name>
    <pose>Unspecified</pose>
    <truncated>0</truncated>
    <difficult>0</difficult>
    <bndbox>
      <xmin>1326.76</xmin>
      <ymin>16.31</ymin>
      <xmax>1648.94</xmax>
      <ymax>592.69</ymax>
    </bndbox>
  </object>
  <object>
    <name>trash_can</name>
    <pose>Unspecified</pose>
    <truncated>0</truncated>
    <difficult>0</difficult>
    <bndbox>
      <xmin>1166.36</xmin>
      <ymin>462.19</ymin>
      <xmax>1285.98</xmax>
      <ymax>599.49</ymax>
    </bndbox>
  </object>
</annotation>