<?xml version="1.0" encoding="UTF-8" ?>
<annotation>
  <folder>RGB200W_29984CRL30V00000547_116444762095590349.jpg</folder>
  <filename>RGB200W_29984CRL30V00000547_116444762095590349.jpg</filename>
  <path>http://172.18.39.209:9000/aliimages1999999990/RGB200W_29984CRL30V00000547_116444762095590349.jpg</path>
  <source>
    <database>Unknown</database>
  </source>
  <size>
    <width>642</width>
    <height>362</height>
    <depth>0</depth>
  </size>
  <segmented>0</segmented>
  <object>
    <name>wire</name>
    <pose>Unspecified</pose>
    <truncated>0</truncated>
    <difficult>0</difficult>
    <bndbox>
      <xmin>380.00</xmin>
      <ymin>141.82</ymin>
      <xmax>405.00</xmax>
      <ymax>200.00</ymax>
    </bndbox>
  </object>
  <object>
    <name>wire</name>
    <pose>Unspecified</pose>
    <truncated>0</truncated>
    <difficult>0</difficult>
    <bndbox>
      <xmin>418.64</xmin>
      <ymin>103.64</ymin>
      <xmax>461.82</xmax>
      <ymax>145.00</ymax>
    </bndbox>
  </object>
  <object>
    <name>cabinet</name>
    <pose>Unspecified</pose>
    <truncated>0</truncated>
    <difficult>0</difficult>
    <bndbox>
      <xmin>153.64</xmin>
      <ymin>125.00</ymin>
      <xmax>255.00</xmax>
      <ymax>217.73</ymax>
    </bndbox>
  </object>
  <object>
    <name>bed1</name>
    <pose>Unspecified</pose>
    <truncated>0</truncated>
    <difficult>0</difficult>
    <bndbox>
      <xmin>0.91</xmin>
      <ymin>77.73</ymin>
      <xmax>197.73</xmax>
      <ymax>216.82</ymax>
    </bndbox>
  </object>
</annotation>