<?xml version="1.0" encoding="UTF-8" ?>
<annotation>
  <folder>2021061702</folder>
  <filename>RGB200W_010102104221011_116446679079610005_UP20210617.jpg</filename>
  <path>http://172.18.39.209:9000/aliimages/2021061702/RGB200W_010102104221011_116446679079610005_UP20210617.jpg</path>
  <source>
    <database>Unknown</database>
  </source>
  <size>
    <width>642</width>
    <height>362</height>
    <depth>0</depth>
  </size>
  <segmented>0</segmented>
  <object>
    <name>slipper</name>
    <pose>Unspecified</pose>
    <truncated>0</truncated>
    <difficult>0</difficult>
    <bndbox>
      <xmin>540.45</xmin>
      <ymin>202.73</ymin>
      <xmax>613.18</xmax>
      <ymax>237.27</ymax>
    </bndbox>
  </object>
  <object>
    <name>slipper</name>
    <pose>Unspecified</pose>
    <truncated>0</truncated>
    <difficult>0</difficult>
    <bndbox>
      <xmin>603.18</xmin>
      <ymin>207.27</ymin>
      <xmax>641.36</xmax>
      <ymax>230.45</ymax>
    </bndbox>
  </object>
  <object>
    <name>shoe</name>
    <pose>Unspecified</pose>
    <truncated>0</truncated>
    <difficult>0</difficult>
    <bndbox>
      <xmin>412.73</xmin>
      <ymin>192.27</ymin>
      <xmax>450.00</xmax>
      <ymax>212.73</ymax>
    </bndbox>
  </object>
  <object>
    <name>shoe</name>
    <pose>Unspecified</pose>
    <truncated>0</truncated>
    <difficult>0</difficult>
    <bndbox>
      <xmin>404.09</xmin>
      <ymin>143.18</ymin>
      <xmax>446.36</xmax>
      <ymax>160.91</ymax>
    </bndbox>
  </object>
  <object>
    <name>shoe</name>
    <pose>Unspecified</pose>
    <truncated>0</truncated>
    <difficult>0</difficult>
    <bndbox>
      <xmin>410.45</xmin>
      <ymin>125.00</ymin>
      <xmax>449.55</xmax>
      <ymax>139.09</ymax>
    </bndbox>
  </object>
  <object>
    <name>door_anno</name>
    <pose>Unspecified</pose>
    <truncated>0</truncated>
    <difficult>0</difficult>
    <bndbox>
      <xmin>432.73</xmin>
      <ymin>0.00</ymin>
      <xmax>589.09</xmax>
      <ymax>220.00</ymax>
    </bndbox>
  </object>
  <object>
    <name>&#xd;
cupboard</name>
    <pose>Unspecified</pose>
    <truncated>0</truncated>
    <difficult>0</difficult>
    <bndbox>
      <xmin>253.18</xmin>
      <ymin>161.36</ymin>
      <xmax>281.82</xmax>
      <ymax>214.09</ymax>
    </bndbox>
  </object>
</annotation>