<?xml version="1.0" encoding="UTF-8" ?>
<annotation>
  <folder>RGB200W_202006292202_116444745601863493.jpg</folder>
  <filename>RGB200W_202006292202_116444745601863493.jpg</filename>
  <path>http://172.18.39.209:9000/aliimages1999999999/RGB200W_202006292202_116444745601863493.jpg</path>
  <source>
    <database>Unknown</database>
  </source>
  <size>
    <width>642</width>
    <height>361</height>
    <depth>0</depth>
  </size>
  <segmented>0</segmented>
  <object>
    <name>bed</name>
    <pose>Unspecified</pose>
    <truncated>0</truncated>
    <difficult>0</difficult>
    <bndbox>
      <xmin>420.91</xmin>
      <ymin>0.00</ymin>
      <xmax>641.82</xmax>
      <ymax>194.55</ymax>
    </bndbox>
  </object>
  <object>
    <name>cabinet</name>
    <pose>Unspecified</pose>
    <truncated>0</truncated>
    <difficult>0</difficult>
    <bndbox>
      <xmin>317.27</xmin>
      <ymin>89.55</ymin>
      <xmax>398.64</xmax>
      <ymax>181.36</ymax>
    </bndbox>
  </object>
</annotation>