<?xml version="1.0" encoding="UTF-8" ?>
<annotation>
  <folder>RGB200W_CRL9993I202006069999_1594645314476630.jpg</folder>
  <filename>RGB200W_CRL9993I202006069999_1594645314476630.jpg</filename>
  <path>http://172.18.39.209:9000/aliimages1999999990/RGB200W_CRL9993I202006069999_1594645314476630.jpg</path>
  <source>
    <database>Unknown</database>
  </source>
  <size>
    <width>642</width>
    <height>361</height>
    <depth>0</depth>
  </size>
  <segmented>0</segmented>
  <object>
    <name>cabinet</name>
    <pose>Unspecified</pose>
    <truncated>0</truncated>
    <difficult>0</difficult>
    <bndbox>
      <xmin>538.64</xmin>
      <ymin>0.00</ymin>
      <xmax>641.82</xmax>
      <ymax>232.27</ymax>
    </bndbox>
  </object>
  <object>
    <name>bed</name>
    <pose>Unspecified</pose>
    <truncated>0</truncated>
    <difficult>0</difficult>
    <bndbox>
      <xmin>352.73</xmin>
      <ymin>0.00</ymin>
      <xmax>568.64</xmax>
      <ymax>194.55</ymax>
    </bndbox>
  </object>
</annotation>