<?xml version="1.0" encoding="UTF-8" ?>
<annotation>
  <folder>RGB200W_277985927_116444788103822776.jpg</folder>
  <filename>RGB200W_277985927_116444788103822776.jpg</filename>
  <path>http://172.18.39.209:9000/aliimages1999999990/RGB200W_277985927_116444788103822776.jpg</path>
  <source>
    <database>Unknown</database>
  </source>
  <size>
    <width>642</width>
    <height>361</height>
    <depth>0</depth>
  </size>
  <segmented>0</segmented>
  <object>
    <name>chair_base</name>
    <pose>Unspecified</pose>
    <truncated>0</truncated>
    <difficult>0</difficult>
    <bndbox>
      <xmin>18.18</xmin>
      <ymin>181.36</ymin>
      <xmax>111.82</xmax>
      <ymax>195.91</ymax>
    </bndbox>
  </object>
  <object>
    <name>cabinet</name>
    <pose>Unspecified</pose>
    <truncated>0</truncated>
    <difficult>0</difficult>
    <bndbox>
      <xmin>74.09</xmin>
      <ymin>81.82</ymin>
      <xmax>194.55</xmax>
      <ymax>197.27</ymax>
    </bndbox>
  </object>
</annotation>