<?xml version="1.0" encoding="UTF-8" ?>
<annotation>
  <folder>RGB200W_202006292027_116444741085795439.jpg</folder>
  <filename>RGB200W_202006292027_116444741085795439.jpg</filename>
  <path>http://172.18.39.209:9000/aliimages1999999996/RGB200W_202006292027_116444741085795439.jpg</path>
  <source>
    <database>Unknown</database>
  </source>
  <size>
    <width>642</width>
    <height>361</height>
    <depth>0</depth>
  </size>
  <segmented>0</segmented>
  <object>
    <name>washing_machine</name>
    <pose>Unspecified</pose>
    <truncated>0</truncated>
    <difficult>0</difficult>
    <bndbox>
      <xmin>130.00</xmin>
      <ymin>89.55</ymin>
      <xmax>202.73</xmax>
      <ymax>203.18</ymax>
    </bndbox>
  </object>
  <object>
    <name>door_anno</name>
    <pose>Unspecified</pose>
    <truncated>0</truncated>
    <difficult>0</difficult>
    <bndbox>
      <xmin>267.73</xmin>
      <ymin>0.00</ymin>
      <xmax>325.00</xmax>
      <ymax>206.36</ymax>
    </bndbox>
  </object>
  <object>
    <name>plastic_toy</name>
    <pose>Unspecified</pose>
    <truncated>0</truncated>
    <difficult>0</difficult>
    <bndbox>
      <xmin>15.00</xmin>
      <ymin>172.27</ymin>
      <xmax>112.73</xmax>
      <ymax>212.27</ymax>
    </bndbox>
  </object>
  <object>
    <name>cabinet</name>
    <pose>Unspecified</pose>
    <truncated>0</truncated>
    <difficult>0</difficult>
    <bndbox>
      <xmin>392.27</xmin>
      <ymin>0.00</ymin>
      <xmax>503.18</xmax>
      <ymax>208.18</ymax>
    </bndbox>
  </object>
  <object>
    <name>bed_1</name>
    <pose>Unspecified</pose>
    <truncated>0</truncated>
    <difficult>0</difficult>
    <bndbox>
      <xmin>321.82</xmin>
      <ymin>136.82</ymin>
      <xmax>401.82</xmax>
      <ymax>200.45</ymax>
    </bndbox>
  </object>
</annotation>