<?xml version="1.0" encoding="UTF-8" ?>
<annotation>
  <folder>RGB200W_277985927_116444747529904392.jpg</folder>
  <filename>RGB200W_277985927_116444747529904392.jpg</filename>
  <path>http://172.18.39.209:9000/aliimages1999999996/RGB200W_277985927_116444747529904392.jpg</path>
  <source>
    <database>Unknown</database>
  </source>
  <size>
    <width>642</width>
    <height>361</height>
    <depth>0</depth>
  </size>
  <segmented>0</segmented>
  <object>
    <name>cabinet</name>
    <pose>Unspecified</pose>
    <truncated>0</truncated>
    <difficult>0</difficult>
    <bndbox>
      <xmin>258.18</xmin>
      <ymin>103.18</ymin>
      <xmax>325.45</xmax>
      <ymax>198.18</ymax>
    </bndbox>
  </object>
</annotation>