<?xml version="1.0" encoding="UTF-8" ?>
<annotation>
  <folder>RGB200W_CRL9993I202006069999_1594643450256534.jpg</folder>
  <filename>RGB200W_CRL9993I202006069999_1594643450256534.jpg</filename>
  <path>http://172.18.39.209:9000/aliimages1999999983/RGB200W_CRL9993I202006069999_1594643450256534.jpg</path>
  <source>
    <database>Unknown</database>
  </source>
  <size>
    <width>642</width>
    <height>361</height>
    <depth>0</depth>
  </size>
  <segmented>0</segmented>
  <object>
    <name>cabinet</name>
    <pose>Unspecified</pose>
    <truncated>0</truncated>
    <difficult>0</difficult>
    <bndbox>
      <xmin>313.18</xmin>
      <ymin>132.27</ymin>
      <xmax>369.55</xmax>
      <ymax>200.00</ymax>
    </bndbox>
  </object>
  <object>
    <name>bed</name>
    <pose>Unspecified</pose>
    <truncated>0</truncated>
    <difficult>0</difficult>
    <bndbox>
      <xmin>415.45</xmin>
      <ymin>0.00</ymin>
      <xmax>641.82</xmax>
      <ymax>200.45</ymax>
    </bndbox>
  </object>
</annotation>