<?xml version="1.0" encoding="UTF-8" ?>
<annotation>
  <folder>RGB200W_277985927_116444754375252218.jpg</folder>
  <filename>RGB200W_277985927_116444754375252218.jpg</filename>
  <path>http://172.18.39.209:9000/aliimages1999999990/RGB200W_277985927_116444754375252218.jpg</path>
  <source>
    <database>Unknown</database>
  </source>
  <size>
    <width>642</width>
    <height>361</height>
    <depth>0</depth>
  </size>
  <segmented>0</segmented>
  <object>
    <name>cabinet</name>
    <pose>Unspecified</pose>
    <truncated>0</truncated>
    <difficult>0</difficult>
    <bndbox>
      <xmin>228.64</xmin>
      <ymin>0.00</ymin>
      <xmax>338.18</xmax>
      <ymax>270.91</ymax>
    </bndbox>
  </object>
  <object>
    <name>door_anno</name>
    <pose>Unspecified</pose>
    <truncated>0</truncated>
    <difficult>0</difficult>
    <bndbox>
      <xmin>176.82</xmin>
      <ymin>25.91</ymin>
      <xmax>247.73</xmax>
      <ymax>233.18</ymax>
    </bndbox>
  </object>
  <object>
    <name>wire</name>
    <pose>Unspecified</pose>
    <truncated>0</truncated>
    <difficult>0</difficult>
    <bndbox>
      <xmin>228.18</xmin>
      <ymin>37.73</ymin>
      <xmax>267.27</xmax>
      <ymax>170.00</ymax>
    </bndbox>
  </object>
  <object>
    <name>wire</name>
    <pose>Unspecified</pose>
    <truncated>0</truncated>
    <difficult>0</difficult>
    <bndbox>
      <xmin>116.82</xmin>
      <ymin>105.45</ymin>
      <xmax>191.82</xmax>
      <ymax>225.45</ymax>
    </bndbox>
  </object>
</annotation>