<?xml version="1.0" encoding="UTF-8" ?>
<annotation>
  <folder>RGB200W_CRL9993I202006069999_1594646041102370.jpg</folder>
  <filename>RGB200W_CRL9993I202006069999_1594646041102370.jpg</filename>
  <path>http://172.18.39.209:9000/aliimages1999999999/RGB200W_CRL9993I202006069999_1594646041102370.jpg</path>
  <source>
    <database>Unknown</database>
  </source>
  <size>
    <width>642</width>
    <height>361</height>
    <depth>0</depth>
  </size>
  <segmented>0</segmented>
  <object>
    <name>refrigerator</name>
    <pose>Unspecified</pose>
    <truncated>0</truncated>
    <difficult>0</difficult>
    <bndbox>
      <xmin>136.36</xmin>
      <ymin>0.00</ymin>
      <xmax>250.45</xmax>
      <ymax>227.27</ymax>
    </bndbox>
  </object>
  <object>
    <name>cabinet</name>
    <pose>Unspecified</pose>
    <truncated>0</truncated>
    <difficult>0</difficult>
    <bndbox>
      <xmin>34.09</xmin>
      <ymin>118.64</ymin>
      <xmax>125.45</xmax>
      <ymax>222.27</ymax>
    </bndbox>
  </object>
</annotation>