<?xml version="1.0" encoding="UTF-8" ?>
<annotation>
  <folder>RGB200W_CRL9993I202006069999_1591690860993358.jpg</folder>
  <filename>RGB200W_CRL9993I202006069999_1591690860993358.jpg</filename>
  <path>http://172.18.39.209:9000/aliimages1999999999/RGB200W_CRL9993I202006069999_1591690860993358.jpg</path>
  <source>
    <database>Unknown</database>
  </source>
  <size>
    <width>642</width>
    <height>361</height>
    <depth>0</depth>
  </size>
  <segmented>0</segmented>
  <object>
    <name>bed</name>
    <pose>Unspecified</pose>
    <truncated>0</truncated>
    <difficult>0</difficult>
    <bndbox>
      <xmin>265.45</xmin>
      <ymin>0.00</ymin>
      <xmax>641.82</xmax>
      <ymax>235.00</ymax>
    </bndbox>
  </object>
  <object>
    <name>cabinet</name>
    <pose>Unspecified</pose>
    <truncated>0</truncated>
    <difficult>0</difficult>
    <bndbox>
      <xmin>93.18</xmin>
      <ymin>0.00</ymin>
      <xmax>321.82</xmax>
      <ymax>241.36</ymax>
    </bndbox>
  </object>
  <object>
    <name>weight_scale</name>
    <pose>Unspecified</pose>
    <truncated>0</truncated>
    <difficult>0</difficult>
    <bndbox>
      <xmin>160.91</xmin>
      <ymin>214.55</ymin>
      <xmax>298.64</xmax>
      <ymax>237.73</ymax>
    </bndbox>
  </object>
</annotation>