<?xml version="1.0" encoding="UTF-8" ?>
<annotation>
  <folder>2022012502</folder>
  <filename>RGB200W_29984CRL30V00066387_1637730294_2517.jpg</filename>
  <path>http://172.18.39.209:9000/aliimages/2022012502/RGB200W_29984CRL30V00066387_1637730294_2517.jpg</path>
  <source>
    <database>Unknown</database>
  </source>
  <size>
    <width>642</width>
    <height>362</height>
    <depth>0</depth>
  </size>
  <segmented>0</segmented>
  <object>
    <name>door_anno</name>
    <pose>Unspecified</pose>
    <truncated>0</truncated>
    <difficult>0</difficult>
    <bndbox>
      <xmin>0.45</xmin>
      <ymin>0.00</ymin>
      <xmax>159.55</xmax>
      <ymax>211.82</ymax>
    </bndbox>
  </object>
  <object>
    <name>cabinet</name>
    <pose>Unspecified</pose>
    <truncated>0</truncated>
    <difficult>0</difficult>
    <bndbox>
      <xmin>373.64</xmin>
      <ymin>153.64</ymin>
      <xmax>446.36</xmax>
      <ymax>215.91</ymax>
    </bndbox>
  </object>
  <object>
    <name>bed</name>
    <pose>Unspecified</pose>
    <truncated>0</truncated>
    <difficult>0</difficult>
    <bndbox>
      <xmin>429.55</xmin>
      <ymin>0.45</ymin>
      <xmax>641.36</xmax>
      <ymax>266.82</ymax>
    </bndbox>
  </object>
</annotation>