<?xml version="1.0" encoding="UTF-8" ?>
<annotation>
  <folder>RGB200W_277985927_116444899654376465.jpg</folder>
  <filename>RGB200W_277985927_116444899654376465.jpg</filename>
  <path>http://172.18.39.209:9000/aliimages1999999996/RGB200W_277985927_116444899654376465.jpg</path>
  <source>
    <database>Unknown</database>
  </source>
  <size>
    <width>642</width>
    <height>361</height>
    <depth>0</depth>
  </size>
  <segmented>0</segmented>
  <object>
    <name>slipper</name>
    <pose>Unspecified</pose>
    <truncated>0</truncated>
    <difficult>0</difficult>
    <bndbox>
      <xmin>359.55</xmin>
      <ymin>177.73</ymin>
      <xmax>473.18</xmax>
      <ymax>228.18</ymax>
    </bndbox>
  </object>
  <object>
    <name>bed_1</name>
    <pose>Unspecified</pose>
    <truncated>0</truncated>
    <difficult>0</difficult>
    <bndbox>
      <xmin>266.82</xmin>
      <ymin>0.00</ymin>
      <xmax>641.82</xmax>
      <ymax>227.27</ymax>
    </bndbox>
  </object>
  <object>
    <name>chair_base</name>
    <pose>Unspecified</pose>
    <truncated>0</truncated>
    <difficult>0</difficult>
    <bndbox>
      <xmin>144.09</xmin>
      <ymin>183.64</ymin>
      <xmax>210.91</xmax>
      <ymax>199.55</ymax>
    </bndbox>
  </object>
  <object>
    <name>cabinet</name>
    <pose>Unspecified</pose>
    <truncated>0</truncated>
    <difficult>0</difficult>
    <bndbox>
      <xmin>0.00</xmin>
      <ymin>0.00</ymin>
      <xmax>177.73</xmax>
      <ymax>200.45</ymax>
    </bndbox>
  </object>
</annotation>