<?xml version="1.0" encoding="UTF-8" ?>
<annotation>
  <folder>RGB200W_277985947_116444738867496525.jpg</folder>
  <filename>RGB200W_277985947_116444738867496525.jpg</filename>
  <path>http://172.18.39.209:9000/aliimages1999999965/RGB200W_277985947_116444738867496525.jpg</path>
  <source>
    <database>Unknown</database>
  </source>
  <size>
    <width>642</width>
    <height>361</height>
    <depth>0</depth>
  </size>
  <segmented>0</segmented>
  <object>
    <name>dining_table</name>
    <pose>Unspecified</pose>
    <truncated>0</truncated>
    <difficult>0</difficult>
    <bndbox>
      <xmin>290.45</xmin>
      <ymin>76.82</ymin>
      <xmax>450.91</xmax>
      <ymax>214.55</ymax>
    </bndbox>
  </object>
  <object>
    <name>cabinet</name>
    <pose>Unspecified</pose>
    <truncated>0</truncated>
    <difficult>0</difficult>
    <bndbox>
      <xmin>533.64</xmin>
      <ymin>50.45</ymin>
      <xmax>641.82</xmax>
      <ymax>219.09</ymax>
    </bndbox>
  </object>
</annotation>