<?xml version="1.0" encoding="UTF-8" ?>
<annotation>
  <folder>RGB200W_277985927_116444771138963533.jpg</folder>
  <filename>RGB200W_277985927_116444771138963533.jpg</filename>
  <path>http://172.18.39.209:9000/aliimages1999999990/RGB200W_277985927_116444771138963533.jpg</path>
  <source>
    <database>Unknown</database>
  </source>
  <size>
    <width>642</width>
    <height>361</height>
    <depth>0</depth>
  </size>
  <segmented>0</segmented>
  <object>
    <name>shoe</name>
    <pose>Unspecified</pose>
    <truncated>0</truncated>
    <difficult>0</difficult>
    <bndbox>
      <xmin>259.09</xmin>
      <ymin>142.73</ymin>
      <xmax>346.82</xmax>
      <ymax>209.55</ymax>
    </bndbox>
  </object>
  <object>
    <name>wire</name>
    <pose>Unspecified</pose>
    <truncated>0</truncated>
    <difficult>0</difficult>
    <bndbox>
      <xmin>395.00</xmin>
      <ymin>199.55</ymin>
      <xmax>492.73</xmax>
      <ymax>220.00</ymax>
    </bndbox>
  </object>
  <object>
    <name>cabinet</name>
    <pose>Unspecified</pose>
    <truncated>0</truncated>
    <difficult>0</difficult>
    <bndbox>
      <xmin>406.36</xmin>
      <ymin>40.00</ymin>
      <xmax>618.64</xmax>
      <ymax>213.18</ymax>
    </bndbox>
  </object>
</annotation>