<?xml version="1.0" encoding="UTF-8" ?>
<annotation>
  <folder>RGB200W_CRL9993I202006069999_1591690581722837.jpg</folder>
  <filename>RGB200W_CRL9993I202006069999_1591690581722837.jpg</filename>
  <path>http://172.18.39.209:9000/aliimages1999999984/RGB200W_CRL9993I202006069999_1591690581722837.jpg</path>
  <source>
    <database>Unknown</database>
  </source>
  <size>
    <width>642</width>
    <height>361</height>
    <depth>0</depth>
  </size>
  <segmented>0</segmented>
  <object>
    <name>cabinet</name>
    <pose>Unspecified</pose>
    <truncated>0</truncated>
    <difficult>0</difficult>
    <bndbox>
      <xmin>473.64</xmin>
      <ymin>52.73</ymin>
      <xmax>591.82</xmax>
      <ymax>212.73</ymax>
    </bndbox>
  </object>
  <object>
    <name>bed</name>
    <pose>Unspecified</pose>
    <truncated>0</truncated>
    <difficult>0</difficult>
    <bndbox>
      <xmin>225.00</xmin>
      <ymin>5.00</ymin>
      <xmax>480.45</xmax>
      <ymax>212.73</ymax>
    </bndbox>
  </object>
</annotation>