<?xml version="1.0" encoding="UTF-8" ?>
<annotation>
  <folder>RGB200W_202006292025_116444748709344837.jpg</folder>
  <filename>RGB200W_202006292025_116444748709344837.jpg</filename>
  <path>http://172.18.39.209:9000/aliimages1999999996/RGB200W_202006292025_116444748709344837.jpg</path>
  <source>
    <database>Unknown</database>
  </source>
  <size>
    <width>642</width>
    <height>361</height>
    <depth>0</depth>
  </size>
  <segmented>0</segmented>
  <object>
    <name>cabinet</name>
    <pose>Unspecified</pose>
    <truncated>0</truncated>
    <difficult>0</difficult>
    <bndbox>
      <xmin>137.27</xmin>
      <ymin>75.00</ymin>
      <xmax>163.64</xmax>
      <ymax>190.00</ymax>
    </bndbox>
  </object>
</annotation>