<?xml version="1.0" encoding="UTF-8" ?>
<annotation>
  <folder>RGB200W_202006292030_116444756499672283.jpg</folder>
  <filename>RGB200W_202006292030_116444756499672283.jpg</filename>
  <path>http://172.18.39.209:9000/aliimages1999999996/RGB200W_202006292030_116444756499672283.jpg</path>
  <source>
    <database>Unknown</database>
  </source>
  <size>
    <width>642</width>
    <height>361</height>
    <depth>0</depth>
  </size>
  <segmented>0</segmented>
  <object>
    <name>slipper</name>
    <pose>Unspecified</pose>
    <truncated>0</truncated>
    <difficult>0</difficult>
    <bndbox>
      <xmin>347.73</xmin>
      <ymin>195.00</ymin>
      <xmax>424.55</xmax>
      <ymax>230.00</ymax>
    </bndbox>
  </object>
  <object>
    <name>door_anno</name>
    <pose>Unspecified</pose>
    <truncated>0</truncated>
    <difficult>0</difficult>
    <bndbox>
      <xmin>119.09</xmin>
      <ymin>54.55</ymin>
      <xmax>192.73</xmax>
      <ymax>195.45</ymax>
    </bndbox>
  </object>
  <object>
    <name>slipper</name>
    <pose>Unspecified</pose>
    <truncated>0</truncated>
    <difficult>0</difficult>
    <bndbox>
      <xmin>242.73</xmin>
      <ymin>172.27</ymin>
      <xmax>295.00</xmax>
      <ymax>217.27</ymax>
    </bndbox>
  </object>
  <object>
    <name>slipper</name>
    <pose>Unspecified</pose>
    <truncated>0</truncated>
    <difficult>0</difficult>
    <bndbox>
      <xmin>296.82</xmin>
      <ymin>173.18</ymin>
      <xmax>335.91</xmax>
      <ymax>220.00</ymax>
    </bndbox>
  </object>
  <object>
    <name>cabinet</name>
    <pose>Unspecified</pose>
    <truncated>0</truncated>
    <difficult>0</difficult>
    <bndbox>
      <xmin>286.82</xmin>
      <ymin>0.00</ymin>
      <xmax>452.27</xmax>
      <ymax>205.00</ymax>
    </bndbox>
  </object>
  <object>
    <name>refrigerator_1</name>
    <pose>Unspecified</pose>
    <truncated>0</truncated>
    <difficult>0</difficult>
    <bndbox>
      <xmin>174.55</xmin>
      <ymin>94.55</ymin>
      <xmax>210.00</xmax>
      <ymax>197.27</ymax>
    </bndbox>
  </object>
</annotation>