<?xml version="1.0" encoding="UTF-8" ?>
<annotation>
  <folder>RGB200W_010102104221029_116445311020593328.jpg</folder>
  <filename>RGB200W_010102104221029_116445311020593328.jpg</filename>
  <path>http://172.18.39.209:9000/aliimages1999999986/RGB200W_010102104221029_116445311020593328.jpg</path>
  <source>
    <database>Unknown</database>
  </source>
  <size>
    <width>642</width>
    <height>362</height>
    <depth>0</depth>
  </size>
  <segmented>0</segmented>
  <object>
    <name>bed</name>
    <pose>Unspecified</pose>
    <truncated>0</truncated>
    <difficult>0</difficult>
    <bndbox>
      <xmin>16.82</xmin>
      <ymin>100.91</ymin>
      <xmax>335.91</xmax>
      <ymax>220.00</ymax>
    </bndbox>
  </object>
  <object>
    <name>cabinet</name>
    <pose>Unspecified</pose>
    <truncated>0</truncated>
    <difficult>0</difficult>
    <bndbox>
      <xmin>308.64</xmin>
      <ymin>161.82</ymin>
      <xmax>372.73</xmax>
      <ymax>221.82</ymax>
    </bndbox>
  </object>
</annotation>