<?xml version="1.0" encoding="UTF-8" ?>
<annotation>
  <folder>2022011501</folder>
  <filename>RGB200W_29984CRL30V00061993_1637729043_14220.jpg</filename>
  <path>http://172.18.39.209:9000/aliimages/2022011501/RGB200W_29984CRL30V00061993_1637729043_14220.jpg</path>
  <source>
    <database>Unknown</database>
  </source>
  <size>
    <width>642</width>
    <height>362</height>
    <depth>0</depth>
  </size>
  <segmented>0</segmented>
  <object>
    <name>cabinet</name>
    <pose>Unspecified</pose>
    <truncated>0</truncated>
    <difficult>0</difficult>
    <bndbox>
      <xmin>399.09</xmin>
      <ymin>106.36</ymin>
      <xmax>498.64</xmax>
      <ymax>205.45</ymax>
    </bndbox>
  </object>
  <object>
    <name>bed</name>
    <pose>Unspecified</pose>
    <truncated>0</truncated>
    <difficult>0</difficult>
    <bndbox>
      <xmin>482.27</xmin>
      <ymin>0.91</ymin>
      <xmax>640.45</xmax>
      <ymax>203.64</ymax>
    </bndbox>
  </object>
</annotation>