<?xml version="1.0" encoding="UTF-8" ?>
<annotation>
  <folder>RGB200W_277985919_116445651689863424.jpg</folder>
  <filename>RGB200W_277985919_116445651689863424.jpg</filename>
  <path>http://172.18.39.209:9000/aliimages1999999996/RGB200W_277985919_116445651689863424.jpg</path>
  <source>
    <database>Unknown</database>
  </source>
  <size>
    <width>642</width>
    <height>361</height>
    <depth>0</depth>
  </size>
  <segmented>0</segmented>
  <object>
    <name>slipper</name>
    <pose>Unspecified</pose>
    <truncated>0</truncated>
    <difficult>0</difficult>
    <bndbox>
      <xmin>462.27</xmin>
      <ymin>213.64</ymin>
      <xmax>556.82</xmax>
      <ymax>244.09</ymax>
    </bndbox>
  </object>
  <object>
    <name>bed_1</name>
    <pose>Unspecified</pose>
    <truncated>0</truncated>
    <difficult>0</difficult>
    <bndbox>
      <xmin>409.55</xmin>
      <ymin>0.00</ymin>
      <xmax>641.82</xmax>
      <ymax>249.55</ymax>
    </bndbox>
  </object>
  <object>
    <name>cabinet</name>
    <pose>Unspecified</pose>
    <truncated>0</truncated>
    <difficult>0</difficult>
    <bndbox>
      <xmin>238.64</xmin>
      <ymin>31.82</ymin>
      <xmax>437.73</xmax>
      <ymax>233.18</ymax>
    </bndbox>
  </object>
  <object>
    <name>wire</name>
    <pose>Unspecified</pose>
    <truncated>0</truncated>
    <difficult>0</difficult>
    <bndbox>
      <xmin>386.36</xmin>
      <ymin>98.64</ymin>
      <xmax>465.45</xmax>
      <ymax>190.91</ymax>
    </bndbox>
  </object>
  <object>
    <name>wire</name>
    <pose>Unspecified</pose>
    <truncated>0</truncated>
    <difficult>0</difficult>
    <bndbox>
      <xmin>265.00</xmin>
      <ymin>129.09</ymin>
      <xmax>328.18</xmax>
      <ymax>193.18</ymax>
    </bndbox>
  </object>
</annotation>