<?xml version="1.0" encoding="UTF-8" ?>
<annotation>
  <folder>RGB200W_29984_99999962_116444984337615863.jpg</folder>
  <filename>RGB200W_29984_99999962_116444984337615863.jpg</filename>
  <path>http://172.18.39.209:9000/aliimages1999999998/RGB200W_29984_99999962_116444984337615863.jpg</path>
  <source>
    <database>Unknown</database>
  </source>
  <size>
    <width>642</width>
    <height>362</height>
    <depth>0</depth>
  </size>
  <segmented>0</segmented>
  <object>
    <name>bed</name>
    <pose>Unspecified</pose>
    <truncated>0</truncated>
    <difficult>0</difficult>
    <bndbox>
      <xmin>0.91</xmin>
      <ymin>85.00</ymin>
      <xmax>282.73</xmax>
      <ymax>236.82</ymax>
    </bndbox>
  </object>
  <object>
    <name>cabinet</name>
    <pose>Unspecified</pose>
    <truncated>0</truncated>
    <difficult>0</difficult>
    <bndbox>
      <xmin>252.73</xmin>
      <ymin>170.91</ymin>
      <xmax>310.00</xmax>
      <ymax>213.64</ymax>
    </bndbox>
  </object>
</annotation>