<?xml version="1.0" encoding="UTF-8" ?>
<annotation>
  <folder>RGB200W_277985947_116444752269458768.jpg</folder>
  <filename>RGB200W_277985947_116444752269458768.jpg</filename>
  <path>http://172.18.39.209:9000/aliimages1999999990/RGB200W_277985947_116444752269458768.jpg</path>
  <source>
    <database>Unknown</database>
  </source>
  <size>
    <width>642</width>
    <height>361</height>
    <depth>0</depth>
  </size>
  <segmented>0</segmented>
  <object>
    <name>TV_stand</name>
    <pose>Unspecified</pose>
    <truncated>0</truncated>
    <difficult>0</difficult>
    <bndbox>
      <xmin>0.00</xmin>
      <ymin>0.00</ymin>
      <xmax>280.45</xmax>
      <ymax>224.09</ymax>
    </bndbox>
  </object>
  <object>
    <name>sofa</name>
    <pose>Unspecified</pose>
    <truncated>0</truncated>
    <difficult>0</difficult>
    <bndbox>
      <xmin>490.91</xmin>
      <ymin>104.55</ymin>
      <xmax>616.36</xmax>
      <ymax>215.45</ymax>
    </bndbox>
  </object>
  <object>
    <name>cabinet</name>
    <pose>Unspecified</pose>
    <truncated>0</truncated>
    <difficult>0</difficult>
    <bndbox>
      <xmin>280.45</xmin>
      <ymin>158.18</ymin>
      <xmax>311.82</xmax>
      <ymax>206.82</ymax>
    </bndbox>
  </object>
</annotation>