<?xml version="1.0" encoding="UTF-8" ?>
<annotation>
  <folder>RGB200W_CRL9993I202006069999_1594646285771412.jpg</folder>
  <filename>RGB200W_CRL9993I202006069999_1594646285771412.jpg</filename>
  <path>http://172.18.39.209:9000/aliimages1999999984/RGB200W_CRL9993I202006069999_1594646285771412.jpg</path>
  <source>
    <database>Unknown</database>
  </source>
  <size>
    <width>642</width>
    <height>361</height>
    <depth>0</depth>
  </size>
  <segmented>0</segmented>
  <object>
    <name>cabinet</name>
    <pose>Unspecified</pose>
    <truncated>0</truncated>
    <difficult>0</difficult>
    <bndbox>
      <xmin>364.55</xmin>
      <ymin>126.36</ymin>
      <xmax>444.09</xmax>
      <ymax>201.36</ymax>
    </bndbox>
  </object>
  <object>
    <name>bed</name>
    <pose>Unspecified</pose>
    <truncated>0</truncated>
    <difficult>0</difficult>
    <bndbox>
      <xmin>416.36</xmin>
      <ymin>6.36</ymin>
      <xmax>641.82</xmax>
      <ymax>202.73</ymax>
    </bndbox>
  </object>
</annotation>