<?xml version="1.0" encoding="UTF-8" ?>
<annotation>
  <folder>2021122503</folder>
  <filename>RGB200W_29984CRL30V00066363_1637386511_4749.jpg</filename>
  <path>http://172.18.39.209:9000/aliimages/2021122503/RGB200W_29984CRL30V00066363_1637386511_4749.jpg</path>
  <source>
    <database>Unknown</database>
  </source>
  <size>
    <width>642</width>
    <height>362</height>
    <depth>0</depth>
  </size>
  <segmented>0</segmented>
  <object>
    <name>cabinet</name>
    <pose>Unspecified</pose>
    <truncated>0</truncated>
    <difficult>0</difficult>
    <bndbox>
      <xmin>161.82</xmin>
      <ymin>56.82</ymin>
      <xmax>300.00</xmax>
      <ymax>219.09</ymax>
    </bndbox>
  </object>
  <object>
    <name>bed1</name>
    <pose>Unspecified</pose>
    <truncated>0</truncated>
    <difficult>0</difficult>
    <bndbox>
      <xmin>244.55</xmin>
      <ymin>9.09</ymin>
      <xmax>641.82</xmax>
      <ymax>187.27</ymax>
    </bndbox>
  </object>
</annotation>