<?xml version="1.0" encoding="UTF-8" ?>
<annotation>
  <folder>RGB200W_277985947_116444744183242866.jpg</folder>
  <filename>RGB200W_277985947_116444744183242866.jpg</filename>
  <path>http://172.18.39.209:9000/aliimages1999999983/RGB200W_277985947_116444744183242866.jpg</path>
  <source>
    <database>Unknown</database>
  </source>
  <size>
    <width>642</width>
    <height>361</height>
    <depth>0</depth>
  </size>
  <segmented>0</segmented>
  <object>
    <name>TV_stand</name>
    <pose>Unspecified</pose>
    <truncated>0</truncated>
    <difficult>0</difficult>
    <bndbox>
      <xmin>184.09</xmin>
      <ymin>151.82</ymin>
      <xmax>352.27</xmax>
      <ymax>211.36</ymax>
    </bndbox>
  </object>
  <object>
    <name>cabinet</name>
    <pose>Unspecified</pose>
    <truncated>0</truncated>
    <difficult>0</difficult>
    <bndbox>
      <xmin>350.91</xmin>
      <ymin>175.91</ymin>
      <xmax>377.73</xmax>
      <ymax>209.55</ymax>
    </bndbox>
  </object>
  <object>
    <name>cabinet</name>
    <pose>Unspecified</pose>
    <truncated>0</truncated>
    <difficult>0</difficult>
    <bndbox>
      <xmin>0.00</xmin>
      <ymin>63.64</ymin>
      <xmax>165.45</xmax>
      <ymax>214.55</ymax>
    </bndbox>
  </object>
  <object>
    <name>sofa</name>
    <pose>Unspecified</pose>
    <truncated>0</truncated>
    <difficult>0</difficult>
    <bndbox>
      <xmin>411.36</xmin>
      <ymin>0.00</ymin>
      <xmax>641.82</xmax>
      <ymax>227.27</ymax>
    </bndbox>
  </object>
</annotation>